ctable,country,year,isic,isiccomb,value,utable,source,unit
14,076,1996,151,151,1000,12,1,$
14,076,1996,1511,1511,NA,12,0,$
14,076,1996,1512,1512,NA,12,0,$
14,076,1996,1513,1513,NA,12,0,$
14,076,1996,1514,1514,NA,12,0,$
14,076,1996,1520,1520,1000,12,1,$
14,076,1996,153,153,1000,12,1,$
14,076,1996,1531,1531,NA,12,0,$
14,076,1996,1532,1532,NA,12,0,$
14,076,1996,1533,1533,NA,12,0,$
14,076,1996,154,154,1000,12,1,$
14,076,1996,1541,1541,NA,12,0,$
14,076,1996,1542,1542,NA,12,0,$
14,076,1996,1543,1543,NA,12,0,$
14,076,1996,1544,1544,NA,12,0,$
14,076,1996,1549,1549,NA,12,0,$
14,076,1996,155,155,1000,12,1,$
14,076,1996,1551,1551,NA,12,0,$
14,076,1996,1552,1552,NA,12,0,$
14,076,1996,1553,1553,NA,12,0,$
14,076,1996,1554,1554,NA,12,0,$
14,076,1996,1600,1600,1000,12,1,$
14,076,1996,171,171,1000,12,1,$
14,076,1996,1711,1711,NA,12,0,$
14,076,1996,1712,1712,NA,12,0,$
14,076,1996,172,172,1000,12,1,$
14,076,1996,1721,1721,NA,12,0,$
14,076,1996,1722,1722,NA,12,0,$
14,076,1996,1723,1723,NA,12,0,$
14,076,1996,1729,1729,NA,12,0,$
14,076,1996,1730,1730,1000,12,1,$
14,076,1996,1810,1810A,1000,12,1,$
14,076,1996,1820,1810A,NA,12,1,$
14,076,1996,191,191,1000,12,1,$
14,076,1996,1911,1911,NA,12,0,$
14,076,1996,1912,1912,NA,12,0,$
14,076,1996,1920,1920,1000,12,1,$
14,076,1996,2010,2010,1000,12,1,$
14,076,1996,202,202,1000,12,1,$
14,076,1996,2021,2021,NA,12,0,$
14,076,1996,2022,2022,NA,12,0,$
14,076,1996,2023,2023,NA,12,0,$
14,076,1996,2029,2029,NA,12,0,$
14,076,1996,210,210,1000,12,1,$
14,076,1996,2101,2101,NA,12,0,$
14,076,1996,2102,2102,NA,12,0,$
14,076,1996,2109,2109,NA,12,0,$
14,076,1996,221,221,1000,12,1,$
14,076,1996,2211,2211,NA,12,0,$
14,076,1996,2212,2212,NA,12,0,$
14,076,1996,2213,2213,NA,12,0,$
14,076,1996,2219,2219,NA,12,0,$
14,076,1996,222,222,1000,12,1,$
14,076,1996,2221,2221,NA,12,0,$
14,076,1996,2222,2222,NA,12,0,$
14,076,1996,2230,2230,1000,12,1,$
14,076,1996,2310,2310,1000,12,1,$
14,076,1996,2320,2320,1000,12,1,$
14,076,1996,2330,2330,NA,12,0,$
14,076,1996,241,241,1000,12,1,$
14,076,1996,2411,2411,NA,12,0,$
14,076,1996,2412,2412,NA,12,0,$
14,076,1996,2413,2413,NA,12,0,$
14,076,1996,242,242,1000,12,1,$
14,076,1996,2421,2421,NA,12,0,$
14,076,1996,2422,2422,NA,12,0,$
14,076,1996,2423,2423,NA,12,0,$
14,076,1996,2424,2424,NA,12,0,$
14,076,1996,2429,2429,NA,12,0,$
14,076,1996,2430,2430,1000,12,1,$
14,076,1996,251,251,1000,12,1,$
14,076,1996,2511,2511,NA,12,0,$
14,076,1996,2519,2519,NA,12,0,$
14,076,1996,2520,2520,1000,12,1,$
14,076,1996,2610,2610,1000,12,1,$
14,076,1996,269,269,1000,12,1,$
14,076,1996,2691,2691,NA,12,0,$
14,076,1996,2692,2692,NA,12,0,$
14,076,1996,2693,2693,NA,12,0,$
14,076,1996,2694,2694,NA,12,0,$
14,076,1996,2695,2695,NA,12,0,$
14,076,1996,2696,2696,NA,12,0,$
14,076,1996,2699,2699,NA,12,0,$
14,076,1996,2710,2710,1000,12,1,$
14,076,1996,2720,2720,1000,12,1,$
14,076,1996,273,273,1000,12,1,$
14,076,1996,2731,2731,NA,12,0,$
14,076,1996,2732,2732,NA,12,0,$
14,076,1996,281,281,1000,12,1,$
14,076,1996,2811,2811,NA,12,0,$
14,076,1996,2812,2812,NA,12,0,$
14,076,1996,2813,2813,NA,12,0,$
14,076,1996,289,289,1000,12,1,$
14,076,1996,2891,2891,NA,12,0,$
14,076,1996,2892,2892,NA,12,0,$
14,076,1996,2893,2893,NA,12,0,$
14,076,1996,2899,2899,NA,12,0,$
14,076,1996,291,291,1000,12,1,$
14,076,1996,2911,2911,NA,12,0,$
14,076,1996,2912,2912,NA,12,0,$
14,076,1996,2913,2913,NA,12,0,$
14,076,1996,2914,2914,NA,12,0,$
14,076,1996,2915,2915,NA,12,0,$
14,076,1996,2919,2919,NA,12,0,$
14,076,1996,292,292,1000,12,1,$
14,076,1996,2921,2921,NA,12,0,$
14,076,1996,2922,2922,NA,12,0,$
14,076,1996,2923,2923,NA,12,0,$
14,076,1996,2924,2924,NA,12,0,$
14,076,1996,2925,2925,NA,12,0,$
14,076,1996,2926,2926,NA,12,0,$
14,076,1996,2927,2927,NA,12,0,$
14,076,1996,2929,2929,NA,12,0,$
14,076,1996,2930,2930,1000,12,1,$
14,076,1996,3000,3000,1000,12,1,$
14,076,1996,3110,3110,1000,12,1,$
14,076,1996,3120,3120,1000,12,1,$
14,076,1996,3130,3130,1000,12,1,$
14,076,1996,3140,3140,1000,12,1,$
14,076,1996,3150,3150,1000,12,1,$
14,076,1996,3190,3190,1000,12,1,$
14,076,1996,3210,3210,1000,12,1,$
14,076,1996,3220,3220,1000,12,1,$
14,076,1996,3230,3230,1000,12,1,$
14,076,1996,331,331,1000,12,1,$
14,076,1996,3311,3311,NA,12,0,$
14,076,1996,3312,3312,NA,12,0,$
14,076,1996,3313,3313,NA,12,0,$
14,076,1996,3320,3320,1000,12,1,$
14,076,1996,3330,3330,1000,12,1,$
14,076,1996,3410,3410,1000,12,1,$
14,076,1996,3420,3420,1000,12,1,$
14,076,1996,3430,3430,1000,12,1,$
14,076,1996,351,351,1000,12,1,$
14,076,1996,3511,3511,NA,12,0,$
14,076,1996,3512,3512,NA,12,0,$
14,076,1996,3520,3520,1000,12,1,$
14,076,1996,3530,3530,1000,12,1,$
14,076,1996,359,359,1000,12,1,$
14,076,1996,3591,3591,NA,12,0,$
14,076,1996,3592,3592,NA,12,0,$
14,076,1996,3599,3599,NA,12,0,$
14,076,1996,3610,3610,1000,12,1,$
14,076,1996,369,369,1000,12,1,$
14,076,1996,3691,3691,NA,12,0,$
14,076,1996,3692,3692,NA,12,0,$
14,076,1996,3693,3693,NA,12,0,$
14,076,1996,3694,3694,NA,12,0,$
14,076,1996,3699,3699,NA,12,0,$
14,076,1996,3710,3710,1000,12,1,$
14,076,1996,3720,3720,1000,12,1,$
14,076,1997,151,151,1000,12,1,$
14,076,1997,1511,1511,NA,12,0,$
14,076,1997,1512,1512,NA,12,0,$
14,076,1997,1513,1513,NA,12,0,$
14,076,1997,1514,1514,NA,12,0,$
14,076,1997,1520,1520,1000,12,1,$
14,076,1997,153,153,1000,12,1,$
14,076,1997,1531,1531,NA,12,0,$
14,076,1997,1532,1532,NA,12,0,$
14,076,1997,1533,1533,NA,12,0,$
14,076,1997,154,154,1000,12,1,$
14,076,1997,1541,1541,NA,12,0,$
14,076,1997,1542,1542,NA,12,0,$
14,076,1997,1543,1543,NA,12,0,$
14,076,1997,1544,1544,NA,12,0,$
14,076,1997,1549,1549,NA,12,0,$
14,076,1997,155,155,1000,12,1,$
14,076,1997,1551,1551,NA,12,0,$
14,076,1997,1552,1552,NA,12,0,$
14,076,1997,1553,1553,NA,12,0,$
14,076,1997,1554,1554,NA,12,0,$
14,076,1997,1600,1600,1000,12,1,$
14,076,1997,171,171,1000,12,1,$
14,076,1997,1711,1711,NA,12,0,$
14,076,1997,1712,1712,NA,12,0,$
14,076,1997,172,172,1000,12,1,$
14,076,1997,1721,1721,NA,12,0,$
14,076,1997,1722,1722,NA,12,0,$
14,076,1997,1723,1723,NA,12,0,$
14,076,1997,1729,1729,NA,12,0,$
14,076,1997,1730,1730,1000,12,1,$
14,076,1997,1810,1810A,1000,12,1,$
14,076,1997,1820,1810A,NA,12,1,$
14,076,1997,191,191,1000,12,1,$
14,076,1997,1911,1911,NA,12,0,$
14,076,1997,1912,1912,NA,12,0,$
14,076,1997,1920,1920,1000,12,1,$
14,076,1997,2010,2010,1000,12,1,$
14,076,1997,202,202,1000,12,1,$
14,076,1997,2021,2021,NA,12,0,$
14,076,1997,2022,2022,NA,12,0,$
14,076,1997,2023,2023,NA,12,0,$
14,076,1997,2029,2029,NA,12,0,$
14,076,1997,210,210,1000,12,1,$
14,076,1997,2101,2101,NA,12,0,$
14,076,1997,2102,2102,NA,12,0,$
14,076,1997,2109,2109,NA,12,0,$
14,076,1997,221,221,1000,12,1,$
14,076,1997,2211,2211,NA,12,0,$
14,076,1997,2212,2212,NA,12,0,$
14,076,1997,2213,2213,NA,12,0,$
14,076,1997,2219,2219,NA,12,0,$
14,076,1997,222,222,1000,12,1,$
14,076,1997,2221,2221,NA,12,0,$
14,076,1997,2222,2222,NA,12,0,$
14,076,1997,2230,2230,1000,12,1,$
14,076,1997,2310,2310,1000,12,1,$
14,076,1997,2320,2320,1000,12,1,$
14,076,1997,2330,2330,NA,12,0,$
14,076,1997,241,241,1000,12,1,$
14,076,1997,2411,2411,NA,12,0,$
14,076,1997,2412,2412,NA,12,0,$
14,076,1997,2413,2413,NA,12,0,$
14,076,1997,242,242,1000,12,1,$
14,076,1997,2421,2421,NA,12,0,$
14,076,1997,2422,2422,NA,12,0,$
14,076,1997,2423,2423,NA,12,0,$
14,076,1997,2424,2424,NA,12,0,$
14,076,1997,2429,2429,NA,12,0,$
14,076,1997,2430,2430,1000,12,1,$
14,076,1997,251,251,1000,12,1,$
14,076,1997,2511,2511,NA,12,0,$
14,076,1997,2519,2519,NA,12,0,$
14,076,1997,2520,2520,1000,12,1,$
14,076,1997,2610,2610,1000,12,1,$
14,076,1997,269,269,1000,12,1,$
14,076,1997,2691,2691,NA,12,0,$
14,076,1997,2692,2692,NA,12,0,$
14,076,1997,2693,2693,NA,12,0,$
14,076,1997,2694,2694,NA,12,0,$
14,076,1997,2695,2695,NA,12,0,$
14,076,1997,2696,2696,NA,12,0,$
14,076,1997,2699,2699,NA,12,0,$
14,076,1997,2710,2710,1000,12,1,$
14,076,1997,2720,2720,1000,12,1,$
14,076,1997,273,273,1000,12,1,$
14,076,1997,2731,2731,NA,12,0,$
14,076,1997,2732,2732,NA,12,0,$
14,076,1997,281,281,1000,12,1,$
14,076,1997,2811,2811,NA,12,0,$
14,076,1997,2812,2812,NA,12,0,$
14,076,1997,2813,2813,NA,12,0,$
14,076,1997,289,289,1000,12,1,$
14,076,1997,2891,2891,NA,12,0,$
14,076,1997,2892,2892,NA,12,0,$
14,076,1997,2893,2893,NA,12,0,$
14,076,1997,2899,2899,NA,12,0,$
14,076,1997,291,291,1000,12,1,$
14,076,1997,2911,2911,NA,12,0,$
14,076,1997,2912,2912,NA,12,0,$
14,076,1997,2913,2913,NA,12,0,$
14,076,1997,2914,2914,NA,12,0,$
14,076,1997,2915,2915,NA,12,0,$
14,076,1997,2919,2919,NA,12,0,$
14,076,1997,292,292,1000,12,1,$
14,076,1997,2921,2921,NA,12,0,$
14,076,1997,2922,2922,NA,12,0,$
14,076,1997,2923,2923,NA,12,0,$
14,076,1997,2924,2924,NA,12,0,$
14,076,1997,2925,2925,NA,12,0,$
14,076,1997,2926,2926,NA,12,0,$
14,076,1997,2927,2927,NA,12,0,$
14,076,1997,2929,2929,NA,12,0,$
14,076,1997,2930,2930,1000,12,1,$
14,076,1997,3000,3000,1000,12,1,$
14,076,1997,3110,3110,1000,12,1,$
14,076,1997,3120,3120,1000,12,1,$
14,076,1997,3130,3130,1000,12,1,$
14,076,1997,3140,3140,1000,12,1,$
14,076,1997,3150,3150,1000,12,1,$
14,076,1997,3190,3190,1000,12,1,$
14,076,1997,3210,3210,1000,12,1,$
14,076,1997,3220,3220,1000,12,1,$
14,076,1997,3230,3230,1000,12,1,$
14,076,1997,331,331,1000,12,1,$
14,076,1997,3311,3311,NA,12,0,$
14,076,1997,3312,3312,NA,12,0,$
14,076,1997,3313,3313,NA,12,0,$
14,076,1997,3320,3320,1000,12,1,$
14,076,1997,3330,3330,1000,12,1,$
14,076,1997,3410,3410,1000,12,1,$
14,076,1997,3420,3420,1000,12,1,$
14,076,1997,3430,3430,1000,12,1,$
14,076,1997,351,351,1000,12,1,$
14,076,1997,3511,3511,NA,12,0,$
14,076,1997,3512,3512,NA,12,0,$
14,076,1997,3520,3520,1000,12,1,$
14,076,1997,3530,3530,1000,12,1,$
14,076,1997,359,359,1000,12,1,$
14,076,1997,3591,3591,NA,12,0,$
14,076,1997,3592,3592,NA,12,0,$
14,076,1997,3599,3599,NA,12,0,$
14,076,1997,3610,3610,1000,12,1,$
14,076,1997,369,369,1000,12,1,$
14,076,1997,3691,3691,NA,12,0,$
14,076,1997,3692,3692,NA,12,0,$
14,076,1997,3693,3693,NA,12,0,$
14,076,1997,3694,3694,NA,12,0,$
14,076,1997,3699,3699,NA,12,0,$
14,076,1997,3710,3710,1000,12,1,$
14,076,1997,3720,3720,1000,12,1,$
14,076,1998,151,151,1000,12,1,$
14,076,1998,1511,1511,NA,12,0,$
14,076,1998,1512,1512,NA,12,0,$
14,076,1998,1513,1513,NA,12,0,$
14,076,1998,1514,1514,NA,12,0,$
14,076,1998,1520,1520,1000,12,1,$
14,076,1998,153,153,1000,12,1,$
14,076,1998,1531,1531,NA,12,0,$
14,076,1998,1532,1532,NA,12,0,$
14,076,1998,1533,1533,NA,12,0,$
14,076,1998,154,154,1000,12,1,$
14,076,1998,1541,1541,NA,12,0,$
14,076,1998,1542,1542,NA,12,0,$
14,076,1998,1543,1543,NA,12,0,$
14,076,1998,1544,1544,NA,12,0,$
14,076,1998,1549,1549,NA,12,0,$
14,076,1998,155,155,1000,12,1,$
14,076,1998,1551,1551,NA,12,0,$
14,076,1998,1552,1552,NA,12,0,$
14,076,1998,1553,1553,NA,12,0,$
14,076,1998,1554,1554,NA,12,0,$
14,076,1998,1600,1600,1000,12,1,$
14,076,1998,171,171,1000,12,1,$
14,076,1998,1711,1711,NA,12,0,$
14,076,1998,1712,1712,NA,12,0,$
14,076,1998,172,172,1000,12,1,$
14,076,1998,1721,1721,NA,12,0,$
14,076,1998,1722,1722,NA,12,0,$
14,076,1998,1723,1723,NA,12,0,$
14,076,1998,1729,1729,NA,12,0,$
14,076,1998,1730,1730,1000,12,1,$
14,076,1998,1810,1810A,1000,12,1,$
14,076,1998,1820,1810A,NA,12,1,$
14,076,1998,191,191,1000,12,1,$
14,076,1998,1911,1911,NA,12,0,$
14,076,1998,1912,1912,NA,12,0,$
14,076,1998,1920,1920,1000,12,1,$
14,076,1998,2010,2010,1000,12,1,$
14,076,1998,202,202,1000,12,1,$
14,076,1998,2021,2021,NA,12,0,$
14,076,1998,2022,2022,NA,12,0,$
14,076,1998,2023,2023,NA,12,0,$
14,076,1998,2029,2029,NA,12,0,$
14,076,1998,210,210,1000,12,1,$
14,076,1998,2101,2101,NA,12,0,$
14,076,1998,2102,2102,NA,12,0,$
14,076,1998,2109,2109,NA,12,0,$
14,076,1998,221,221,1000,12,1,$
14,076,1998,2211,2211,NA,12,0,$
14,076,1998,2212,2212,NA,12,0,$
14,076,1998,2213,2213,NA,12,0,$
14,076,1998,2219,2219,NA,12,0,$
14,076,1998,222,222,1000,12,1,$
14,076,1998,2221,2221,NA,12,0,$
14,076,1998,2222,2222,NA,12,0,$
14,076,1998,2230,2230,1000,12,1,$
14,076,1998,2310,2310,1000,12,1,$
14,076,1998,2320,2320,1000,12,1,$
14,076,1998,2330,2330,NA,12,0,$
14,076,1998,241,241,1000,12,1,$
14,076,1998,2411,2411,NA,12,0,$
14,076,1998,2412,2412,NA,12,0,$
14,076,1998,2413,2413,NA,12,0,$
14,076,1998,242,242,1000,12,1,$
14,076,1998,2421,2421,NA,12,0,$
14,076,1998,2422,2422,NA,12,0,$
14,076,1998,2423,2423,NA,12,0,$
14,076,1998,2424,2424,NA,12,0,$
14,076,1998,2429,2429,NA,12,0,$
14,076,1998,2430,2430,1000,12,1,$
14,076,1998,251,251,1000,12,1,$
14,076,1998,2511,2511,NA,12,0,$
14,076,1998,2519,2519,NA,12,0,$
14,076,1998,2520,2520,1000,12,1,$
14,076,1998,2610,2610,1000,12,1,$
14,076,1998,269,269,1000,12,1,$
14,076,1998,2691,2691,NA,12,0,$
14,076,1998,2692,2692,NA,12,0,$
14,076,1998,2693,2693,NA,12,0,$
14,076,1998,2694,2694,NA,12,0,$
14,076,1998,2695,2695,NA,12,0,$
14,076,1998,2696,2696,NA,12,0,$
14,076,1998,2699,2699,NA,12,0,$
14,076,1998,2710,2710,1000,12,1,$
14,076,1998,2720,2720,1000,12,1,$
14,076,1998,273,273,1000,12,1,$
14,076,1998,2731,2731,NA,12,0,$
14,076,1998,2732,2732,NA,12,0,$
14,076,1998,281,281,1000,12,1,$
14,076,1998,2811,2811,NA,12,0,$
14,076,1998,2812,2812,NA,12,0,$
14,076,1998,2813,2813,NA,12,0,$
14,076,1998,289,289,1000,12,1,$
14,076,1998,2891,2891,NA,12,0,$
14,076,1998,2892,2892,NA,12,0,$
14,076,1998,2893,2893,NA,12,0,$
14,076,1998,2899,2899,NA,12,0,$
14,076,1998,291,291,1000,12,1,$
14,076,1998,2911,2911,NA,12,0,$
14,076,1998,2912,2912,NA,12,0,$
14,076,1998,2913,2913,NA,12,0,$
14,076,1998,2914,2914,NA,12,0,$
14,076,1998,2915,2915,NA,12,0,$
14,076,1998,2919,2919,NA,12,0,$
14,076,1998,292,292,1000,12,1,$
14,076,1998,2921,2921,NA,12,0,$
14,076,1998,2922,2922,NA,12,0,$
14,076,1998,2923,2923,NA,12,0,$
14,076,1998,2924,2924,NA,12,0,$
14,076,1998,2925,2925,NA,12,0,$
14,076,1998,2926,2926,NA,12,0,$
14,076,1998,2927,2927,NA,12,0,$
14,076,1998,2929,2929,NA,12,0,$
14,076,1998,2930,2930,1000,12,1,$
14,076,1998,3000,3000,1000,12,1,$
14,076,1998,3110,3110,1000,12,1,$
14,076,1998,3120,3120,1000,12,1,$
14,076,1998,3130,3130,1000,12,1,$
14,076,1998,3140,3140,1000,12,1,$
14,076,1998,3150,3150,1000,12,1,$
14,076,1998,3190,3190,1000,12,1,$
14,076,1998,3210,3210,1000,12,1,$
14,076,1998,3220,3220,1000,12,1,$
14,076,1998,3230,3230,1000,12,1,$
14,076,1998,331,331,1000,12,1,$
14,076,1998,3311,3311,NA,12,0,$
14,076,1998,3312,3312,NA,12,0,$
14,076,1998,3313,3313,NA,12,0,$
14,076,1998,3320,3320,1000,12,1,$
14,076,1998,3330,3330,1000,12,1,$
14,076,1998,3410,3410,1000,12,1,$
14,076,1998,3420,3420,1000,12,1,$
14,076,1998,3430,3430,1000,12,1,$
14,076,1998,351,351,1000,12,1,$
14,076,1998,3511,3511,NA,12,0,$
14,076,1998,3512,3512,NA,12,0,$
14,076,1998,3520,3520,1000,12,1,$
14,076,1998,3530,3530,1000,12,1,$
14,076,1998,359,359,1000,12,1,$
14,076,1998,3591,3591,NA,12,0,$
14,076,1998,3592,3592,NA,12,0,$
14,076,1998,3599,3599,NA,12,0,$
14,076,1998,3610,3610,1000,12,1,$
14,076,1998,369,369,1000,12,1,$
14,076,1998,3691,3691,NA,12,0,$
14,076,1998,3692,3692,NA,12,0,$
14,076,1998,3693,3693,NA,12,0,$
14,076,1998,3694,3694,NA,12,0,$
14,076,1998,3699,3699,NA,12,0,$
14,076,1998,3710,3710,1000,12,1,$
14,076,1998,3720,3720,1000,12,1,$
14,076,1999,151,151,1000,12,1,$
14,076,1999,1511,1511,NA,12,0,$
14,076,1999,1512,1512,NA,12,0,$
14,076,1999,1513,1513,NA,12,0,$
14,076,1999,1514,1514,NA,12,0,$
14,076,1999,1520,1520,1000,12,1,$
14,076,1999,153,153,1000,12,1,$
14,076,1999,1531,1531,NA,12,0,$
14,076,1999,1532,1532,NA,12,0,$
14,076,1999,1533,1533,NA,12,0,$
14,076,1999,154,154,1000,12,1,$
14,076,1999,1541,1541,NA,12,0,$
14,076,1999,1542,1542,NA,12,0,$
14,076,1999,1543,1543,NA,12,0,$
14,076,1999,1544,1544,NA,12,0,$
14,076,1999,1549,1549,NA,12,0,$
14,076,1999,155,155,1000,12,1,$
14,076,1999,1551,1551,NA,12,0,$
14,076,1999,1552,1552,NA,12,0,$
14,076,1999,1553,1553,NA,12,0,$
14,076,1999,1554,1554,NA,12,0,$
14,076,1999,1600,1600,1000,12,1,$
14,076,1999,171,171,1000,12,1,$
14,076,1999,1711,1711,NA,12,0,$
14,076,1999,1712,1712,NA,12,0,$
14,076,1999,172,172,1000,12,1,$
14,076,1999,1721,1721,NA,12,0,$
14,076,1999,1722,1722,NA,12,0,$
14,076,1999,1723,1723,NA,12,0,$
14,076,1999,1729,1729,NA,12,0,$
14,076,1999,1730,1730,1000,12,1,$
14,076,1999,1810,1810A,1000,12,1,$
14,076,1999,1820,1810A,NA,12,1,$
14,076,1999,191,191,1000,12,1,$
14,076,1999,1911,1911,NA,12,0,$
14,076,1999,1912,1912,NA,12,0,$
14,076,1999,1920,1920,1000,12,1,$
14,076,1999,2010,2010,1000,12,1,$
14,076,1999,202,202,1000,12,1,$
14,076,1999,2021,2021,NA,12,0,$
14,076,1999,2022,2022,NA,12,0,$
14,076,1999,2023,2023,NA,12,0,$
14,076,1999,2029,2029,NA,12,0,$
14,076,1999,210,210,1000,12,1,$
14,076,1999,2101,2101,NA,12,0,$
14,076,1999,2102,2102,NA,12,0,$
14,076,1999,2109,2109,NA,12,0,$
14,076,1999,221,221,1000,12,1,$
14,076,1999,2211,2211,NA,12,0,$
14,076,1999,2212,2212,NA,12,0,$
14,076,1999,2213,2213,NA,12,0,$
14,076,1999,2219,2219,NA,12,0,$
14,076,1999,222,222,1000,12,1,$
14,076,1999,2221,2221,NA,12,0,$
14,076,1999,2222,2222,NA,12,0,$
14,076,1999,2230,2230,1000,12,1,$
14,076,1999,2310,2310,1000,12,1,$
14,076,1999,2320,2320,1000,12,1,$
14,076,1999,2330,2330,NA,12,0,$
14,076,1999,241,241,1000,12,1,$
14,076,1999,2411,2411,NA,12,0,$
14,076,1999,2412,2412,NA,12,0,$
14,076,1999,2413,2413,NA,12,0,$
14,076,1999,242,242,1000,12,1,$
14,076,1999,2421,2421,NA,12,0,$
14,076,1999,2422,2422,NA,12,0,$
14,076,1999,2423,2423,NA,12,0,$
14,076,1999,2424,2424,NA,12,0,$
14,076,1999,2429,2429,NA,12,0,$
14,076,1999,2430,2430,1000,12,1,$
14,076,1999,251,251,1000,12,1,$
14,076,1999,2511,2511,NA,12,0,$
14,076,1999,2519,2519,NA,12,0,$
14,076,1999,2520,2520,1000,12,1,$
14,076,1999,2610,2610,1000,12,1,$
14,076,1999,269,269,1000,12,1,$
14,076,1999,2691,2691,NA,12,0,$
14,076,1999,2692,2692,NA,12,0,$
14,076,1999,2693,2693,NA,12,0,$
14,076,1999,2694,2694,NA,12,0,$
14,076,1999,2695,2695,NA,12,0,$
14,076,1999,2696,2696,NA,12,0,$
14,076,1999,2699,2699,NA,12,0,$
14,076,1999,2710,2710,1000,12,1,$
14,076,1999,2720,2720,1000,12,1,$
14,076,1999,273,273,1000,12,1,$
14,076,1999,2731,2731,NA,12,0,$
14,076,1999,2732,2732,NA,12,0,$
14,076,1999,281,281,1000,12,1,$
14,076,1999,2811,2811,NA,12,0,$
14,076,1999,2812,2812,NA,12,0,$
14,076,1999,2813,2813,NA,12,0,$
14,076,1999,289,289,1000,12,1,$
14,076,1999,2891,2891,NA,12,0,$
14,076,1999,2892,2892,NA,12,0,$
14,076,1999,2893,2893,NA,12,0,$
14,076,1999,2899,2899,NA,12,0,$
14,076,1999,291,291,1000,12,1,$
14,076,1999,2911,2911,NA,12,0,$
14,076,1999,2912,2912,NA,12,0,$
14,076,1999,2913,2913,NA,12,0,$
14,076,1999,2914,2914,NA,12,0,$
14,076,1999,2915,2915,NA,12,0,$
14,076,1999,2919,2919,NA,12,0,$
14,076,1999,292,292,1000,12,1,$
14,076,1999,2921,2921,NA,12,0,$
14,076,1999,2922,2922,NA,12,0,$
14,076,1999,2923,2923,NA,12,0,$
14,076,1999,2924,2924,NA,12,0,$
14,076,1999,2925,2925,NA,12,0,$
14,076,1999,2926,2926,NA,12,0,$
14,076,1999,2927,2927,NA,12,0,$
14,076,1999,2929,2929,NA,12,0,$
14,076,1999,2930,2930,1000,12,1,$
14,076,1999,3000,3000,1000,12,1,$
14,076,1999,3110,3110,1000,12,1,$
14,076,1999,3120,3120,1000,12,1,$
14,076,1999,3130,3130,1000,12,1,$
14,076,1999,3140,3140,1000,12,1,$
14,076,1999,3150,3150,1000,12,1,$
14,076,1999,3190,3190,1000,12,1,$
14,076,1999,3210,3210,1000,12,1,$
14,076,1999,3220,3220,1000,12,1,$
14,076,1999,3230,3230,1000,12,1,$
14,076,1999,331,331,1000,12,1,$
14,076,1999,3311,3311,NA,12,0,$
14,076,1999,3312,3312,NA,12,0,$
14,076,1999,3313,3313,NA,12,0,$
14,076,1999,3320,3320,1000,12,1,$
14,076,1999,3330,3330,1000,12,1,$
14,076,1999,3410,3410,1000,12,1,$
14,076,1999,3420,3420,1000,12,1,$
14,076,1999,3430,3430,1000,12,1,$
14,076,1999,351,351,1000,12,1,$
14,076,1999,3511,3511,NA,12,0,$
14,076,1999,3512,3512,NA,12,0,$
14,076,1999,3520,3520,1000,12,1,$
14,076,1999,3530,3530,1000,12,1,$
14,076,1999,359,359,1000,12,1,$
14,076,1999,3591,3591,NA,12,0,$
14,076,1999,3592,3592,NA,12,0,$
14,076,1999,3599,3599,NA,12,0,$
14,076,1999,3610,3610,1000,12,1,$
14,076,1999,369,369,1000,12,1,$
14,076,1999,3691,3691,NA,12,0,$
14,076,1999,3692,3692,NA,12,0,$
14,076,1999,3693,3693,NA,12,0,$
14,076,1999,3694,3694,NA,12,0,$
14,076,1999,3699,3699,NA,12,0,$
14,076,1999,3710,3710,1000,12,1,$
14,076,1999,3720,3720,1000,12,1,$
14,076,2000,151,151,1000,12,1,$
14,076,2000,1511,1511,NA,12,0,$
14,076,2000,1512,1512,NA,12,0,$
14,076,2000,1513,1513,NA,12,0,$
14,076,2000,1514,1514,NA,12,0,$
14,076,2000,1520,1520,1000,12,1,$
14,076,2000,153,153,1000,12,1,$
14,076,2000,1531,1531,NA,12,0,$
14,076,2000,1532,1532,NA,12,0,$
14,076,2000,1533,1533,NA,12,0,$
14,076,2000,154,154,1000,12,1,$
14,076,2000,1541,1541,NA,12,0,$
14,076,2000,1542,1542,NA,12,0,$
14,076,2000,1543,1543,NA,12,0,$
14,076,2000,1544,1544,NA,12,0,$
14,076,2000,1549,1549,NA,12,0,$
14,076,2000,155,155,1000,12,1,$
14,076,2000,1551,1551,NA,12,0,$
14,076,2000,1552,1552,NA,12,0,$
14,076,2000,1553,1553,NA,12,0,$
14,076,2000,1554,1554,NA,12,0,$
14,076,2000,1600,1600,1000,12,1,$
14,076,2000,171,171,1000,12,1,$
14,076,2000,1711,1711,NA,12,0,$
14,076,2000,1712,1712,NA,12,0,$
14,076,2000,172,172,1000,12,1,$
14,076,2000,1721,1721,NA,12,0,$
14,076,2000,1722,1722,NA,12,0,$
14,076,2000,1723,1723,NA,12,0,$
14,076,2000,1729,1729,NA,12,0,$
14,076,2000,1730,1730,1000,12,1,$
14,076,2000,1810,1810A,1000,12,1,$
14,076,2000,1820,1810A,NA,12,1,$
14,076,2000,191,191,1000,12,1,$
14,076,2000,1911,1911,NA,12,0,$
14,076,2000,1912,1912,NA,12,0,$
14,076,2000,1920,1920,1000,12,1,$
14,076,2000,2010,2010,1000,12,1,$
14,076,2000,202,202,1000,12,1,$
14,076,2000,2021,2021,NA,12,0,$
14,076,2000,2022,2022,NA,12,0,$
14,076,2000,2023,2023,NA,12,0,$
14,076,2000,2029,2029,NA,12,0,$
14,076,2000,210,210,1000,12,1,$
14,076,2000,2101,2101,NA,12,0,$
14,076,2000,2102,2102,NA,12,0,$
14,076,2000,2109,2109,NA,12,0,$
14,076,2000,221,221,1000,12,1,$
14,076,2000,2211,2211,NA,12,0,$
14,076,2000,2212,2212,NA,12,0,$
14,076,2000,2213,2213,NA,12,0,$
14,076,2000,2219,2219,NA,12,0,$
14,076,2000,222,222,1000,12,1,$
14,076,2000,2221,2221,NA,12,0,$
14,076,2000,2222,2222,NA,12,0,$
14,076,2000,2230,2230,1000,12,1,$
14,076,2000,2310,2310,1000,12,1,$
14,076,2000,2320,2320,1000,12,1,$
14,076,2000,2330,2330,NA,12,0,$
14,076,2000,241,241,1000,12,1,$
14,076,2000,2411,2411,NA,12,0,$
14,076,2000,2412,2412,NA,12,0,$
14,076,2000,2413,2413,NA,12,0,$
14,076,2000,242,242,1000,12,1,$
14,076,2000,2421,2421,NA,12,0,$
14,076,2000,2422,2422,NA,12,0,$
14,076,2000,2423,2423,NA,12,0,$
14,076,2000,2424,2424,NA,12,0,$
14,076,2000,2429,2429,NA,12,0,$
14,076,2000,2430,2430,1000,12,1,$
14,076,2000,251,251,1000,12,1,$
14,076,2000,2511,2511,NA,12,0,$
14,076,2000,2519,2519,NA,12,0,$
14,076,2000,2520,2520,1000,12,1,$
14,076,2000,2610,2610,1000,12,1,$
14,076,2000,269,269,1000,12,1,$
14,076,2000,2691,2691,NA,12,0,$
14,076,2000,2692,2692,NA,12,0,$
14,076,2000,2693,2693,NA,12,0,$
14,076,2000,2694,2694,NA,12,0,$
14,076,2000,2695,2695,NA,12,0,$
14,076,2000,2696,2696,NA,12,0,$
14,076,2000,2699,2699,NA,12,0,$
14,076,2000,2710,2710,1000,12,1,$
14,076,2000,2720,2720,1000,12,1,$
14,076,2000,273,273,1000,12,1,$
14,076,2000,2731,2731,NA,12,0,$
14,076,2000,2732,2732,NA,12,0,$
14,076,2000,281,281,1000,12,1,$
14,076,2000,2811,2811,NA,12,0,$
14,076,2000,2812,2812,NA,12,0,$
14,076,2000,2813,2813,NA,12,0,$
14,076,2000,289,289,1000,12,1,$
14,076,2000,2891,2891,NA,12,0,$
14,076,2000,2892,2892,NA,12,0,$
14,076,2000,2893,2893,NA,12,0,$
14,076,2000,2899,2899,NA,12,0,$
14,076,2000,291,291,1000,12,1,$
14,076,2000,2911,2911,NA,12,0,$
14,076,2000,2912,2912,NA,12,0,$
14,076,2000,2913,2913,NA,12,0,$
14,076,2000,2914,2914,NA,12,0,$
14,076,2000,2915,2915,NA,12,0,$
14,076,2000,2919,2919,NA,12,0,$
14,076,2000,292,292,1000,12,1,$
14,076,2000,2921,2921,NA,12,0,$
14,076,2000,2922,2922,NA,12,0,$
14,076,2000,2923,2923,NA,12,0,$
14,076,2000,2924,2924,NA,12,0,$
14,076,2000,2925,2925,NA,12,0,$
14,076,2000,2926,2926,NA,12,0,$
14,076,2000,2927,2927,NA,12,0,$
14,076,2000,2929,2929,NA,12,0,$
14,076,2000,2930,2930,1000,12,1,$
14,076,2000,3000,3000,1000,12,1,$
14,076,2000,3110,3110,1000,12,1,$
14,076,2000,3120,3120,1000,12,1,$
14,076,2000,3130,3130,1000,12,1,$
14,076,2000,3140,3140,1000,12,1,$
14,076,2000,3150,3150,1000,12,1,$
14,076,2000,3190,3190,1000,12,1,$
14,076,2000,3210,3210,1000,12,1,$
14,076,2000,3220,3220,1000,12,1,$
14,076,2000,3230,3230,1000,12,1,$
14,076,2000,331,331,1000,12,1,$
14,076,2000,3311,3311,NA,12,0,$
14,076,2000,3312,3312,NA,12,0,$
14,076,2000,3313,3313,NA,12,0,$
14,076,2000,3320,3320,1000,12,1,$
14,076,2000,3330,3330,1000,12,1,$
14,076,2000,3410,3410,1000,12,1,$
14,076,2000,3420,3420,1000,12,1,$
14,076,2000,3430,3430,1000,12,1,$
14,076,2000,351,351,1000,12,1,$
14,076,2000,3511,3511,NA,12,0,$
14,076,2000,3512,3512,NA,12,0,$
14,076,2000,3520,3520,1000,12,1,$
14,076,2000,3530,3530,1000,12,1,$
14,076,2000,359,359,1000,12,1,$
14,076,2000,3591,3591,NA,12,0,$
14,076,2000,3592,3592,NA,12,0,$
14,076,2000,3599,3599,NA,12,0,$
14,076,2000,3610,3610,1000,12,1,$
14,076,2000,369,369,1000,12,1,$
14,076,2000,3691,3691,NA,12,0,$
14,076,2000,3692,3692,NA,12,0,$
14,076,2000,3693,3693,NA,12,0,$
14,076,2000,3694,3694,NA,12,0,$
14,076,2000,3699,3699,NA,12,0,$
14,076,2000,3710,3710,1000,12,1,$
14,076,2000,3720,3720,1000,12,1,$
14,076,2001,151,151,1000,12,1,$
14,076,2001,1511,1511,NA,12,0,$
14,076,2001,1512,1512,NA,12,0,$
14,076,2001,1513,1513,NA,12,0,$
14,076,2001,1514,1514,NA,12,0,$
14,076,2001,1520,1520,1000,12,1,$
14,076,2001,153,153,1000,12,1,$
14,076,2001,1531,1531,NA,12,0,$
14,076,2001,1532,1532,NA,12,0,$
14,076,2001,1533,1533,NA,12,0,$
14,076,2001,154,154,1000,12,1,$
14,076,2001,1541,1541,NA,12,0,$
14,076,2001,1542,1542,NA,12,0,$
14,076,2001,1543,1543,NA,12,0,$
14,076,2001,1544,1544,NA,12,0,$
14,076,2001,1549,1549,NA,12,0,$
14,076,2001,155,155,1000,12,1,$
14,076,2001,1551,1551,NA,12,0,$
14,076,2001,1552,1552,NA,12,0,$
14,076,2001,1553,1553,NA,12,0,$
14,076,2001,1554,1554,NA,12,0,$
14,076,2001,1600,1600,1000,12,1,$
14,076,2001,171,171,1000,12,1,$
14,076,2001,1711,1711,NA,12,0,$
14,076,2001,1712,1712,NA,12,0,$
14,076,2001,172,172,1000,12,1,$
14,076,2001,1721,1721,NA,12,0,$
14,076,2001,1722,1722,NA,12,0,$
14,076,2001,1723,1723,NA,12,0,$
14,076,2001,1729,1729,NA,12,0,$
14,076,2001,1730,1730,1000,12,1,$
14,076,2001,1810,1810A,1000,12,1,$
14,076,2001,1820,1810A,NA,12,1,$
14,076,2001,191,191,1000,12,1,$
14,076,2001,1911,1911,NA,12,0,$
14,076,2001,1912,1912,NA,12,0,$
14,076,2001,1920,1920,1000,12,1,$
14,076,2001,2010,2010,1000,12,1,$
14,076,2001,202,202,1000,12,1,$
14,076,2001,2021,2021,NA,12,0,$
14,076,2001,2022,2022,NA,12,0,$
14,076,2001,2023,2023,NA,12,0,$
14,076,2001,2029,2029,NA,12,0,$
14,076,2001,210,210,1000,12,1,$
14,076,2001,2101,2101,NA,12,0,$
14,076,2001,2102,2102,NA,12,0,$
14,076,2001,2109,2109,NA,12,0,$
14,076,2001,221,221,1000,12,1,$
14,076,2001,2211,2211,NA,12,0,$
14,076,2001,2212,2212,NA,12,0,$
14,076,2001,2213,2213,NA,12,0,$
14,076,2001,2219,2219,NA,12,0,$
14,076,2001,222,222,1000,12,1,$
14,076,2001,2221,2221,NA,12,0,$
14,076,2001,2222,2222,NA,12,0,$
14,076,2001,2230,2230,1000,12,1,$
14,076,2001,2310,2310,1000,12,1,$
14,076,2001,2320,2320,1000,12,1,$
14,076,2001,2330,2330,NA,12,0,$
14,076,2001,241,241,1000,12,1,$
14,076,2001,2411,2411,NA,12,0,$
14,076,2001,2412,2412,NA,12,0,$
14,076,2001,2413,2413,NA,12,0,$
14,076,2001,242,242,1000,12,1,$
14,076,2001,2421,2421,NA,12,0,$
14,076,2001,2422,2422,NA,12,0,$
14,076,2001,2423,2423,NA,12,0,$
14,076,2001,2424,2424,NA,12,0,$
14,076,2001,2429,2429,NA,12,0,$
14,076,2001,2430,2430,1000,12,1,$
14,076,2001,251,251,1000,12,1,$
14,076,2001,2511,2511,NA,12,0,$
14,076,2001,2519,2519,NA,12,0,$
14,076,2001,2520,2520,1000,12,1,$
14,076,2001,2610,2610,1000,12,1,$
14,076,2001,269,269,1000,12,1,$
14,076,2001,2691,2691,NA,12,0,$
14,076,2001,2692,2692,NA,12,0,$
14,076,2001,2693,2693,NA,12,0,$
14,076,2001,2694,2694,NA,12,0,$
14,076,2001,2695,2695,NA,12,0,$
14,076,2001,2696,2696,NA,12,0,$
14,076,2001,2699,2699,NA,12,0,$
14,076,2001,2710,2710,1000,12,1,$
14,076,2001,2720,2720,1000,12,1,$
14,076,2001,273,273,1000,12,1,$
14,076,2001,2731,2731,NA,12,0,$
14,076,2001,2732,2732,NA,12,0,$
14,076,2001,281,281,1000,12,1,$
14,076,2001,2811,2811,NA,12,0,$
14,076,2001,2812,2812,NA,12,0,$
14,076,2001,2813,2813,NA,12,0,$
14,076,2001,289,289,1000,12,1,$
14,076,2001,2891,2891,NA,12,0,$
14,076,2001,2892,2892,NA,12,0,$
14,076,2001,2893,2893,NA,12,0,$
14,076,2001,2899,2899,NA,12,0,$
14,076,2001,291,291,1000,12,1,$
14,076,2001,2911,2911,NA,12,0,$
14,076,2001,2912,2912,NA,12,0,$
14,076,2001,2913,2913,NA,12,0,$
14,076,2001,2914,2914,NA,12,0,$
14,076,2001,2915,2915,NA,12,0,$
14,076,2001,2919,2919,NA,12,0,$
14,076,2001,292,292,1000,12,1,$
14,076,2001,2921,2921,NA,12,0,$
14,076,2001,2922,2922,NA,12,0,$
14,076,2001,2923,2923,NA,12,0,$
14,076,2001,2924,2924,NA,12,0,$
14,076,2001,2925,2925,NA,12,0,$
14,076,2001,2926,2926,NA,12,0,$
14,076,2001,2927,2927,NA,12,0,$
14,076,2001,2929,2929,NA,12,0,$
14,076,2001,2930,2930,1000,12,1,$
14,076,2001,3000,3000,1000,12,1,$
14,076,2001,3110,3110,1000,12,1,$
14,076,2001,3120,3120,1000,12,1,$
14,076,2001,3130,3130,1000,12,1,$
14,076,2001,3140,3140,1000,12,1,$
14,076,2001,3150,3150,1000,12,1,$
14,076,2001,3190,3190,1000,12,1,$
14,076,2001,3210,3210,1000,12,1,$
14,076,2001,3220,3220,1000,12,1,$
14,076,2001,3230,3230,1000,12,1,$
14,076,2001,331,331,1000,12,1,$
14,076,2001,3311,3311,NA,12,0,$
14,076,2001,3312,3312,NA,12,0,$
14,076,2001,3313,3313,NA,12,0,$
14,076,2001,3320,3320,1000,12,1,$
14,076,2001,3330,3330,1000,12,1,$
14,076,2001,3410,3410,1000,12,1,$
14,076,2001,3420,3420,1000,12,1,$
14,076,2001,3430,3430,1000,12,1,$
14,076,2001,351,351,1000,12,1,$
14,076,2001,3511,3511,NA,12,0,$
14,076,2001,3512,3512,NA,12,0,$
14,076,2001,3520,3520,1000,12,1,$
14,076,2001,3530,3530,1000,12,1,$
14,076,2001,359,359,1000,12,1,$
14,076,2001,3591,3591,NA,12,0,$
14,076,2001,3592,3592,NA,12,0,$
14,076,2001,3599,3599,NA,12,0,$
14,076,2001,3610,3610,1000,12,1,$
14,076,2001,369,369,1000,12,1,$
14,076,2001,3691,3691,NA,12,0,$
14,076,2001,3692,3692,NA,12,0,$
14,076,2001,3693,3693,NA,12,0,$
14,076,2001,3694,3694,NA,12,0,$
14,076,2001,3699,3699,NA,12,0,$
14,076,2001,3710,3710,1000,12,1,$
14,076,2001,3720,3720,1000,12,1,$
14,076,2002,151,151,1000,12,1,$
14,076,2002,1511,1511,NA,12,0,$
14,076,2002,1512,1512,NA,12,0,$
14,076,2002,1513,1513,NA,12,0,$
14,076,2002,1514,1514,NA,12,0,$
14,076,2002,1520,1520,1000,12,1,$
14,076,2002,153,153,1000,12,1,$
14,076,2002,1531,1531,NA,12,0,$
14,076,2002,1532,1532,NA,12,0,$
14,076,2002,1533,1533,NA,12,0,$
14,076,2002,154,154,1000,12,1,$
14,076,2002,1541,1541,NA,12,0,$
14,076,2002,1542,1542,NA,12,0,$
14,076,2002,1543,1543,NA,12,0,$
14,076,2002,1544,1544,NA,12,0,$
14,076,2002,1549,1549,NA,12,0,$
14,076,2002,155,155,1000,12,1,$
14,076,2002,1551,1551,NA,12,0,$
14,076,2002,1552,1552,NA,12,0,$
14,076,2002,1553,1553,NA,12,0,$
14,076,2002,1554,1554,NA,12,0,$
14,076,2002,1600,1600,1000,12,1,$
14,076,2002,171,171,1000,12,1,$
14,076,2002,1711,1711,NA,12,0,$
14,076,2002,1712,1712,NA,12,0,$
14,076,2002,172,172,1000,12,1,$
14,076,2002,1721,1721,NA,12,0,$
14,076,2002,1722,1722,NA,12,0,$
14,076,2002,1723,1723,NA,12,0,$
14,076,2002,1729,1729,NA,12,0,$
14,076,2002,1730,1730,1000,12,1,$
14,076,2002,1810,1810A,1000,12,1,$
14,076,2002,1820,1810A,NA,12,1,$
14,076,2002,191,191,1000,12,1,$
14,076,2002,1911,1911,NA,12,0,$
14,076,2002,1912,1912,NA,12,0,$
14,076,2002,1920,1920,1000,12,1,$
14,076,2002,2010,2010,1000,12,1,$
14,076,2002,202,202,1000,12,1,$
14,076,2002,2021,2021,NA,12,0,$
14,076,2002,2022,2022,NA,12,0,$
14,076,2002,2023,2023,NA,12,0,$
14,076,2002,2029,2029,NA,12,0,$
14,076,2002,210,210,1000,12,1,$
14,076,2002,2101,2101,NA,12,0,$
14,076,2002,2102,2102,NA,12,0,$
14,076,2002,2109,2109,NA,12,0,$
14,076,2002,221,221,1000,12,1,$
14,076,2002,2211,2211,NA,12,0,$
14,076,2002,2212,2212,NA,12,0,$
14,076,2002,2213,2213,NA,12,0,$
14,076,2002,2219,2219,NA,12,0,$
14,076,2002,222,222,1000,12,1,$
14,076,2002,2221,2221,NA,12,0,$
14,076,2002,2222,2222,NA,12,0,$
14,076,2002,2230,2230,1000,12,1,$
14,076,2002,2310,2310,1000,12,1,$
14,076,2002,2320,2320,1000,12,1,$
14,076,2002,2330,2330,1000,12,1,$
14,076,2002,241,241,1000,12,1,$
14,076,2002,2411,2411,NA,12,0,$
14,076,2002,2412,2412,NA,12,0,$
14,076,2002,2413,2413,NA,12,0,$
14,076,2002,242,242,1000,12,1,$
14,076,2002,2421,2421,NA,12,0,$
14,076,2002,2422,2422,NA,12,0,$
14,076,2002,2423,2423,NA,12,0,$
14,076,2002,2424,2424,NA,12,0,$
14,076,2002,2429,2429,NA,12,0,$
14,076,2002,2430,2430,1000,12,1,$
14,076,2002,251,251,1000,12,1,$
14,076,2002,2511,2511,NA,12,0,$
14,076,2002,2519,2519,NA,12,0,$
14,076,2002,2520,2520,1000,12,1,$
14,076,2002,2610,2610,1000,12,1,$
14,076,2002,269,269,1000,12,1,$
14,076,2002,2691,2691,NA,12,0,$
14,076,2002,2692,2692,NA,12,0,$
14,076,2002,2693,2693,NA,12,0,$
14,076,2002,2694,2694,NA,12,0,$
14,076,2002,2695,2695,NA,12,0,$
14,076,2002,2696,2696,NA,12,0,$
14,076,2002,2699,2699,NA,12,0,$
14,076,2002,2710,2710,1000,12,1,$
14,076,2002,2720,2720,1000,12,1,$
14,076,2002,273,273,1000,12,1,$
14,076,2002,2731,2731,NA,12,0,$
14,076,2002,2732,2732,NA,12,0,$
14,076,2002,281,281,1000,12,1,$
14,076,2002,2811,2811,NA,12,0,$
14,076,2002,2812,2812,NA,12,0,$
14,076,2002,2813,2813,NA,12,0,$
14,076,2002,289,289,1000,12,1,$
14,076,2002,2891,2891,NA,12,0,$
14,076,2002,2892,2892,NA,12,0,$
14,076,2002,2893,2893,NA,12,0,$
14,076,2002,2899,2899,NA,12,0,$
14,076,2002,291,291,1000,12,1,$
14,076,2002,2911,2911,NA,12,0,$
14,076,2002,2912,2912,NA,12,0,$
14,076,2002,2913,2913,NA,12,0,$
14,076,2002,2914,2914,NA,12,0,$
14,076,2002,2915,2915,NA,12,0,$
14,076,2002,2919,2919,NA,12,0,$
14,076,2002,292,292,1000,12,1,$
14,076,2002,2921,2921,NA,12,0,$
14,076,2002,2922,2922,NA,12,0,$
14,076,2002,2923,2923,NA,12,0,$
14,076,2002,2924,2924,NA,12,0,$
14,076,2002,2925,2925,NA,12,0,$
14,076,2002,2926,2926,NA,12,0,$
14,076,2002,2927,2927,NA,12,0,$
14,076,2002,2929,2929,NA,12,0,$
14,076,2002,2930,2930,1000,12,1,$
14,076,2002,3000,3000,1000,12,1,$
14,076,2002,3110,3110,1000,12,1,$
14,076,2002,3120,3120,1000,12,1,$
14,076,2002,3130,3130,1000,12,1,$
14,076,2002,3140,3140,1000,12,1,$
14,076,2002,3150,3150,1000,12,1,$
14,076,2002,3190,3190,1000,12,1,$
14,076,2002,3210,3210,1000,12,1,$
14,076,2002,3220,3220,1000,12,1,$
14,076,2002,3230,3230,1000,12,1,$
14,076,2002,331,331,1000,12,1,$
14,076,2002,3311,3311,NA,12,0,$
14,076,2002,3312,3312,NA,12,0,$
14,076,2002,3313,3313,NA,12,0,$
14,076,2002,3320,3320,1000,12,1,$
14,076,2002,3330,3330,1000,12,1,$
14,076,2002,3410,3410,1000,12,1,$
14,076,2002,3420,3420,1000,12,1,$
14,076,2002,3430,3430,1000,12,1,$
14,076,2002,351,351,1000,12,1,$
14,076,2002,3511,3511,NA,12,0,$
14,076,2002,3512,3512,NA,12,0,$
14,076,2002,3520,3520,1000,12,1,$
14,076,2002,3530,3530,1000,12,1,$
14,076,2002,359,359,1000,12,1,$
14,076,2002,3591,3591,NA,12,0,$
14,076,2002,3592,3592,NA,12,0,$
14,076,2002,3599,3599,NA,12,0,$
14,076,2002,3610,3610,1000,12,1,$
14,076,2002,369,369,1000,12,1,$
14,076,2002,3691,3691,NA,12,0,$
14,076,2002,3692,3692,NA,12,0,$
14,076,2002,3693,3693,NA,12,0,$
14,076,2002,3694,3694,NA,12,0,$
14,076,2002,3699,3699,NA,12,0,$
14,076,2002,3710,3710,1000,12,1,$
14,076,2002,3720,3720,1000,12,1,$
14,076,2003,151,151,1000,12,1,$
14,076,2003,1511,1511,NA,12,0,$
14,076,2003,1512,1512,NA,12,0,$
14,076,2003,1513,1513,NA,12,0,$
14,076,2003,1514,1514,NA,12,0,$
14,076,2003,1520,1520,1000,12,1,$
14,076,2003,153,153,1000,12,1,$
14,076,2003,1531,1531,NA,12,0,$
14,076,2003,1532,1532,NA,12,0,$
14,076,2003,1533,1533,NA,12,0,$
14,076,2003,154,154,1000,12,1,$
14,076,2003,1541,1541,NA,12,0,$
14,076,2003,1542,1542,NA,12,0,$
14,076,2003,1543,1543,NA,12,0,$
14,076,2003,1544,1544,NA,12,0,$
14,076,2003,1549,1549,NA,12,0,$
14,076,2003,155,155,1000,12,1,$
14,076,2003,1551,1551,NA,12,0,$
14,076,2003,1552,1552,NA,12,0,$
14,076,2003,1553,1553,NA,12,0,$
14,076,2003,1554,1554,NA,12,0,$
14,076,2003,1600,1600,1000,12,1,$
14,076,2003,171,171,1000,12,1,$
14,076,2003,1711,1711,NA,12,0,$
14,076,2003,1712,1712,NA,12,0,$
14,076,2003,172,172,1000,12,1,$
14,076,2003,1721,1721,NA,12,0,$
14,076,2003,1722,1722,NA,12,0,$
14,076,2003,1723,1723,NA,12,0,$
14,076,2003,1729,1729,NA,12,0,$
14,076,2003,1730,1730,1000,12,1,$
14,076,2003,1810,1810A,1000,12,1,$
14,076,2003,1820,1810A,NA,12,1,$
14,076,2003,191,191,1000,12,1,$
14,076,2003,1911,1911,NA,12,0,$
14,076,2003,1912,1912,NA,12,0,$
14,076,2003,1920,1920,1000,12,1,$
14,076,2003,2010,2010,1000,12,1,$
14,076,2003,202,202,1000,12,1,$
14,076,2003,2021,2021,NA,12,0,$
14,076,2003,2022,2022,NA,12,0,$
14,076,2003,2023,2023,NA,12,0,$
14,076,2003,2029,2029,NA,12,0,$
14,076,2003,210,210,1000,12,1,$
14,076,2003,2101,2101,NA,12,0,$
14,076,2003,2102,2102,NA,12,0,$
14,076,2003,2109,2109,NA,12,0,$
14,076,2003,221,221,1000,12,1,$
14,076,2003,2211,2211,NA,12,0,$
14,076,2003,2212,2212,NA,12,0,$
14,076,2003,2213,2213,NA,12,0,$
14,076,2003,2219,2219,NA,12,0,$
14,076,2003,222,222,1000,12,1,$
14,076,2003,2221,2221,NA,12,0,$
14,076,2003,2222,2222,NA,12,0,$
14,076,2003,2230,2230,1000,12,1,$
14,076,2003,2310,2310,1000,12,1,$
14,076,2003,2320,2320,1000,12,1,$
14,076,2003,2330,2330,1000,12,1,$
14,076,2003,241,241,1000,12,1,$
14,076,2003,2411,2411,NA,12,0,$
14,076,2003,2412,2412,NA,12,0,$
14,076,2003,2413,2413,NA,12,0,$
14,076,2003,242,242,1000,12,1,$
14,076,2003,2421,2421,NA,12,0,$
14,076,2003,2422,2422,NA,12,0,$
14,076,2003,2423,2423,NA,12,0,$
14,076,2003,2424,2424,NA,12,0,$
14,076,2003,2429,2429,NA,12,0,$
14,076,2003,2430,2430,1000,12,1,$
14,076,2003,251,251,1000,12,1,$
14,076,2003,2511,2511,NA,12,0,$
14,076,2003,2519,2519,NA,12,0,$
14,076,2003,2520,2520,1000,12,1,$
14,076,2003,2610,2610,1000,12,1,$
14,076,2003,269,269,1000,12,1,$
14,076,2003,2691,2691,NA,12,0,$
14,076,2003,2692,2692,NA,12,0,$
14,076,2003,2693,2693,NA,12,0,$
14,076,2003,2694,2694,NA,12,0,$
14,076,2003,2695,2695,NA,12,0,$
14,076,2003,2696,2696,NA,12,0,$
14,076,2003,2699,2699,NA,12,0,$
14,076,2003,2710,2710,1000,12,1,$
14,076,2003,2720,2720,1000,12,1,$
14,076,2003,273,273,1000,12,1,$
14,076,2003,2731,2731,NA,12,0,$
14,076,2003,2732,2732,NA,12,0,$
14,076,2003,281,281,1000,12,1,$
14,076,2003,2811,2811,NA,12,0,$
14,076,2003,2812,2812,NA,12,0,$
14,076,2003,2813,2813,NA,12,0,$
14,076,2003,289,289,1000,12,1,$
14,076,2003,2891,2891,NA,12,0,$
14,076,2003,2892,2892,NA,12,0,$
14,076,2003,2893,2893,NA,12,0,$
14,076,2003,2899,2899,NA,12,0,$
14,076,2003,291,291,1000,12,1,$
14,076,2003,2911,2911,NA,12,0,$
14,076,2003,2912,2912,NA,12,0,$
14,076,2003,2913,2913,NA,12,0,$
14,076,2003,2914,2914,NA,12,0,$
14,076,2003,2915,2915,NA,12,0,$
14,076,2003,2919,2919,NA,12,0,$
14,076,2003,292,292,1000,12,1,$
14,076,2003,2921,2921,NA,12,0,$
14,076,2003,2922,2922,NA,12,0,$
14,076,2003,2923,2923,NA,12,0,$
14,076,2003,2924,2924,NA,12,0,$
14,076,2003,2925,2925,NA,12,0,$
14,076,2003,2926,2926,NA,12,0,$
14,076,2003,2927,2927,NA,12,0,$
14,076,2003,2929,2929,NA,12,0,$
14,076,2003,2930,2930,1000,12,1,$
14,076,2003,3000,3000,1000,12,1,$
14,076,2003,3110,3110,1000,12,1,$
14,076,2003,3120,3120,1000,12,1,$
14,076,2003,3130,3130,1000,12,1,$
14,076,2003,3140,3140,1000,12,1,$
14,076,2003,3150,3150,1000,12,1,$
14,076,2003,3190,3190,1000,12,1,$
14,076,2003,3210,3210,1000,12,1,$
14,076,2003,3220,3220,1000,12,1,$
14,076,2003,3230,3230,1000,12,1,$
14,076,2003,331,331,1000,12,1,$
14,076,2003,3311,3311,NA,12,0,$
14,076,2003,3312,3312,NA,12,0,$
14,076,2003,3313,3313,NA,12,0,$
14,076,2003,3320,3320,1000,12,1,$
14,076,2003,3330,3330,1000,12,1,$
14,076,2003,3410,3410,1000,12,1,$
14,076,2003,3420,3420,1000,12,1,$
14,076,2003,3430,3430,1000,12,1,$
14,076,2003,351,351,1000,12,1,$
14,076,2003,3511,3511,NA,12,0,$
14,076,2003,3512,3512,NA,12,0,$
14,076,2003,3520,3520,1000,12,1,$
14,076,2003,3530,3530,1000,12,1,$
14,076,2003,359,359,1000,12,1,$
14,076,2003,3591,3591,NA,12,0,$
14,076,2003,3592,3592,NA,12,0,$
14,076,2003,3599,3599,NA,12,0,$
14,076,2003,3610,3610,1000,12,1,$
14,076,2003,369,369,1000,12,1,$
14,076,2003,3691,3691,NA,12,0,$
14,076,2003,3692,3692,NA,12,0,$
14,076,2003,3693,3693,NA,12,0,$
14,076,2003,3694,3694,NA,12,0,$
14,076,2003,3699,3699,NA,12,0,$
14,076,2003,3710,3710,1000,12,1,$
14,076,2003,3720,3720,1000,12,1,$
14,076,2004,151,151,1000,12,1,$
14,076,2004,1511,1511,NA,12,0,$
14,076,2004,1512,1512,NA,12,0,$
14,076,2004,1513,1513,NA,12,0,$
14,076,2004,1514,1514,NA,12,0,$
14,076,2004,1520,1520,1000,12,1,$
14,076,2004,153,153,1000,12,1,$
14,076,2004,1531,1531,NA,12,0,$
14,076,2004,1532,1532,NA,12,0,$
14,076,2004,1533,1533,NA,12,0,$
14,076,2004,154,154,1000,12,1,$
14,076,2004,1541,1541,NA,12,0,$
14,076,2004,1542,1542,NA,12,0,$
14,076,2004,1543,1543,NA,12,0,$
14,076,2004,1544,1544,NA,12,0,$
14,076,2004,1549,1549,NA,12,0,$
14,076,2004,155,155,1000,12,1,$
14,076,2004,1551,1551,NA,12,0,$
14,076,2004,1552,1552,NA,12,0,$
14,076,2004,1553,1553,NA,12,0,$
14,076,2004,1554,1554,NA,12,0,$
14,076,2004,1600,1600,1000,12,1,$
14,076,2004,171,171,1000,12,1,$
14,076,2004,1711,1711,NA,12,0,$
14,076,2004,1712,1712,NA,12,0,$
14,076,2004,172,172,1000,12,1,$
14,076,2004,1721,1721,NA,12,0,$
14,076,2004,1722,1722,NA,12,0,$
14,076,2004,1723,1723,NA,12,0,$
14,076,2004,1729,1729,NA,12,0,$
14,076,2004,1730,1730,1000,12,1,$
14,076,2004,1810,1810A,1000,12,1,$
14,076,2004,1820,1810A,NA,12,1,$
14,076,2004,191,191,1000,12,1,$
14,076,2004,1911,1911,NA,12,0,$
14,076,2004,1912,1912,NA,12,0,$
14,076,2004,1920,1920,1000,12,1,$
14,076,2004,2010,2010,1000,12,1,$
14,076,2004,202,202,1000,12,1,$
14,076,2004,2021,2021,NA,12,0,$
14,076,2004,2022,2022,NA,12,0,$
14,076,2004,2023,2023,NA,12,0,$
14,076,2004,2029,2029,NA,12,0,$
14,076,2004,210,210,1000,12,1,$
14,076,2004,2101,2101,NA,12,0,$
14,076,2004,2102,2102,NA,12,0,$
14,076,2004,2109,2109,NA,12,0,$
14,076,2004,221,221,1000,12,1,$
14,076,2004,2211,2211,NA,12,0,$
14,076,2004,2212,2212,NA,12,0,$
14,076,2004,2213,2213,NA,12,0,$
14,076,2004,2219,2219,NA,12,0,$
14,076,2004,222,222,1000,12,1,$
14,076,2004,2221,2221,NA,12,0,$
14,076,2004,2222,2222,NA,12,0,$
14,076,2004,2230,2230,1000,12,1,$
14,076,2004,2310,2310,1000,12,1,$
14,076,2004,2320,2320,1000,12,1,$
14,076,2004,2330,2330,1000,12,1,$
14,076,2004,241,241,1000,12,1,$
14,076,2004,2411,2411,NA,12,0,$
14,076,2004,2412,2412,NA,12,0,$
14,076,2004,2413,2413,NA,12,0,$
14,076,2004,242,242,1000,12,1,$
14,076,2004,2421,2421,NA,12,0,$
14,076,2004,2422,2422,NA,12,0,$
14,076,2004,2423,2423,NA,12,0,$
14,076,2004,2424,2424,NA,12,0,$
14,076,2004,2429,2429,NA,12,0,$
14,076,2004,2430,2430,1000,12,1,$
14,076,2004,251,251,1000,12,1,$
14,076,2004,2511,2511,NA,12,0,$
14,076,2004,2519,2519,NA,12,0,$
14,076,2004,2520,2520,1000,12,1,$
14,076,2004,2610,2610,1000,12,1,$
14,076,2004,269,269,1000,12,1,$
14,076,2004,2691,2691,NA,12,0,$
14,076,2004,2692,2692,NA,12,0,$
14,076,2004,2693,2693,NA,12,0,$
14,076,2004,2694,2694,NA,12,0,$
14,076,2004,2695,2695,NA,12,0,$
14,076,2004,2696,2696,NA,12,0,$
14,076,2004,2699,2699,NA,12,0,$
14,076,2004,2710,2710,1000,12,1,$
14,076,2004,2720,2720,1000,12,1,$
14,076,2004,273,273,1000,12,1,$
14,076,2004,2731,2731,NA,12,0,$
14,076,2004,2732,2732,NA,12,0,$
14,076,2004,281,281,1000,12,1,$
14,076,2004,2811,2811,NA,12,0,$
14,076,2004,2812,2812,NA,12,0,$
14,076,2004,2813,2813,NA,12,0,$
14,076,2004,289,289,1000,12,1,$
14,076,2004,2891,2891,NA,12,0,$
14,076,2004,2892,2892,NA,12,0,$
14,076,2004,2893,2893,NA,12,0,$
14,076,2004,2899,2899,NA,12,0,$
14,076,2004,291,291,1000,12,1,$
14,076,2004,2911,2911,NA,12,0,$
14,076,2004,2912,2912,NA,12,0,$
14,076,2004,2913,2913,NA,12,0,$
14,076,2004,2914,2914,NA,12,0,$
14,076,2004,2915,2915,NA,12,0,$
14,076,2004,2919,2919,NA,12,0,$
14,076,2004,292,292,1000,12,1,$
14,076,2004,2921,2921,NA,12,0,$
14,076,2004,2922,2922,NA,12,0,$
14,076,2004,2923,2923,NA,12,0,$
14,076,2004,2924,2924,NA,12,0,$
14,076,2004,2925,2925,NA,12,0,$
14,076,2004,2926,2926,NA,12,0,$
14,076,2004,2927,2927,NA,12,0,$
14,076,2004,2929,2929,NA,12,0,$
14,076,2004,2930,2930,1000,12,1,$
14,076,2004,3000,3000,1000,12,1,$
14,076,2004,3110,3110,1000,12,1,$
14,076,2004,3120,3120,1000,12,1,$
14,076,2004,3130,3130,1000,12,1,$
14,076,2004,3140,3140,1000,12,1,$
14,076,2004,3150,3150,1000,12,1,$
14,076,2004,3190,3190,1000,12,1,$
14,076,2004,3210,3210,1000,12,1,$
14,076,2004,3220,3220,1000,12,1,$
14,076,2004,3230,3230,1000,12,1,$
14,076,2004,331,331,1000,12,1,$
14,076,2004,3311,3311,NA,12,0,$
14,076,2004,3312,3312,NA,12,0,$
14,076,2004,3313,3313,NA,12,0,$
14,076,2004,3320,3320,1000,12,1,$
14,076,2004,3330,3330,1000,12,1,$
14,076,2004,3410,3410,1000,12,1,$
14,076,2004,3420,3420,1000,12,1,$
14,076,2004,3430,3430,1000,12,1,$
14,076,2004,351,351,1000,12,1,$
14,076,2004,3511,3511,NA,12,0,$
14,076,2004,3512,3512,NA,12,0,$
14,076,2004,3520,3520,1000,12,1,$
14,076,2004,3530,3530,1000,12,1,$
14,076,2004,359,359,1000,12,1,$
14,076,2004,3591,3591,NA,12,0,$
14,076,2004,3592,3592,NA,12,0,$
14,076,2004,3599,3599,NA,12,0,$
14,076,2004,3610,3610,1000,12,1,$
14,076,2004,369,369,1000,12,1,$
14,076,2004,3691,3691,NA,12,0,$
14,076,2004,3692,3692,NA,12,0,$
14,076,2004,3693,3693,NA,12,0,$
14,076,2004,3694,3694,NA,12,0,$
14,076,2004,3699,3699,NA,12,0,$
14,076,2004,3710,3710,1000,12,1,$
14,076,2004,3720,3720,1000,12,1,$
14,076,2005,151,151,1000,12,1,$
14,076,2005,1511,1511,NA,12,0,$
14,076,2005,1512,1512,NA,12,0,$
14,076,2005,1513,1513,NA,12,0,$
14,076,2005,1514,1514,NA,12,0,$
14,076,2005,1520,1520,1000,12,1,$
14,076,2005,153,153,1000,12,1,$
14,076,2005,1531,1531,NA,12,0,$
14,076,2005,1532,1532,NA,12,0,$
14,076,2005,1533,1533,NA,12,0,$
14,076,2005,154,154,1000,12,1,$
14,076,2005,1541,1541,NA,12,0,$
14,076,2005,1542,1542,NA,12,0,$
14,076,2005,1543,1543,NA,12,0,$
14,076,2005,1544,1544,NA,12,0,$
14,076,2005,1549,1549,NA,12,0,$
14,076,2005,155,155,1000,12,1,$
14,076,2005,1551,1551,NA,12,0,$
14,076,2005,1552,1552,NA,12,0,$
14,076,2005,1553,1553,NA,12,0,$
14,076,2005,1554,1554,NA,12,0,$
14,076,2005,1600,1600,1000,12,1,$
14,076,2005,171,171,1000,12,1,$
14,076,2005,1711,1711,NA,12,0,$
14,076,2005,1712,1712,NA,12,0,$
14,076,2005,172,172,1000,12,1,$
14,076,2005,1721,1721,NA,12,0,$
14,076,2005,1722,1722,NA,12,0,$
14,076,2005,1723,1723,NA,12,0,$
14,076,2005,1729,1729,NA,12,0,$
14,076,2005,1730,1730,1000,12,1,$
14,076,2005,1810,1810A,1000,12,1,$
14,076,2005,1820,1810A,NA,12,1,$
14,076,2005,191,191,1000,12,1,$
14,076,2005,1911,1911,NA,12,0,$
14,076,2005,1912,1912,NA,12,0,$
14,076,2005,1920,1920,1000,12,1,$
14,076,2005,2010,2010,1000,12,1,$
14,076,2005,202,202,1000,12,1,$
14,076,2005,2021,2021,NA,12,0,$
14,076,2005,2022,2022,NA,12,0,$
14,076,2005,2023,2023,NA,12,0,$
14,076,2005,2029,2029,NA,12,0,$
14,076,2005,210,210,1000,12,1,$
14,076,2005,2101,2101,NA,12,0,$
14,076,2005,2102,2102,NA,12,0,$
14,076,2005,2109,2109,NA,12,0,$
14,076,2005,221,221,1000,12,1,$
14,076,2005,2211,2211,NA,12,0,$
14,076,2005,2212,2212,NA,12,0,$
14,076,2005,2213,2213,NA,12,0,$
14,076,2005,2219,2219,NA,12,0,$
14,076,2005,222,222,1000,12,1,$
14,076,2005,2221,2221,NA,12,0,$
14,076,2005,2222,2222,NA,12,0,$
14,076,2005,2230,2230,1000,12,1,$
14,076,2005,2310,2310,1000,12,1,$
14,076,2005,2320,2320,1000,12,1,$
14,076,2005,2330,2330,1000,12,1,$
14,076,2005,241,241,1000,12,1,$
14,076,2005,2411,2411,NA,12,0,$
14,076,2005,2412,2412,NA,12,0,$
14,076,2005,2413,2413,NA,12,0,$
14,076,2005,242,242,1000,12,1,$
14,076,2005,2421,2421,NA,12,0,$
14,076,2005,2422,2422,NA,12,0,$
14,076,2005,2423,2423,NA,12,0,$
14,076,2005,2424,2424,NA,12,0,$
14,076,2005,2429,2429,NA,12,0,$
14,076,2005,2430,2430,1000,12,1,$
14,076,2005,251,251,1000,12,1,$
14,076,2005,2511,2511,NA,12,0,$
14,076,2005,2519,2519,NA,12,0,$
14,076,2005,2520,2520,1000,12,1,$
14,076,2005,2610,2610,1000,12,1,$
14,076,2005,269,269,1000,12,1,$
14,076,2005,2691,2691,NA,12,0,$
14,076,2005,2692,2692,NA,12,0,$
14,076,2005,2693,2693,NA,12,0,$
14,076,2005,2694,2694,NA,12,0,$
14,076,2005,2695,2695,NA,12,0,$
14,076,2005,2696,2696,NA,12,0,$
14,076,2005,2699,2699,NA,12,0,$
14,076,2005,2710,2710,1000,12,1,$
14,076,2005,2720,2720,1000,12,1,$
14,076,2005,273,273,1000,12,1,$
14,076,2005,2731,2731,NA,12,0,$
14,076,2005,2732,2732,NA,12,0,$
14,076,2005,281,281,1000,12,1,$
14,076,2005,2811,2811,NA,12,0,$
14,076,2005,2812,2812,NA,12,0,$
14,076,2005,2813,2813,NA,12,0,$
14,076,2005,289,289,1000,12,1,$
14,076,2005,2891,2891,NA,12,0,$
14,076,2005,2892,2892,NA,12,0,$
14,076,2005,2893,2893,NA,12,0,$
14,076,2005,2899,2899,NA,12,0,$
14,076,2005,291,291,1000,12,1,$
14,076,2005,2911,2911,NA,12,0,$
14,076,2005,2912,2912,NA,12,0,$
14,076,2005,2913,2913,NA,12,0,$
14,076,2005,2914,2914,NA,12,0,$
14,076,2005,2915,2915,NA,12,0,$
14,076,2005,2919,2919,NA,12,0,$
14,076,2005,292,292,1000,12,1,$
14,076,2005,2921,2921,NA,12,0,$
14,076,2005,2922,2922,NA,12,0,$
14,076,2005,2923,2923,NA,12,0,$
14,076,2005,2924,2924,NA,12,0,$
14,076,2005,2925,2925,NA,12,0,$
14,076,2005,2926,2926,NA,12,0,$
14,076,2005,2927,2927,NA,12,0,$
14,076,2005,2929,2929,NA,12,0,$
14,076,2005,2930,2930,1000,12,1,$
14,076,2005,3000,3000,1000,12,1,$
14,076,2005,3110,3110,1000,12,1,$
14,076,2005,3120,3120,1000,12,1,$
14,076,2005,3130,3130,1000,12,1,$
14,076,2005,3140,3140,1000,12,1,$
14,076,2005,3150,3150,1000,12,1,$
14,076,2005,3190,3190,1000,12,1,$
14,076,2005,3210,3210,1000,12,1,$
14,076,2005,3220,3220,1000,12,1,$
14,076,2005,3230,3230,1000,12,1,$
14,076,2005,331,331,1000,12,1,$
14,076,2005,3311,3311,NA,12,0,$
14,076,2005,3312,3312,NA,12,0,$
14,076,2005,3313,3313,NA,12,0,$
14,076,2005,3320,3320,1000,12,1,$
14,076,2005,3330,3330,1000,12,1,$
14,076,2005,3410,3410,1000,12,1,$
14,076,2005,3420,3420,1000,12,1,$
14,076,2005,3430,3430,1000,12,1,$
14,076,2005,351,351,1000,12,1,$
14,076,2005,3511,3511,NA,12,0,$
14,076,2005,3512,3512,NA,12,0,$
14,076,2005,3520,3520,1000,12,1,$
14,076,2005,3530,3530,1000,12,1,$
14,076,2005,359,359,1000,12,1,$
14,076,2005,3591,3591,NA,12,0,$
14,076,2005,3592,3592,NA,12,0,$
14,076,2005,3599,3599,NA,12,0,$
14,076,2005,3610,3610,1000,12,1,$
14,076,2005,369,369,1000,12,1,$
14,076,2005,3691,3691,NA,12,0,$
14,076,2005,3692,3692,NA,12,0,$
14,076,2005,3693,3693,NA,12,0,$
14,076,2005,3694,3694,NA,12,0,$
14,076,2005,3699,3699,NA,12,0,$
14,076,2005,3710,3710,1000,12,1,$
14,076,2005,3720,3720,1000,12,1,$
14,076,2006,151,151,1000,12,1,$
14,076,2006,1511,1511,NA,12,0,$
14,076,2006,1512,1512,NA,12,0,$
14,076,2006,1513,1513,NA,12,0,$
14,076,2006,1514,1514,NA,12,0,$
14,076,2006,1520,1520,1000,12,1,$
14,076,2006,153,153,1000,12,1,$
14,076,2006,1531,1531,NA,12,0,$
14,076,2006,1532,1532,NA,12,0,$
14,076,2006,1533,1533,NA,12,0,$
14,076,2006,154,154,1000,12,1,$
14,076,2006,1541,1541,NA,12,0,$
14,076,2006,1542,1542,NA,12,0,$
14,076,2006,1543,1543,NA,12,0,$
14,076,2006,1544,1544,NA,12,0,$
14,076,2006,1549,1549,NA,12,0,$
14,076,2006,155,155,1000,12,1,$
14,076,2006,1551,1551,NA,12,0,$
14,076,2006,1552,1552,NA,12,0,$
14,076,2006,1553,1553,NA,12,0,$
14,076,2006,1554,1554,NA,12,0,$
14,076,2006,1600,1600,1000,12,1,$
14,076,2006,171,171,1000,12,1,$
14,076,2006,1711,1711,NA,12,0,$
14,076,2006,1712,1712,NA,12,0,$
14,076,2006,172,172,1000,12,1,$
14,076,2006,1721,1721,NA,12,0,$
14,076,2006,1722,1722,NA,12,0,$
14,076,2006,1723,1723,NA,12,0,$
14,076,2006,1729,1729,NA,12,0,$
14,076,2006,1730,1730,1000,12,1,$
14,076,2006,1810,1810A,1000,12,1,$
14,076,2006,1820,1810A,NA,12,1,$
14,076,2006,191,191,1000,12,1,$
14,076,2006,1911,1911,NA,12,0,$
14,076,2006,1912,1912,NA,12,0,$
14,076,2006,1920,1920,1000,12,1,$
14,076,2006,2010,2010,1000,12,1,$
14,076,2006,202,202,1000,12,1,$
14,076,2006,2021,2021,NA,12,0,$
14,076,2006,2022,2022,NA,12,0,$
14,076,2006,2023,2023,NA,12,0,$
14,076,2006,2029,2029,NA,12,0,$
14,076,2006,210,210,1000,12,1,$
14,076,2006,2101,2101,NA,12,0,$
14,076,2006,2102,2102,NA,12,0,$
14,076,2006,2109,2109,NA,12,0,$
14,076,2006,221,221,1000,12,1,$
14,076,2006,2211,2211,NA,12,0,$
14,076,2006,2212,2212,NA,12,0,$
14,076,2006,2213,2213,NA,12,0,$
14,076,2006,2219,2219,NA,12,0,$
14,076,2006,222,222,1000,12,1,$
14,076,2006,2221,2221,NA,12,0,$
14,076,2006,2222,2222,NA,12,0,$
14,076,2006,2230,2230,1000,12,1,$
14,076,2006,2310,2310,1000,12,1,$
14,076,2006,2320,2320,1000,12,1,$
14,076,2006,2330,2330,NA,12,0,$
14,076,2006,241,241,1000,12,1,$
14,076,2006,2411,2411,NA,12,0,$
14,076,2006,2412,2412,NA,12,0,$
14,076,2006,2413,2413,NA,12,0,$
14,076,2006,242,242,1000,12,1,$
14,076,2006,2421,2421,NA,12,0,$
14,076,2006,2422,2422,NA,12,0,$
14,076,2006,2423,2423,NA,12,0,$
14,076,2006,2424,2424,NA,12,0,$
14,076,2006,2429,2429,NA,12,0,$
14,076,2006,2430,2430,1000,12,1,$
14,076,2006,251,251,1000,12,1,$
14,076,2006,2511,2511,NA,12,0,$
14,076,2006,2519,2519,NA,12,0,$
14,076,2006,2520,2520,1000,12,1,$
14,076,2006,2610,2610,1000,12,1,$
14,076,2006,269,269,1000,12,1,$
14,076,2006,2691,2691,NA,12,0,$
14,076,2006,2692,2692,NA,12,0,$
14,076,2006,2693,2693,NA,12,0,$
14,076,2006,2694,2694,NA,12,0,$
14,076,2006,2695,2695,NA,12,0,$
14,076,2006,2696,2696,NA,12,0,$
14,076,2006,2699,2699,NA,12,0,$
14,076,2006,2710,2710,1000,12,1,$
14,076,2006,2720,2720,1000,12,1,$
14,076,2006,273,273,1000,12,1,$
14,076,2006,2731,2731,NA,12,0,$
14,076,2006,2732,2732,NA,12,0,$
14,076,2006,281,281,1000,12,1,$
14,076,2006,2811,2811,NA,12,0,$
14,076,2006,2812,2812,NA,12,0,$
14,076,2006,2813,2813,NA,12,0,$
14,076,2006,289,289,1000,12,1,$
14,076,2006,2891,2891,NA,12,0,$
14,076,2006,2892,2892,NA,12,0,$
14,076,2006,2893,2893,NA,12,0,$
14,076,2006,2899,2899,NA,12,0,$
14,076,2006,291,291,1000,12,1,$
14,076,2006,2911,2911,NA,12,0,$
14,076,2006,2912,2912,NA,12,0,$
14,076,2006,2913,2913,NA,12,0,$
14,076,2006,2914,2914,NA,12,0,$
14,076,2006,2915,2915,NA,12,0,$
14,076,2006,2919,2919,NA,12,0,$
14,076,2006,292,292,1000,12,1,$
14,076,2006,2921,2921,NA,12,0,$
14,076,2006,2922,2922,NA,12,0,$
14,076,2006,2923,2923,NA,12,0,$
14,076,2006,2924,2924,NA,12,0,$
14,076,2006,2925,2925,NA,12,0,$
14,076,2006,2926,2926,NA,12,0,$
14,076,2006,2927,2927,NA,12,0,$
14,076,2006,2929,2929,NA,12,0,$
14,076,2006,2930,2930,1000,12,1,$
14,076,2006,3000,3000,1000,12,1,$
14,076,2006,3110,3110,1000,12,1,$
14,076,2006,3120,3120,1000,12,1,$
14,076,2006,3130,3130,1000,12,1,$
14,076,2006,3140,3140,1000,12,1,$
14,076,2006,3150,3150,1000,12,1,$
14,076,2006,3190,3190,1000,12,1,$
14,076,2006,3210,3210,1000,12,1,$
14,076,2006,3220,3220,1000,12,1,$
14,076,2006,3230,3230,1000,12,1,$
14,076,2006,331,331,1000,12,1,$
14,076,2006,3311,3311,NA,12,0,$
14,076,2006,3312,3312,NA,12,0,$
14,076,2006,3313,3313,NA,12,0,$
14,076,2006,3320,3320,1000,12,1,$
14,076,2006,3330,3330,1000,12,1,$
14,076,2006,3410,3410,1000,12,1,$
14,076,2006,3420,3420,1000,12,1,$
14,076,2006,3430,3430,1000,12,1,$
14,076,2006,351,351,1000,12,1,$
14,076,2006,3511,3511,NA,12,0,$
14,076,2006,3512,3512,NA,12,0,$
14,076,2006,3520,3520,1000,12,1,$
14,076,2006,3530,3530,1000,12,1,$
14,076,2006,359,359,1000,12,1,$
14,076,2006,3591,3591,NA,12,0,$
14,076,2006,3592,3592,NA,12,0,$
14,076,2006,3599,3599,NA,12,0,$
14,076,2006,3610,3610,1000,12,1,$
14,076,2006,369,369,1000,12,1,$
14,076,2006,3691,3691,NA,12,0,$
14,076,2006,3692,3692,NA,12,0,$
14,076,2006,3693,3693,NA,12,0,$
14,076,2006,3694,3694,NA,12,0,$
14,076,2006,3699,3699,NA,12,0,$
14,076,2006,3710,3710,1000,12,1,$
14,076,2006,3720,3720,1000,12,1,$
14,076,2007,151,151,1000,12,1,$
14,076,2007,1511,1511,NA,12,0,$
14,076,2007,1512,1512,NA,12,0,$
14,076,2007,1513,1513,NA,12,0,$
14,076,2007,1514,1514,NA,12,0,$
14,076,2007,1520,1520,1000,12,1,$
14,076,2007,153,153,1000,12,1,$
14,076,2007,1531,1531,NA,12,0,$
14,076,2007,1532,1532,NA,12,0,$
14,076,2007,1533,1533,NA,12,0,$
14,076,2007,154,154,1000,12,1,$
14,076,2007,1541,1541,NA,12,0,$
14,076,2007,1542,1542,NA,12,0,$
14,076,2007,1543,1543,NA,12,0,$
14,076,2007,1544,1544,NA,12,0,$
14,076,2007,1549,1549,NA,12,0,$
14,076,2007,155,155,1000,12,1,$
14,076,2007,1551,1551,NA,12,0,$
14,076,2007,1552,1552,NA,12,0,$
14,076,2007,1553,1553,NA,12,0,$
14,076,2007,1554,1554,NA,12,0,$
14,076,2007,1600,1600,1000,12,1,$
14,076,2007,171,171,1000,12,1,$
14,076,2007,1711,1711,NA,12,0,$
14,076,2007,1712,1712,NA,12,0,$
14,076,2007,172,172,1000,12,1,$
14,076,2007,1721,1721,NA,12,0,$
14,076,2007,1722,1722,NA,12,0,$
14,076,2007,1723,1723,NA,12,0,$
14,076,2007,1729,1729,NA,12,0,$
14,076,2007,1730,1730,1000,12,1,$
14,076,2007,1810,1810A,1000,12,1,$
14,076,2007,1820,1810A,NA,12,1,$
14,076,2007,191,191,1000,12,1,$
14,076,2007,1911,1911,NA,12,0,$
14,076,2007,1912,1912,NA,12,0,$
14,076,2007,1920,1920,1000,12,1,$
14,076,2007,2010,2010,1000,12,1,$
14,076,2007,202,202,1000,12,1,$
14,076,2007,2021,2021,NA,12,0,$
14,076,2007,2022,2022,NA,12,0,$
14,076,2007,2023,2023,NA,12,0,$
14,076,2007,2029,2029,NA,12,0,$
14,076,2007,210,210,1000,12,1,$
14,076,2007,2101,2101,NA,12,0,$
14,076,2007,2102,2102,NA,12,0,$
14,076,2007,2109,2109,NA,12,0,$
14,076,2007,221,221,1000,12,1,$
14,076,2007,2211,2211,NA,12,0,$
14,076,2007,2212,2212,NA,12,0,$
14,076,2007,2213,2213,NA,12,0,$
14,076,2007,2219,2219,NA,12,0,$
14,076,2007,222,222,1000,12,1,$
14,076,2007,2221,2221,NA,12,0,$
14,076,2007,2222,2222,NA,12,0,$
14,076,2007,2230,2230,1000,12,1,$
14,076,2007,2310,2310,1000,12,1,$
14,076,2007,2320,2320,1000,12,1,$
14,076,2007,2330,2330,NA,12,0,$
14,076,2007,241,241,1000,12,1,$
14,076,2007,2411,2411,NA,12,0,$
14,076,2007,2412,2412,NA,12,0,$
14,076,2007,2413,2413,NA,12,0,$
14,076,2007,242,242,1000,12,1,$
14,076,2007,2421,2421,NA,12,0,$
14,076,2007,2422,2422,NA,12,0,$
14,076,2007,2423,2423,NA,12,0,$
14,076,2007,2424,2424,NA,12,0,$
14,076,2007,2429,2429,NA,12,0,$
14,076,2007,2430,2430,1000,12,1,$
14,076,2007,251,251,1000,12,1,$
14,076,2007,2511,2511,NA,12,0,$
14,076,2007,2519,2519,NA,12,0,$
14,076,2007,2520,2520,1000,12,1,$
14,076,2007,2610,2610,1000,12,1,$
14,076,2007,269,269,1000,12,1,$
14,076,2007,2691,2691,NA,12,0,$
14,076,2007,2692,2692,NA,12,0,$
14,076,2007,2693,2693,NA,12,0,$
14,076,2007,2694,2694,NA,12,0,$
14,076,2007,2695,2695,NA,12,0,$
14,076,2007,2696,2696,NA,12,0,$
14,076,2007,2699,2699,NA,12,0,$
14,076,2007,2710,2710,1000,12,1,$
14,076,2007,2720,2720,1000,12,1,$
14,076,2007,273,273,1000,12,1,$
14,076,2007,2731,2731,NA,12,0,$
14,076,2007,2732,2732,NA,12,0,$
14,076,2007,281,281,1000,12,1,$
14,076,2007,2811,2811,NA,12,0,$
14,076,2007,2812,2812,NA,12,0,$
14,076,2007,2813,2813,NA,12,0,$
14,076,2007,289,289,1000,12,1,$
14,076,2007,2891,2891,NA,12,0,$
14,076,2007,2892,2892,NA,12,0,$
14,076,2007,2893,2893,NA,12,0,$
14,076,2007,2899,2899,NA,12,0,$
14,076,2007,291,291,1000,12,1,$
14,076,2007,2911,2911,NA,12,0,$
14,076,2007,2912,2912,NA,12,0,$
14,076,2007,2913,2913,NA,12,0,$
14,076,2007,2914,2914,NA,12,0,$
14,076,2007,2915,2915,NA,12,0,$
14,076,2007,2919,2919,NA,12,0,$
14,076,2007,292,292,1000,12,1,$
14,076,2007,2921,2921,NA,12,0,$
14,076,2007,2922,2922,NA,12,0,$
14,076,2007,2923,2923,NA,12,0,$
14,076,2007,2924,2924,NA,12,0,$
14,076,2007,2925,2925,NA,12,0,$
14,076,2007,2926,2926,NA,12,0,$
14,076,2007,2927,2927,NA,12,0,$
14,076,2007,2929,2929,NA,12,0,$
14,076,2007,2930,2930,1000,12,1,$
14,076,2007,3000,3000,1000,12,1,$
14,076,2007,3110,3110,1000,12,1,$
14,076,2007,3120,3120,1000,12,1,$
14,076,2007,3130,3130,1000,12,1,$
14,076,2007,3140,3140,1000,12,1,$
14,076,2007,3150,3150,1000,12,1,$
14,076,2007,3190,3190,1000,12,1,$
14,076,2007,3210,3210,1000,12,1,$
14,076,2007,3220,3220,1000,12,1,$
14,076,2007,3230,3230,1000,12,1,$
14,076,2007,331,331,1000,12,1,$
14,076,2007,3311,3311,NA,12,0,$
14,076,2007,3312,3312,NA,12,0,$
14,076,2007,3313,3313,NA,12,0,$
14,076,2007,3320,3320,1000,12,1,$
14,076,2007,3330,3330,1000,12,1,$
14,076,2007,3410,3410,1000,12,1,$
14,076,2007,3420,3420,1000,12,1,$
14,076,2007,3430,3430,1000,12,1,$
14,076,2007,351,351,1000,12,1,$
14,076,2007,3511,3511,NA,12,0,$
14,076,2007,3512,3512,NA,12,0,$
14,076,2007,3520,3520,1000,12,1,$
14,076,2007,3530,3530,1000,12,1,$
14,076,2007,359,359,1000,12,1,$
14,076,2007,3591,3591,NA,12,0,$
14,076,2007,3592,3592,NA,12,0,$
14,076,2007,3599,3599,NA,12,0,$
14,076,2007,3610,3610,1000,12,1,$
14,076,2007,369,369,1000,12,1,$
14,076,2007,3691,3691,NA,12,0,$
14,076,2007,3692,3692,NA,12,0,$
14,076,2007,3693,3693,NA,12,0,$
14,076,2007,3694,3694,NA,12,0,$
14,076,2007,3699,3699,NA,12,0,$
14,076,2007,3710,3710,1000,12,1,$
14,076,2007,3720,3720,1000,12,1,$
14,156,2003,151,151,1000,13,1,$
14,156,2003,1511,1511,1000,13,1,$
14,156,2003,1512,1512,1000,13,1,$
14,156,2003,1513,1513,1000,13,1,$
14,156,2003,1514,1514,1000,13,1,$
14,156,2003,1520,1520,1000,13,1,$
14,156,2003,153,153,1000,13,1,$
14,156,2003,1531,1531,1000,13,1,$
14,156,2003,1532,1532,1000,13,1,$
14,156,2003,1533,1533,1000,13,1,$
14,156,2003,154,154,1000,13,1,$
14,156,2003,1541,1541,1000,13,1,$
14,156,2003,1542,1542,1000,13,1,$
14,156,2003,1543,1543,1000,13,1,$
14,156,2003,1544,1544,1000,13,1,$
14,156,2003,1549,1549,1000,13,1,$
14,156,2003,155,155,1000,13,1,$
14,156,2003,1551,1551,1000,13,1,$
14,156,2003,1552,1552,1000,13,1,$
14,156,2003,1553,1553,1000,13,1,$
14,156,2003,1554,1554,1000,13,1,$
14,156,2003,1600,1600,1000,13,1,$
14,156,2003,171,171,1000,13,1,$
14,156,2003,1711,1711,1000,13,1,$
14,156,2003,1712,1712,1000,13,1,$
14,156,2003,172,172,1000,13,1,$
14,156,2003,1721,1721,1000,13,1,$
14,156,2003,1722,1722,1000,13,1,$
14,156,2003,1723,1723,1000,13,1,$
14,156,2003,1729,1729,1000,13,1,$
14,156,2003,1730,1730,1000,13,1,$
14,156,2003,1810,1810,1000,13,1,$
14,156,2003,1820,1820,1000,13,1,$
14,156,2003,191,191,1000,13,1,$
14,156,2003,1911,1911,1000,13,1,$
14,156,2003,1912,1912,1000,13,1,$
14,156,2003,1920,1920,1000,13,1,$
14,156,2003,2010,2010,1000,13,1,$
14,156,2003,202,202,1000,13,1,$
14,156,2003,2021,2021,1000,13,1,$
14,156,2003,2022,2022,1000,13,1,$
14,156,2003,2023,2023,1000,13,1,$
14,156,2003,2029,2029,1000,13,1,$
14,156,2003,210,210,1000,13,1,$
14,156,2003,2101,2101,1000,13,1,$
14,156,2003,2102,2102,1000,13,1,$
14,156,2003,2109,2109,1000,13,1,$
14,156,2003,221,221,NA,13,0,$
14,156,2003,2211,2211,NA,13,0,$
14,156,2003,2212,2212,NA,13,0,$
14,156,2003,2213,2213,NA,13,0,$
14,156,2003,2219,2219,NA,13,0,$
14,156,2003,222,222,1000,13,1,$
14,156,2003,2221,2221,1000,13,1,$
14,156,2003,2222,2222,1000,13,1,$
14,156,2003,2230,2230,1000,13,1,$
14,156,2003,2310,2310,1000,13,1,$
14,156,2003,2320,2320,1000,13,1,$
14,156,2003,2330,2330,NA,13,0,$
14,156,2003,241,241,1000,13,1,$
14,156,2003,2411,2411,1000,13,1,$
14,156,2003,2412,2412,1000,13,1,$
14,156,2003,2413,2413,1000,13,1,$
14,156,2003,242,242,1000,13,1,$
14,156,2003,2421,2421,1000,13,1,$
14,156,2003,2422,2422,1000,13,1,$
14,156,2003,2423,2423,1000,13,1,$
14,156,2003,2424,2424,1000,13,1,$
14,156,2003,2429,2429,1000,13,1,$
14,156,2003,2430,2430,1000,13,1,$
14,156,2003,251,251,1000,13,1,$
14,156,2003,2511,2511,1000,13,1,$
14,156,2003,2519,2519,1000,13,1,$
14,156,2003,2520,2520,1000,13,1,$
14,156,2003,2610,2610,1000,13,1,$
14,156,2003,269,269,1000,13,1,$
14,156,2003,2691,2691,1000,13,1,$
14,156,2003,2692,2692,1000,13,1,$
14,156,2003,2693,2693,1000,13,1,$
14,156,2003,2694,2694,1000,13,1,$
14,156,2003,2695,2695,1000,13,1,$
14,156,2003,2696,2696,1000,13,1,$
14,156,2003,2699,2699,1000,13,1,$
14,156,2003,2710,2710,1000,13,1,$
14,156,2003,2720,2720,1000,13,1,$
14,156,2003,273,273,1000,13,1,$
14,156,2003,2731,2731,1000,13,1,$
14,156,2003,2732,2732,1000,13,1,$
14,156,2003,281,281,1000,13,1,$
14,156,2003,2811,2811,1000,13,1,$
14,156,2003,2812,2812,1000,13,1,$
14,156,2003,2813,2813,1000,13,1,$
14,156,2003,289,289,1000,13,1,$
14,156,2003,2891,2891,1000,13,1,$
14,156,2003,2892,2892,1000,13,1,$
14,156,2003,2893,2893,1000,13,1,$
14,156,2003,2899,2899,1000,13,1,$
14,156,2003,291,291,1000,13,1,$
14,156,2003,2911,2911,1000,13,1,$
14,156,2003,2912,2912,1000,13,1,$
14,156,2003,2913,2913,1000,13,1,$
14,156,2003,2914,2914,1000,13,1,$
14,156,2003,2915,2915,1000,13,1,$
14,156,2003,2919,2919,1000,13,1,$
14,156,2003,292,292,1000,13,1,$
14,156,2003,2921,2921,1000,13,1,$
14,156,2003,2922,2922,1000,13,1,$
14,156,2003,2923,2923,1000,13,1,$
14,156,2003,2924,2924,1000,13,1,$
14,156,2003,2925,2925,1000,13,1,$
14,156,2003,2926,2926,1000,13,1,$
14,156,2003,2927,2927,NA,13,0,$
14,156,2003,2929,2929,1000,13,1,$
14,156,2003,2930,2930,1000,13,1,$
14,156,2003,3000,3000,1000,13,1,$
14,156,2003,3110,3110,1000,13,1,$
14,156,2003,3120,3120,1000,13,1,$
14,156,2003,3130,3130,1000,13,1,$
14,156,2003,3140,3140,1000,13,1,$
14,156,2003,3150,3150,1000,13,1,$
14,156,2003,3190,3190,1000,13,1,$
14,156,2003,3210,3210,1000,13,1,$
14,156,2003,3220,3220,1000,13,1,$
14,156,2003,3230,3230,1000,13,1,$
14,156,2003,331,331,1000,13,1,$
14,156,2003,3311,3311,1000,13,1,$
14,156,2003,3312,3312,1000,13,1,$
14,156,2003,3313,3313,1000,13,1,$
14,156,2003,3320,3320,1000,13,1,$
14,156,2003,3330,3330,1000,13,1,$
14,156,2003,3410,3410,1000,13,1,$
14,156,2003,3420,3420,1000,13,1,$
14,156,2003,3430,3430,1000,13,1,$
14,156,2003,351,351,1000,13,1,$
14,156,2003,3511,3511,1000,13,1,$
14,156,2003,3512,3512,1000,13,1,$
14,156,2003,3520,3520,1000,13,1,$
14,156,2003,3530,3530,1000,13,1,$
14,156,2003,359,359,1000,13,1,$
14,156,2003,3591,3591,1000,13,1,$
14,156,2003,3592,3592,1000,13,1,$
14,156,2003,3599,3599,1000,13,1,$
14,156,2003,3610,3610,1000,13,1,$
14,156,2003,369,369,1000,13,1,$
14,156,2003,3691,3691,1000,13,1,$
14,156,2003,3692,3692,1000,13,1,$
14,156,2003,3693,3693,1000,13,1,$
14,156,2003,3694,3694,1000,13,1,$
14,156,2003,3699,3699,1000,13,1,$
14,156,2003,3710,3710,1000,13,1,$
14,156,2003,3720,3720,1000,13,1,$
14,156,2004,151,151,1000,13,1,$
14,156,2004,1511,1511,1000,13,1,$
14,156,2004,1512,1512,1000,13,1,$
14,156,2004,1513,1513,1000,13,1,$
14,156,2004,1514,1514,1000,13,1,$
14,156,2004,1520,1520,1000,13,1,$
14,156,2004,153,153,1000,13,1,$
14,156,2004,1531,1531,1000,13,1,$
14,156,2004,1532,1532,1000,13,1,$
14,156,2004,1533,1533,1000,13,1,$
14,156,2004,154,154,1000,13,1,$
14,156,2004,1541,1541,1000,13,1,$
14,156,2004,1542,1542,1000,13,1,$
14,156,2004,1543,1543,1000,13,1,$
14,156,2004,1544,1544,1000,13,1,$
14,156,2004,1549,1549,1000,13,1,$
14,156,2004,155,155,1000,13,1,$
14,156,2004,1551,1551,1000,13,1,$
14,156,2004,1552,1552,1000,13,1,$
14,156,2004,1553,1553,1000,13,1,$
14,156,2004,1554,1554,1000,13,1,$
14,156,2004,1600,1600,1000,13,1,$
14,156,2004,171,171,1000,13,1,$
14,156,2004,1711,1711,1000,13,1,$
14,156,2004,1712,1712,1000,13,1,$
14,156,2004,172,172,1000,13,1,$
14,156,2004,1721,1721,1000,13,1,$
14,156,2004,1722,1722,1000,13,1,$
14,156,2004,1723,1723,1000,13,1,$
14,156,2004,1729,1729,1000,13,1,$
14,156,2004,1730,1730,1000,13,1,$
14,156,2004,1810,1810,1000,13,1,$
14,156,2004,1820,1820,1000,13,1,$
14,156,2004,191,191,1000,13,1,$
14,156,2004,1911,1911,1000,13,1,$
14,156,2004,1912,1912,1000,13,1,$
14,156,2004,1920,1920,1000,13,1,$
14,156,2004,2010,2010,1000,13,1,$
14,156,2004,202,202,1000,13,1,$
14,156,2004,2021,2021,1000,13,1,$
14,156,2004,2022,2022,1000,13,1,$
14,156,2004,2023,2023,1000,13,1,$
14,156,2004,2029,2029,1000,13,1,$
14,156,2004,210,210,1000,13,1,$
14,156,2004,2101,2101,1000,13,1,$
14,156,2004,2102,2102,1000,13,1,$
14,156,2004,2109,2109,1000,13,1,$
14,156,2004,221,221,NA,13,0,$
14,156,2004,2211,2211,NA,13,0,$
14,156,2004,2212,2212,NA,13,0,$
14,156,2004,2213,2213,NA,13,0,$
14,156,2004,2219,2219,NA,13,0,$
14,156,2004,222,222,1000,13,1,$
14,156,2004,2221,2221,1000,13,1,$
14,156,2004,2222,2222,1000,13,1,$
14,156,2004,2230,2230,1000,13,1,$
14,156,2004,2310,2310,1000,13,1,$
14,156,2004,2320,2320,1000,13,1,$
14,156,2004,2330,2330,NA,13,0,$
14,156,2004,241,241,1000,13,1,$
14,156,2004,2411,2411,1000,13,1,$
14,156,2004,2412,2412,1000,13,1,$
14,156,2004,2413,2413,1000,13,1,$
14,156,2004,242,242,1000,13,1,$
14,156,2004,2421,2421,1000,13,1,$
14,156,2004,2422,2422,1000,13,1,$
14,156,2004,2423,2423,1000,13,1,$
14,156,2004,2424,2424,1000,13,1,$
14,156,2004,2429,2429,1000,13,1,$
14,156,2004,2430,2430,1000,13,1,$
14,156,2004,251,251,1000,13,1,$
14,156,2004,2511,2511,1000,13,1,$
14,156,2004,2519,2519,1000,13,1,$
14,156,2004,2520,2520,1000,13,1,$
14,156,2004,2610,2610,1000,13,1,$
14,156,2004,269,269,1000,13,1,$
14,156,2004,2691,2691,1000,13,1,$
14,156,2004,2692,2692,1000,13,1,$
14,156,2004,2693,2693,1000,13,1,$
14,156,2004,2694,2694,1000,13,1,$
14,156,2004,2695,2695,1000,13,1,$
14,156,2004,2696,2696,1000,13,1,$
14,156,2004,2699,2699,1000,13,1,$
14,156,2004,2710,2710,1000,13,1,$
14,156,2004,2720,2720,1000,13,1,$
14,156,2004,273,273,1000,13,1,$
14,156,2004,2731,2731,1000,13,1,$
14,156,2004,2732,2732,1000,13,1,$
14,156,2004,281,281,1000,13,1,$
14,156,2004,2811,2811,1000,13,1,$
14,156,2004,2812,2812,1000,13,1,$
14,156,2004,2813,2813,1000,13,1,$
14,156,2004,289,289,1000,13,1,$
14,156,2004,2891,2891,1000,13,1,$
14,156,2004,2892,2892,1000,13,1,$
14,156,2004,2893,2893,1000,13,1,$
14,156,2004,2899,2899,1000,13,1,$
14,156,2004,291,291,1000,13,1,$
14,156,2004,2911,2911,1000,13,1,$
14,156,2004,2912,2912,1000,13,1,$
14,156,2004,2913,2913,1000,13,1,$
14,156,2004,2914,2914,1000,13,1,$
14,156,2004,2915,2915,1000,13,1,$
14,156,2004,2919,2919,1000,13,1,$
14,156,2004,292,292,1000,13,1,$
14,156,2004,2921,2921,1000,13,1,$
14,156,2004,2922,2922,1000,13,1,$
14,156,2004,2923,2923,1000,13,1,$
14,156,2004,2924,2924,1000,13,1,$
14,156,2004,2925,2925,1000,13,1,$
14,156,2004,2926,2926,1000,13,1,$
14,156,2004,2927,2927,NA,13,0,$
14,156,2004,2929,2929,1000,13,1,$
14,156,2004,2930,2930,1000,13,1,$
14,156,2004,3000,3000,1000,13,1,$
14,156,2004,3110,3110,1000,13,1,$
14,156,2004,3120,3120,1000,13,1,$
14,156,2004,3130,3130,1000,13,1,$
14,156,2004,3140,3140,1000,13,1,$
14,156,2004,3150,3150,1000,13,1,$
14,156,2004,3190,3190,1000,13,1,$
14,156,2004,3210,3210,1000,13,1,$
14,156,2004,3220,3220,1000,13,1,$
14,156,2004,3230,3230,1000,13,1,$
14,156,2004,331,331,1000,13,1,$
14,156,2004,3311,3311,1000,13,1,$
14,156,2004,3312,3312,1000,13,1,$
14,156,2004,3313,3313,1000,13,1,$
14,156,2004,3320,3320,1000,13,1,$
14,156,2004,3330,3330,1000,13,1,$
14,156,2004,3410,3410,1000,13,1,$
14,156,2004,3420,3420,1000,13,1,$
14,156,2004,3430,3430,1000,13,1,$
14,156,2004,351,351,1000,13,1,$
14,156,2004,3511,3511,1000,13,1,$
14,156,2004,3512,3512,1000,13,1,$
14,156,2004,3520,3520,1000,13,1,$
14,156,2004,3530,3530,1000,13,1,$
14,156,2004,359,359,1000,13,1,$
14,156,2004,3591,3591,1000,13,1,$
14,156,2004,3592,3592,1000,13,1,$
14,156,2004,3599,3599,1000,13,1,$
14,156,2004,3610,3610,1000,13,1,$
14,156,2004,369,369,1000,13,1,$
14,156,2004,3691,3691,1000,13,1,$
14,156,2004,3692,3692,1000,13,1,$
14,156,2004,3693,3693,1000,13,1,$
14,156,2004,3694,3694,1000,13,1,$
14,156,2004,3699,3699,1000,13,1,$
14,156,2004,3710,3710,1000,13,1,$
14,156,2004,3720,3720,1000,13,1,$
14,156,2005,151,151,1000,13,1,$
14,156,2005,1511,1511,1000,13,1,$
14,156,2005,1512,1512,1000,13,1,$
14,156,2005,1513,1513,1000,13,1,$
14,156,2005,1514,1514,1000,13,1,$
14,156,2005,1520,1520,1000,13,1,$
14,156,2005,153,153,1000,13,1,$
14,156,2005,1531,1531,1000,13,1,$
14,156,2005,1532,1532,1000,13,1,$
14,156,2005,1533,1533,1000,13,1,$
14,156,2005,154,154,1000,13,1,$
14,156,2005,1541,1541,1000,13,1,$
14,156,2005,1542,1542,1000,13,1,$
14,156,2005,1543,1543,1000,13,1,$
14,156,2005,1544,1544,1000,13,1,$
14,156,2005,1549,1549,1000,13,1,$
14,156,2005,155,155,1000,13,1,$
14,156,2005,1551,1551,1000,13,1,$
14,156,2005,1552,1552,1000,13,1,$
14,156,2005,1553,1553,1000,13,1,$
14,156,2005,1554,1554,1000,13,1,$
14,156,2005,1600,1600,1000,13,1,$
14,156,2005,171,171,1000,13,1,$
14,156,2005,1711,1711,1000,13,1,$
14,156,2005,1712,1712,1000,13,1,$
14,156,2005,172,172,1000,13,1,$
14,156,2005,1721,1721,1000,13,1,$
14,156,2005,1722,1722,1000,13,1,$
14,156,2005,1723,1723,1000,13,1,$
14,156,2005,1729,1729,1000,13,1,$
14,156,2005,1730,1730,1000,13,1,$
14,156,2005,1810,1810,1000,13,1,$
14,156,2005,1820,1820,1000,13,1,$
14,156,2005,191,191,1000,13,1,$
14,156,2005,1911,1911,1000,13,1,$
14,156,2005,1912,1912,1000,13,1,$
14,156,2005,1920,1920,1000,13,1,$
14,156,2005,2010,2010,1000,13,1,$
14,156,2005,202,202,1000,13,1,$
14,156,2005,2021,2021,1000,13,1,$
14,156,2005,2022,2022,1000,13,1,$
14,156,2005,2023,2023,1000,13,1,$
14,156,2005,2029,2029,1000,13,1,$
14,156,2005,210,210,1000,13,1,$
14,156,2005,2101,2101,1000,13,1,$
14,156,2005,2102,2102,1000,13,1,$
14,156,2005,2109,2109,1000,13,1,$
14,156,2005,221,221,NA,13,0,$
14,156,2005,2211,2211,NA,13,0,$
14,156,2005,2212,2212,NA,13,0,$
14,156,2005,2213,2213,NA,13,0,$
14,156,2005,2219,2219,NA,13,0,$
14,156,2005,222,222,1000,13,1,$
14,156,2005,2221,2221,1000,13,1,$
14,156,2005,2222,2222,1000,13,1,$
14,156,2005,2230,2230,1000,13,1,$
14,156,2005,2310,2310,1000,13,1,$
14,156,2005,2320,2320,1000,13,1,$
14,156,2005,2330,2330,NA,13,0,$
14,156,2005,241,241,1000,13,1,$
14,156,2005,2411,2411,1000,13,1,$
14,156,2005,2412,2412,1000,13,1,$
14,156,2005,2413,2413,1000,13,1,$
14,156,2005,242,242,1000,13,1,$
14,156,2005,2421,2421,1000,13,1,$
14,156,2005,2422,2422,1000,13,1,$
14,156,2005,2423,2423,1000,13,1,$
14,156,2005,2424,2424,1000,13,1,$
14,156,2005,2429,2429,1000,13,1,$
14,156,2005,2430,2430,1000,13,1,$
14,156,2005,251,251,1000,13,1,$
14,156,2005,2511,2511,1000,13,1,$
14,156,2005,2519,2519,1000,13,1,$
14,156,2005,2520,2520,1000,13,1,$
14,156,2005,2610,2610,1000,13,1,$
14,156,2005,269,269,1000,13,1,$
14,156,2005,2691,2691,1000,13,1,$
14,156,2005,2692,2692,1000,13,1,$
14,156,2005,2693,2693,1000,13,1,$
14,156,2005,2694,2694,1000,13,1,$
14,156,2005,2695,2695,1000,13,1,$
14,156,2005,2696,2696,1000,13,1,$
14,156,2005,2699,2699,1000,13,1,$
14,156,2005,2710,2710,1000,13,1,$
14,156,2005,2720,2720,1000,13,1,$
14,156,2005,273,273,1000,13,1,$
14,156,2005,2731,2731,1000,13,1,$
14,156,2005,2732,2732,1000,13,1,$
14,156,2005,281,281,1000,13,1,$
14,156,2005,2811,2811,1000,13,1,$
14,156,2005,2812,2812,1000,13,1,$
14,156,2005,2813,2813,1000,13,1,$
14,156,2005,289,289,1000,13,1,$
14,156,2005,2891,2891,1000,13,1,$
14,156,2005,2892,2892,1000,13,1,$
14,156,2005,2893,2893,1000,13,1,$
14,156,2005,2899,2899,1000,13,1,$
14,156,2005,291,291,1000,13,1,$
14,156,2005,2911,2911,1000,13,1,$
14,156,2005,2912,2912,1000,13,1,$
14,156,2005,2913,2913,1000,13,1,$
14,156,2005,2914,2914,1000,13,1,$
14,156,2005,2915,2915,1000,13,1,$
14,156,2005,2919,2919,1000,13,1,$
14,156,2005,292,292,1000,13,1,$
14,156,2005,2921,2921,1000,13,1,$
14,156,2005,2922,2922,1000,13,1,$
14,156,2005,2923,2923,1000,13,1,$
14,156,2005,2924,2924,1000,13,1,$
14,156,2005,2925,2925,1000,13,1,$
14,156,2005,2926,2926,1000,13,1,$
14,156,2005,2927,2927,NA,13,0,$
14,156,2005,2929,2929,1000,13,1,$
14,156,2005,2930,2930,1000,13,1,$
14,156,2005,3000,3000,1000,13,1,$
14,156,2005,3110,3110,1000,13,1,$
14,156,2005,3120,3120,1000,13,1,$
14,156,2005,3130,3130,1000,13,1,$
14,156,2005,3140,3140,1000,13,1,$
14,156,2005,3150,3150,1000,13,1,$
14,156,2005,3190,3190,1000,13,1,$
14,156,2005,3210,3210,1000,13,1,$
14,156,2005,3220,3220,1000,13,1,$
14,156,2005,3230,3230,1000,13,1,$
14,156,2005,331,331,1000,13,1,$
14,156,2005,3311,3311,1000,13,1,$
14,156,2005,3312,3312,1000,13,1,$
14,156,2005,3313,3313,1000,13,1,$
14,156,2005,3320,3320,1000,13,1,$
14,156,2005,3330,3330,1000,13,1,$
14,156,2005,3410,3410,1000,13,1,$
14,156,2005,3420,3420,1000,13,1,$
14,156,2005,3430,3430,1000,13,1,$
14,156,2005,351,351,1000,13,1,$
14,156,2005,3511,3511,1000,13,1,$
14,156,2005,3512,3512,1000,13,1,$
14,156,2005,3520,3520,1000,13,1,$
14,156,2005,3530,3530,1000,13,1,$
14,156,2005,359,359,1000,13,1,$
14,156,2005,3591,3591,1000,13,1,$
14,156,2005,3592,3592,1000,13,1,$
14,156,2005,3599,3599,1000,13,1,$
14,156,2005,3610,3610,1000,13,1,$
14,156,2005,369,369,1000,13,1,$
14,156,2005,3691,3691,1000,13,1,$
14,156,2005,3692,3692,1000,13,1,$
14,156,2005,3693,3693,1000,13,1,$
14,156,2005,3694,3694,1000,13,1,$
14,156,2005,3699,3699,1000,13,1,$
14,156,2005,3710,3710,1000,13,1,$
14,156,2005,3720,3720,1000,13,1,$
14,156,2006,151,151,1000,13,1,$
14,156,2006,1511,1511,1000,13,1,$
14,156,2006,1512,1512,1000,13,1,$
14,156,2006,1513,1513,1000,13,1,$
14,156,2006,1514,1514,1000,13,1,$
14,156,2006,1520,1520,1000,13,1,$
14,156,2006,153,153,1000,13,1,$
14,156,2006,1531,1531,1000,13,1,$
14,156,2006,1532,1532,1000,13,1,$
14,156,2006,1533,1533,1000,13,1,$
14,156,2006,154,154,1000,13,1,$
14,156,2006,1541,1541,1000,13,1,$
14,156,2006,1542,1542,1000,13,1,$
14,156,2006,1543,1543,1000,13,1,$
14,156,2006,1544,1544,1000,13,1,$
14,156,2006,1549,1549,1000,13,1,$
14,156,2006,155,155,1000,13,1,$
14,156,2006,1551,1551,1000,13,1,$
14,156,2006,1552,1552,1000,13,1,$
14,156,2006,1553,1553,1000,13,1,$
14,156,2006,1554,1554,1000,13,1,$
14,156,2006,1600,1600,1000,13,1,$
14,156,2006,171,171,1000,13,1,$
14,156,2006,1711,1711,1000,13,1,$
14,156,2006,1712,1712,1000,13,1,$
14,156,2006,172,172,1000,13,1,$
14,156,2006,1721,1721,1000,13,1,$
14,156,2006,1722,1722,1000,13,1,$
14,156,2006,1723,1723,1000,13,1,$
14,156,2006,1729,1729,1000,13,1,$
14,156,2006,1730,1730,1000,13,1,$
14,156,2006,1810,1810,1000,13,1,$
14,156,2006,1820,1820,1000,13,1,$
14,156,2006,191,191,1000,13,1,$
14,156,2006,1911,1911,1000,13,1,$
14,156,2006,1912,1912,1000,13,1,$
14,156,2006,1920,1920,1000,13,1,$
14,156,2006,2010,2010,1000,13,1,$
14,156,2006,202,202,1000,13,1,$
14,156,2006,2021,2021,1000,13,1,$
14,156,2006,2022,2022,1000,13,1,$
14,156,2006,2023,2023,1000,13,1,$
14,156,2006,2029,2029,1000,13,1,$
14,156,2006,210,210,1000,13,1,$
14,156,2006,2101,2101,1000,13,1,$
14,156,2006,2102,2102,1000,13,1,$
14,156,2006,2109,2109,1000,13,1,$
14,156,2006,221,221,NA,13,0,$
14,156,2006,2211,2211,NA,13,0,$
14,156,2006,2212,2212,NA,13,0,$
14,156,2006,2213,2213,NA,13,0,$
14,156,2006,2219,2219,NA,13,0,$
14,156,2006,222,222,1000,13,1,$
14,156,2006,2221,2221,1000,13,1,$
14,156,2006,2222,2222,1000,13,1,$
14,156,2006,2230,2230,1000,13,1,$
14,156,2006,2310,2310,1000,13,1,$
14,156,2006,2320,2320,1000,13,1,$
14,156,2006,2330,2330,NA,13,0,$
14,156,2006,241,241,1000,13,1,$
14,156,2006,2411,2411,1000,13,1,$
14,156,2006,2412,2412,1000,13,1,$
14,156,2006,2413,2413,1000,13,1,$
14,156,2006,242,242,1000,13,1,$
14,156,2006,2421,2421,1000,13,1,$
14,156,2006,2422,2422,1000,13,1,$
14,156,2006,2423,2423,1000,13,1,$
14,156,2006,2424,2424,1000,13,1,$
14,156,2006,2429,2429,1000,13,1,$
14,156,2006,2430,2430,1000,13,1,$
14,156,2006,251,251,1000,13,1,$
14,156,2006,2511,2511,1000,13,1,$
14,156,2006,2519,2519,1000,13,1,$
14,156,2006,2520,2520,1000,13,1,$
14,156,2006,2610,2610,1000,13,1,$
14,156,2006,269,269,1000,13,1,$
14,156,2006,2691,2691,1000,13,1,$
14,156,2006,2692,2692,1000,13,1,$
14,156,2006,2693,2693,1000,13,1,$
14,156,2006,2694,2694,1000,13,1,$
14,156,2006,2695,2695,1000,13,1,$
14,156,2006,2696,2696,1000,13,1,$
14,156,2006,2699,2699,1000,13,1,$
14,156,2006,2710,2710,1000,13,1,$
14,156,2006,2720,2720,1000,13,1,$
14,156,2006,273,273,1000,13,1,$
14,156,2006,2731,2731,1000,13,1,$
14,156,2006,2732,2732,1000,13,1,$
14,156,2006,281,281,1000,13,1,$
14,156,2006,2811,2811,1000,13,1,$
14,156,2006,2812,2812,1000,13,1,$
14,156,2006,2813,2813,1000,13,1,$
14,156,2006,289,289,1000,13,1,$
14,156,2006,2891,2891,1000,13,1,$
14,156,2006,2892,2892,1000,13,1,$
14,156,2006,2893,2893,1000,13,1,$
14,156,2006,2899,2899,1000,13,1,$
14,156,2006,291,291,1000,13,1,$
14,156,2006,2911,2911,1000,13,1,$
14,156,2006,2912,2912,1000,13,1,$
14,156,2006,2913,2913,1000,13,1,$
14,156,2006,2914,2914,1000,13,1,$
14,156,2006,2915,2915,1000,13,1,$
14,156,2006,2919,2919,1000,13,1,$
14,156,2006,292,292,1000,13,1,$
14,156,2006,2921,2921,1000,13,1,$
14,156,2006,2922,2922,1000,13,1,$
14,156,2006,2923,2923,1000,13,1,$
14,156,2006,2924,2924,1000,13,1,$
14,156,2006,2925,2925,1000,13,1,$
14,156,2006,2926,2926,1000,13,1,$
14,156,2006,2927,2927,NA,13,0,$
14,156,2006,2929,2929,1000,13,1,$
14,156,2006,2930,2930,1000,13,1,$
14,156,2006,3000,3000,1000,13,1,$
14,156,2006,3110,3110,1000,13,1,$
14,156,2006,3120,3120,1000,13,1,$
14,156,2006,3130,3130,1000,13,1,$
14,156,2006,3140,3140,1000,13,1,$
14,156,2006,3150,3150,1000,13,1,$
14,156,2006,3190,3190,1000,13,1,$
14,156,2006,3210,3210,1000,13,1,$
14,156,2006,3220,3220,1000,13,1,$
14,156,2006,3230,3230,1000,13,1,$
14,156,2006,331,331,1000,13,1,$
14,156,2006,3311,3311,1000,13,1,$
14,156,2006,3312,3312,1000,13,1,$
14,156,2006,3313,3313,1000,13,1,$
14,156,2006,3320,3320,1000,13,1,$
14,156,2006,3330,3330,1000,13,1,$
14,156,2006,3410,3410,1000,13,1,$
14,156,2006,3420,3420,1000,13,1,$
14,156,2006,3430,3430,1000,13,1,$
14,156,2006,351,351,1000,13,1,$
14,156,2006,3511,3511,1000,13,1,$
14,156,2006,3512,3512,1000,13,1,$
14,156,2006,3520,3520,1000,13,1,$
14,156,2006,3530,3530,1000,13,1,$
14,156,2006,359,359,1000,13,1,$
14,156,2006,3591,3591,1000,13,1,$
14,156,2006,3592,3592,1000,13,1,$
14,156,2006,3599,3599,1000,13,1,$
14,156,2006,3610,3610,1000,13,1,$
14,156,2006,369,369,1000,13,1,$
14,156,2006,3691,3691,1000,13,1,$
14,156,2006,3692,3692,1000,13,1,$
14,156,2006,3693,3693,1000,13,1,$
14,156,2006,3694,3694,1000,13,1,$
14,156,2006,3699,3699,1000,13,1,$
14,156,2006,3710,3710,1000,13,1,$
14,156,2006,3720,3720,1000,13,1,$
14,156,2007,151,151,1000,13,1,$
14,156,2007,1511,1511,1000,13,1,$
14,156,2007,1512,1512,1000,13,1,$
14,156,2007,1513,1513,1000,13,1,$
14,156,2007,1514,1514,1000,13,1,$
14,156,2007,1520,1520,1000,13,1,$
14,156,2007,153,153,1000,13,1,$
14,156,2007,1531,1531,1000,13,1,$
14,156,2007,1532,1532,1000,13,1,$
14,156,2007,1533,1533,1000,13,1,$
14,156,2007,154,154,1000,13,1,$
14,156,2007,1541,1541,1000,13,1,$
14,156,2007,1542,1542,1000,13,1,$
14,156,2007,1543,1543,1000,13,1,$
14,156,2007,1544,1544,1000,13,1,$
14,156,2007,1549,1549,1000,13,1,$
14,156,2007,155,155,1000,13,1,$
14,156,2007,1551,1551,1000,13,1,$
14,156,2007,1552,1552,1000,13,1,$
14,156,2007,1553,1553,1000,13,1,$
14,156,2007,1554,1554,1000,13,1,$
14,156,2007,1600,1600,1000,13,1,$
14,156,2007,171,171,1000,13,1,$
14,156,2007,1711,1711,1000,13,1,$
14,156,2007,1712,1712,1000,13,1,$
14,156,2007,172,172,1000,13,1,$
14,156,2007,1721,1721,1000,13,1,$
14,156,2007,1722,1722,1000,13,1,$
14,156,2007,1723,1723,1000,13,1,$
14,156,2007,1729,1729,1000,13,1,$
14,156,2007,1730,1730,1000,13,1,$
14,156,2007,1810,1810,1000,13,1,$
14,156,2007,1820,1820,1000,13,1,$
14,156,2007,191,191,1000,13,1,$
14,156,2007,1911,1911,1000,13,1,$
14,156,2007,1912,1912,1000,13,1,$
14,156,2007,1920,1920,1000,13,1,$
14,156,2007,2010,2010,1000,13,1,$
14,156,2007,202,202,1000,13,1,$
14,156,2007,2021,2021,1000,13,1,$
14,156,2007,2022,2022,1000,13,1,$
14,156,2007,2023,2023,1000,13,1,$
14,156,2007,2029,2029,1000,13,1,$
14,156,2007,210,210,1000,13,1,$
14,156,2007,2101,2101,1000,13,1,$
14,156,2007,2102,2102,1000,13,1,$
14,156,2007,2109,2109,1000,13,1,$
14,156,2007,221,221,NA,13,0,$
14,156,2007,2211,2211,NA,13,0,$
14,156,2007,2212,2212,NA,13,0,$
14,156,2007,2213,2213,NA,13,0,$
14,156,2007,2219,2219,NA,13,0,$
14,156,2007,222,222,1000,13,1,$
14,156,2007,2221,2221,1000,13,1,$
14,156,2007,2222,2222,1000,13,1,$
14,156,2007,2230,2230,1000,13,1,$
14,156,2007,2310,2310,1000,13,1,$
14,156,2007,2320,2320,1000,13,1,$
14,156,2007,2330,2330,NA,13,0,$
14,156,2007,241,241,1000,13,1,$
14,156,2007,2411,2411,1000,13,1,$
14,156,2007,2412,2412,1000,13,1,$
14,156,2007,2413,2413,1000,13,1,$
14,156,2007,242,242,1000,13,1,$
14,156,2007,2421,2421,1000,13,1,$
14,156,2007,2422,2422,1000,13,1,$
14,156,2007,2423,2423,1000,13,1,$
14,156,2007,2424,2424,1000,13,1,$
14,156,2007,2429,2429,1000,13,1,$
14,156,2007,2430,2430,1000,13,1,$
14,156,2007,251,251,1000,13,1,$
14,156,2007,2511,2511,1000,13,1,$
14,156,2007,2519,2519,1000,13,1,$
14,156,2007,2520,2520,1000,13,1,$
14,156,2007,2610,2610,1000,13,1,$
14,156,2007,269,269,1000,13,1,$
14,156,2007,2691,2691,1000,13,1,$
14,156,2007,2692,2692,1000,13,1,$
14,156,2007,2693,2693,1000,13,1,$
14,156,2007,2694,2694,1000,13,1,$
14,156,2007,2695,2695,1000,13,1,$
14,156,2007,2696,2696,1000,13,1,$
14,156,2007,2699,2699,1000,13,1,$
14,156,2007,2710,2710,1000,13,1,$
14,156,2007,2720,2720,1000,13,1,$
14,156,2007,273,273,1000,13,1,$
14,156,2007,2731,2731,1000,13,1,$
14,156,2007,2732,2732,1000,13,1,$
14,156,2007,281,281,1000,13,1,$
14,156,2007,2811,2811,1000,13,1,$
14,156,2007,2812,2812,NA,13,0,$
14,156,2007,2813,2813,1000,13,1,$
14,156,2007,289,289,1000,13,1,$
14,156,2007,2891,2891,1000,13,1,$
14,156,2007,2892,2892,1000,13,1,$
14,156,2007,2893,2893,1000,13,1,$
14,156,2007,2899,2899,1000,13,1,$
14,156,2007,291,291,1000,13,1,$
14,156,2007,2911,2911,1000,13,1,$
14,156,2007,2912,2912,1000,13,1,$
14,156,2007,2913,2913,1000,13,1,$
14,156,2007,2914,2914,1000,13,1,$
14,156,2007,2915,2915,1000,13,1,$
14,156,2007,2919,2919,1000,13,1,$
14,156,2007,292,292,NA,13,0,$
14,156,2007,2921,2921,1000,13,1,$
14,156,2007,2922,2922,1000,13,1,$
14,156,2007,2923,2923,1000,13,1,$
14,156,2007,2924,2924,1000,13,1,$
14,156,2007,2925,2925,1000,13,1,$
14,156,2007,2926,2926,1000,13,1,$
14,156,2007,2927,2927,NA,13,0,$
14,156,2007,2929,2929,1000,13,1,$
14,156,2007,2930,2930,1000,13,1,$
14,156,2007,3000,3000,1000,13,1,$
14,156,2007,3110,3110,1000,13,1,$
14,156,2007,3120,3120,1000,13,1,$
14,156,2007,3130,3130,1000,13,1,$
14,156,2007,3140,3140,1000,13,1,$
14,156,2007,3150,3150,1000,13,1,$
14,156,2007,3190,3190,1000,13,1,$
14,156,2007,3210,3210,1000,13,1,$
14,156,2007,3220,3220,1000,13,1,$
14,156,2007,3230,3230,1000,13,1,$
14,156,2007,331,331,1000,13,1,$
14,156,2007,3311,3311,1000,13,1,$
14,156,2007,3312,3312,1000,13,1,$
14,156,2007,3313,3313,1000,13,1,$
14,156,2007,3320,3320,1000,13,1,$
14,156,2007,3330,3330,1000,13,1,$
14,156,2007,3410,3410,1000,13,1,$
14,156,2007,3420,3420,1000,13,1,$
14,156,2007,3430,3430,1000,13,1,$
14,156,2007,351,351,1000,13,1,$
14,156,2007,3511,3511,1000,13,1,$
14,156,2007,3512,3512,1000,13,1,$
14,156,2007,3520,3520,1000,13,1,$
14,156,2007,3530,3530,1000,13,1,$
14,156,2007,359,359,1000,13,1,$
14,156,2007,3591,3591,1000,13,1,$
14,156,2007,3592,3592,1000,13,1,$
14,156,2007,3599,3599,1000,13,1,$
14,156,2007,3610,3610,1000,13,1,$
14,156,2007,369,369,1000,13,1,$
14,156,2007,3691,3691,1000,13,1,$
14,156,2007,3692,3692,1000,13,1,$
14,156,2007,3693,3693,1000,13,1,$
14,156,2007,3694,3694,1000,13,1,$
14,156,2007,3699,3699,1000,13,1,$
14,156,2007,3710,3710,1000,13,1,$
14,156,2007,3720,3720,1000,13,1,$
14,156,2008,151,151,1000,13,1,$
14,156,2008,1511,1511,1000,13,1,$
14,156,2008,1512,1512,1000,13,1,$
14,156,2008,1513,1513,1000,13,1,$
14,156,2008,1514,1514,1000,13,1,$
14,156,2008,1520,1520,1000,13,1,$
14,156,2008,153,153,1000,13,1,$
14,156,2008,1531,1531,1000,13,1,$
14,156,2008,1532,1532,1000,13,1,$
14,156,2008,1533,1533,1000,13,1,$
14,156,2008,154,154,1000,13,1,$
14,156,2008,1541,1541,1000,13,1,$
14,156,2008,1542,1542,1000,13,1,$
14,156,2008,1543,1543,1000,13,1,$
14,156,2008,1544,1544,1000,13,1,$
14,156,2008,1549,1549,1000,13,1,$
14,156,2008,155,155,1000,13,1,$
14,156,2008,1551,1551,1000,13,1,$
14,156,2008,1552,1552,1000,13,1,$
14,156,2008,1553,1553,1000,13,1,$
14,156,2008,1554,1554,1000,13,1,$
14,156,2008,1600,1600,1000,13,1,$
14,156,2008,171,171,1000,13,1,$
14,156,2008,1711,1711,1000,13,1,$
14,156,2008,1712,1712,1000,13,1,$
14,156,2008,172,172,1000,13,1,$
14,156,2008,1721,1721,1000,13,1,$
14,156,2008,1722,1722,1000,13,1,$
14,156,2008,1723,1723,1000,13,1,$
14,156,2008,1729,1729,1000,13,1,$
14,156,2008,1730,1730,1000,13,1,$
14,156,2008,1810,1810,1000,13,1,$
14,156,2008,1820,1820,1000,13,1,$
14,156,2008,191,191,1000,13,1,$
14,156,2008,1911,1911,1000,13,1,$
14,156,2008,1912,1912,1000,13,1,$
14,156,2008,1920,1920,1000,13,1,$
14,156,2008,2010,2010,1000,13,1,$
14,156,2008,202,202,1000,13,1,$
14,156,2008,2021,2021,1000,13,1,$
14,156,2008,2022,2022,1000,13,1,$
14,156,2008,2023,2023,1000,13,1,$
14,156,2008,2029,2029,1000,13,1,$
14,156,2008,210,210,1000,13,1,$
14,156,2008,2101,2101,1000,13,1,$
14,156,2008,2102,2102,1000,13,1,$
14,156,2008,2109,2109,1000,13,1,$
14,156,2008,221,221,NA,13,0,$
14,156,2008,2211,2211,NA,13,0,$
14,156,2008,2212,2212,NA,13,0,$
14,156,2008,2213,2213,NA,13,0,$
14,156,2008,2219,2219,NA,13,0,$
14,156,2008,222,222,1000,13,1,$
14,156,2008,2221,2221,1000,13,1,$
14,156,2008,2222,2222,1000,13,1,$
14,156,2008,2230,2230,1000,13,1,$
14,156,2008,2310,2310,1000,13,1,$
14,156,2008,2320,2320,1000,13,1,$
14,156,2008,2330,2330,NA,13,0,$
14,156,2008,241,241,1000,13,1,$
14,156,2008,2411,2411,1000,13,1,$
14,156,2008,2412,2412,1000,13,1,$
14,156,2008,2413,2413,1000,13,1,$
14,156,2008,242,242,1000,13,1,$
14,156,2008,2421,2421,1000,13,1,$
14,156,2008,2422,2422,1000,13,1,$
14,156,2008,2423,2423,1000,13,1,$
14,156,2008,2424,2424,1000,13,1,$
14,156,2008,2429,2429,1000,13,1,$
14,156,2008,2430,2430,1000,13,1,$
14,156,2008,251,251,1000,13,1,$
14,156,2008,2511,2511,1000,13,1,$
14,156,2008,2519,2519,1000,13,1,$
14,156,2008,2520,2520,1000,13,1,$
14,156,2008,2610,2610,1000,13,1,$
14,156,2008,269,269,1000,13,1,$
14,156,2008,2691,2691,1000,13,1,$
14,156,2008,2692,2692,1000,13,1,$
14,156,2008,2693,2693,1000,13,1,$
14,156,2008,2694,2694,1000,13,1,$
14,156,2008,2695,2695,1000,13,1,$
14,156,2008,2696,2696,1000,13,1,$
14,156,2008,2699,2699,1000,13,1,$
14,156,2008,2710,2710,1000,13,1,$
14,156,2008,2720,2720,1000,13,1,$
14,156,2008,273,273,1000,13,1,$
14,156,2008,2731,2731,1000,13,1,$
14,156,2008,2732,2732,1000,13,1,$
14,156,2008,281,281,1000,13,1,$
14,156,2008,2811,2811,1000,13,1,$
14,156,2008,2812,2812,1000,13,1,$
14,156,2008,2813,2813,1000,13,1,$
14,156,2008,289,289,1000,13,1,$
14,156,2008,2891,2891,1000,13,1,$
14,156,2008,2892,2892,1000,13,1,$
14,156,2008,2893,2893,1000,13,1,$
14,156,2008,2899,2899,1000,13,1,$
14,156,2008,291,291,1000,13,1,$
14,156,2008,2911,2911,1000,13,1,$
14,156,2008,2912,2912,1000,13,1,$
14,156,2008,2913,2913,1000,13,1,$
14,156,2008,2914,2914,1000,13,1,$
14,156,2008,2915,2915,1000,13,1,$
14,156,2008,2919,2919,1000,13,1,$
14,156,2008,292,292,NA,13,0,$
14,156,2008,2921,2921,1000,13,1,$
14,156,2008,2922,2922,1000,13,1,$
14,156,2008,2923,2923,1000,13,1,$
14,156,2008,2924,2924,1000,13,1,$
14,156,2008,2925,2925,1000,13,1,$
14,156,2008,2926,2926,1000,13,1,$
14,156,2008,2927,2927,NA,13,0,$
14,156,2008,2929,2929,1000,13,1,$
14,156,2008,2930,2930,1000,13,1,$
14,156,2008,3000,3000,1000,13,1,$
14,156,2008,3110,3110,1000,13,1,$
14,156,2008,3120,3120,1000,13,1,$
14,156,2008,3130,3130,1000,13,1,$
14,156,2008,3140,3140,1000,13,1,$
14,156,2008,3150,3150,1000,13,1,$
14,156,2008,3190,3190,1000,13,1,$
14,156,2008,3210,3210,1000,13,1,$
14,156,2008,3220,3220,1000,13,1,$
14,156,2008,3230,3230,1000,13,1,$
14,156,2008,331,331,1000,13,1,$
14,156,2008,3311,3311,1000,13,1,$
14,156,2008,3312,3312,1000,13,1,$
14,156,2008,3313,3313,1000,13,1,$
14,156,2008,3320,3320,1000,13,1,$
14,156,2008,3330,3330,1000,13,1,$
14,156,2008,3410,3410,1000,13,1,$
14,156,2008,3420,3420,1000,13,1,$
14,156,2008,3430,3430,1000,13,1,$
14,156,2008,351,351,1000,13,1,$
14,156,2008,3511,3511,1000,13,1,$
14,156,2008,3512,3512,1000,13,1,$
14,156,2008,3520,3520,1000,13,1,$
14,156,2008,3530,3530,1000,13,1,$
14,156,2008,359,359,1000,13,1,$
14,156,2008,3591,3591,1000,13,1,$
14,156,2008,3592,3592,1000,13,1,$
14,156,2008,3599,3599,1000,13,1,$
14,156,2008,3610,3610,1000,13,1,$
14,156,2008,369,369,1000,13,1,$
14,156,2008,3691,3691,1000,13,1,$
14,156,2008,3692,3692,1000,13,1,$
14,156,2008,3693,3693,1000,13,1,$
14,156,2008,3694,3694,1000,13,1,$
14,156,2008,3699,3699,1000,13,1,$
14,156,2008,3710,3710,1000,13,1,$
14,156,2008,3720,3720,1000,13,1,$
14,156,2009,151,151,1000,13,1,$
14,156,2009,1511,1511,1000,13,1,$
14,156,2009,1512,1512,1000,13,1,$
14,156,2009,1513,1513,1000,13,1,$
14,156,2009,1514,1514,1000,13,1,$
14,156,2009,1520,1520,1000,13,1,$
14,156,2009,153,153,1000,13,1,$
14,156,2009,1531,1531,1000,13,1,$
14,156,2009,1532,1532,1000,13,1,$
14,156,2009,1533,1533,1000,13,1,$
14,156,2009,154,154,1000,13,1,$
14,156,2009,1541,1541,1000,13,1,$
14,156,2009,1542,1542,1000,13,1,$
14,156,2009,1543,1543,1000,13,1,$
14,156,2009,1544,1544,1000,13,1,$
14,156,2009,1549,1549,1000,13,1,$
14,156,2009,155,155,1000,13,1,$
14,156,2009,1551,1551,1000,13,1,$
14,156,2009,1552,1552,1000,13,1,$
14,156,2009,1553,1553,1000,13,1,$
14,156,2009,1554,1554,1000,13,1,$
14,156,2009,1600,1600,1000,13,1,$
14,156,2009,171,171,1000,13,1,$
14,156,2009,1711,1711,1000,13,1,$
14,156,2009,1712,1712,1000,13,1,$
14,156,2009,172,172,1000,13,1,$
14,156,2009,1721,1721,1000,13,1,$
14,156,2009,1722,1722,1000,13,1,$
14,156,2009,1723,1723,1000,13,1,$
14,156,2009,1729,1729,1000,13,1,$
14,156,2009,1730,1730,1000,13,1,$
14,156,2009,1810,1810,1000,13,1,$
14,156,2009,1820,1820,1000,13,1,$
14,156,2009,191,191,1000,13,1,$
14,156,2009,1911,1911,1000,13,1,$
14,156,2009,1912,1912,1000,13,1,$
14,156,2009,1920,1920,1000,13,1,$
14,156,2009,2010,2010,1000,13,1,$
14,156,2009,202,202,1000,13,1,$
14,156,2009,2021,2021,1000,13,1,$
14,156,2009,2022,2022,1000,13,1,$
14,156,2009,2023,2023,1000,13,1,$
14,156,2009,2029,2029,1000,13,1,$
14,156,2009,210,210,1000,13,1,$
14,156,2009,2101,2101,1000,13,1,$
14,156,2009,2102,2102,1000,13,1,$
14,156,2009,2109,2109,1000,13,1,$
14,156,2009,221,221,NA,13,0,$
14,156,2009,2211,2211,NA,13,0,$
14,156,2009,2212,2212,NA,13,0,$
14,156,2009,2213,2213,NA,13,0,$
14,156,2009,2219,2219,NA,13,0,$
14,156,2009,222,222,1000,13,1,$
14,156,2009,2221,2221,1000,13,1,$
14,156,2009,2222,2222,1000,13,1,$
14,156,2009,2230,2230,1000,13,1,$
14,156,2009,2310,2310,1000,13,1,$
14,156,2009,2320,2320,1000,13,1,$
14,156,2009,2330,2330,NA,13,0,$
14,156,2009,241,241,1000,13,1,$
14,156,2009,2411,2411,1000,13,1,$
14,156,2009,2412,2412,1000,13,1,$
14,156,2009,2413,2413,1000,13,1,$
14,156,2009,242,242,1000,13,1,$
14,156,2009,2421,2421,1000,13,1,$
14,156,2009,2422,2422,1000,13,1,$
14,156,2009,2423,2423,1000,13,1,$
14,156,2009,2424,2424,1000,13,1,$
14,156,2009,2429,2429,1000,13,1,$
14,156,2009,2430,2430,1000,13,1,$
14,156,2009,251,251,1000,13,1,$
14,156,2009,2511,2511,1000,13,1,$
14,156,2009,2519,2519,1000,13,1,$
14,156,2009,2520,2520,1000,13,1,$
14,156,2009,2610,2610,1000,13,1,$
14,156,2009,269,269,1000,13,1,$
14,156,2009,2691,2691,1000,13,1,$
14,156,2009,2692,2692,1000,13,1,$
14,156,2009,2693,2693,1000,13,1,$
14,156,2009,2694,2694,1000,13,1,$
14,156,2009,2695,2695,1000,13,1,$
14,156,2009,2696,2696,1000,13,1,$
14,156,2009,2699,2699,1000,13,1,$
14,156,2009,2710,2710,1000,13,1,$
14,156,2009,2720,2720,1000,13,1,$
14,156,2009,273,273,1000,13,1,$
14,156,2009,2731,2731,1000,13,1,$
14,156,2009,2732,2732,1000,13,1,$
14,156,2009,281,281,1000,13,1,$
14,156,2009,2811,2811,1000,13,1,$
14,156,2009,2812,2812,1000,13,1,$
14,156,2009,2813,2813,1000,13,1,$
14,156,2009,289,289,1000,13,1,$
14,156,2009,2891,2891,1000,13,1,$
14,156,2009,2892,2892,1000,13,1,$
14,156,2009,2893,2893,1000,13,1,$
14,156,2009,2899,2899,1000,13,1,$
14,156,2009,291,291,1000,13,1,$
14,156,2009,2911,2911,1000,13,1,$
14,156,2009,2912,2912,1000,13,1,$
14,156,2009,2913,2913,1000,13,1,$
14,156,2009,2914,2914,1000,13,1,$
14,156,2009,2915,2915,1000,13,1,$
14,156,2009,2919,2919,1000,13,1,$
14,156,2009,292,292,NA,13,0,$
14,156,2009,2921,2921,1000,13,1,$
14,156,2009,2922,2922,1000,13,1,$
14,156,2009,2923,2923,1000,13,1,$
14,156,2009,2924,2924,1000,13,1,$
14,156,2009,2925,2925,1000,13,1,$
14,156,2009,2926,2926,1000,13,1,$
14,156,2009,2927,2927,NA,13,0,$
14,156,2009,2929,2929,1000,13,1,$
14,156,2009,2930,2930,1000,13,1,$
14,156,2009,3000,3000,1000,13,1,$
14,156,2009,3110,3110,1000,13,1,$
14,156,2009,3120,3120,1000,13,1,$
14,156,2009,3130,3130,1000,13,1,$
14,156,2009,3140,3140,1000,13,1,$
14,156,2009,3150,3150,1000,13,1,$
14,156,2009,3190,3190,1000,13,1,$
14,156,2009,3210,3210,1000,13,1,$
14,156,2009,3220,3220,1000,13,1,$
14,156,2009,3230,3230,1000,13,1,$
14,156,2009,331,331,1000,13,1,$
14,156,2009,3311,3311,1000,13,1,$
14,156,2009,3312,3312,1000,13,1,$
14,156,2009,3313,3313,1000,13,1,$
14,156,2009,3320,3320,1000,13,1,$
14,156,2009,3330,3330,1000,13,1,$
14,156,2009,3410,3410,1000,13,1,$
14,156,2009,3420,3420,1000,13,1,$
14,156,2009,3430,3430,1000,13,1,$
14,156,2009,351,351,1000,13,1,$
14,156,2009,3511,3511,1000,13,1,$
14,156,2009,3512,3512,1000,13,1,$
14,156,2009,3520,3520,1000,13,1,$
14,156,2009,3530,3530,1000,13,1,$
14,156,2009,359,359,1000,13,1,$
14,156,2009,3591,3591,1000,13,1,$
14,156,2009,3592,3592,1000,13,1,$
14,156,2009,3599,3599,1000,13,1,$
14,156,2009,3610,3610,1000,13,1,$
14,156,2009,369,369,1000,13,1,$
14,156,2009,3691,3691,1000,13,1,$
14,156,2009,3692,3692,1000,13,1,$
14,156,2009,3693,3693,1000,13,1,$
14,156,2009,3694,3694,1000,13,1,$
14,156,2009,3699,3699,1000,13,1,$
14,156,2009,3710,3710,1000,13,1,$
14,156,2009,3720,3720,1000,13,1,$
14,156,2010,151,151,1000,13,1,$
14,156,2010,1511,1511,1000,13,1,$
14,156,2010,1512,1512,1000,13,1,$
14,156,2010,1513,1513,1000,13,1,$
14,156,2010,1514,1514,1000,13,1,$
14,156,2010,1520,1520,1000,13,1,$
14,156,2010,153,153,1000,13,1,$
14,156,2010,1531,1531,1000,13,1,$
14,156,2010,1532,1532,1000,13,1,$
14,156,2010,1533,1533,1000,13,1,$
14,156,2010,154,154,1000,13,1,$
14,156,2010,1541,1541,1000,13,1,$
14,156,2010,1542,1542,1000,13,1,$
14,156,2010,1543,1543,1000,13,1,$
14,156,2010,1544,1544,1000,13,1,$
14,156,2010,1549,1549,1000,13,1,$
14,156,2010,155,155,1000,13,1,$
14,156,2010,1551,1551,1000,13,1,$
14,156,2010,1552,1552,1000,13,1,$
14,156,2010,1553,1553,1000,13,1,$
14,156,2010,1554,1554,1000,13,1,$
14,156,2010,1600,1600,1000,13,1,$
14,156,2010,171,171,1000,13,1,$
14,156,2010,1711,1711,1000,13,1,$
14,156,2010,1712,1712,1000,13,1,$
14,156,2010,172,172,1000,13,1,$
14,156,2010,1721,1721,1000,13,1,$
14,156,2010,1722,1722,1000,13,1,$
14,156,2010,1723,1723,1000,13,1,$
14,156,2010,1729,1729,1000,13,1,$
14,156,2010,1730,1730,1000,13,1,$
14,156,2010,1810,1810,1000,13,1,$
14,156,2010,1820,1820,1000,13,1,$
14,156,2010,191,191,1000,13,1,$
14,156,2010,1911,1911,1000,13,1,$
14,156,2010,1912,1912,1000,13,1,$
14,156,2010,1920,1920,1000,13,1,$
14,156,2010,2010,2010,1000,13,1,$
14,156,2010,202,202,1000,13,1,$
14,156,2010,2021,2021,1000,13,1,$
14,156,2010,2022,2022,1000,13,1,$
14,156,2010,2023,2023,1000,13,1,$
14,156,2010,2029,2029,1000,13,1,$
14,156,2010,210,210,1000,13,1,$
14,156,2010,2101,2101,1000,13,1,$
14,156,2010,2102,2102,1000,13,1,$
14,156,2010,2109,2109,1000,13,1,$
14,156,2010,221,221,NA,13,0,$
14,156,2010,2211,2211,NA,13,0,$
14,156,2010,2212,2212,NA,13,0,$
14,156,2010,2213,2213,NA,13,0,$
14,156,2010,2219,2219,NA,13,0,$
14,156,2010,222,222,1000,13,1,$
14,156,2010,2221,2221,1000,13,1,$
14,156,2010,2222,2222,1000,13,1,$
14,156,2010,2230,2230,1000,13,1,$
14,156,2010,2310,2310,1000,13,1,$
14,156,2010,2320,2320,1000,13,1,$
14,156,2010,2330,2330,NA,13,0,$
14,156,2010,241,241,1000,13,1,$
14,156,2010,2411,2411,1000,13,1,$
14,156,2010,2412,2412,1000,13,1,$
14,156,2010,2413,2413,1000,13,1,$
14,156,2010,242,242,1000,13,1,$
14,156,2010,2421,2421,1000,13,1,$
14,156,2010,2422,2422,1000,13,1,$
14,156,2010,2423,2423,1000,13,1,$
14,156,2010,2424,2424,1000,13,1,$
14,156,2010,2429,2429,1000,13,1,$
14,156,2010,2430,2430,1000,13,1,$
14,156,2010,251,251,1000,13,1,$
14,156,2010,2511,2511,1000,13,1,$
14,156,2010,2519,2519,1000,13,1,$
14,156,2010,2520,2520,1000,13,1,$
14,156,2010,2610,2610,1000,13,1,$
14,156,2010,269,269,1000,13,1,$
14,156,2010,2691,2691,1000,13,1,$
14,156,2010,2692,2692,1000,13,1,$
14,156,2010,2693,2693,1000,13,1,$
14,156,2010,2694,2694,1000,13,1,$
14,156,2010,2695,2695,1000,13,1,$
14,156,2010,2696,2696,1000,13,1,$
14,156,2010,2699,2699,1000,13,1,$
14,156,2010,2710,2710,1000,13,1,$
14,156,2010,2720,2720,1000,13,1,$
14,156,2010,273,273,1000,13,1,$
14,156,2010,2731,2731,1000,13,1,$
14,156,2010,2732,2732,1000,13,1,$
14,156,2010,281,281,1000,13,1,$
14,156,2010,2811,2811,1000,13,1,$
14,156,2010,2812,2812,1000,13,1,$
14,156,2010,2813,2813,1000,13,1,$
14,156,2010,289,289,1000,13,1,$
14,156,2010,2891,2891,1000,13,1,$
14,156,2010,2892,2892,1000,13,1,$
14,156,2010,2893,2893,1000,13,1,$
14,156,2010,2899,2899,1000,13,1,$
14,156,2010,291,291,1000,13,1,$
14,156,2010,2911,2911,1000,13,1,$
14,156,2010,2912,2912,1000,13,1,$
14,156,2010,2913,2913,1000,13,1,$
14,156,2010,2914,2914,1000,13,1,$
14,156,2010,2915,2915,1000,13,1,$
14,156,2010,2919,2919,1000,13,1,$
14,156,2010,292,292,NA,13,0,$
14,156,2010,2921,2921,1000,13,1,$
14,156,2010,2922,2922,1000,13,1,$
14,156,2010,2923,2923,1000,13,1,$
14,156,2010,2924,2924,1000,13,1,$
14,156,2010,2925,2925,1000,13,1,$
14,156,2010,2926,2926,1000,13,1,$
14,156,2010,2927,2927,NA,13,0,$
14,156,2010,2929,2929,1000,13,1,$
14,156,2010,2930,2930,1000,13,1,$
14,156,2010,3000,3000,1000,13,1,$
14,156,2010,3110,3110,1000,13,1,$
14,156,2010,3120,3120,1000,13,1,$
14,156,2010,3130,3130,1000,13,1,$
14,156,2010,3140,3140,1000,13,1,$
14,156,2010,3150,3150,1000,13,1,$
14,156,2010,3190,3190,1000,13,1,$
14,156,2010,3210,3210,1000,13,1,$
14,156,2010,3220,3220,1000,13,1,$
14,156,2010,3230,3230,1000,13,1,$
14,156,2010,331,331,1000,13,1,$
14,156,2010,3311,3311,1000,13,1,$
14,156,2010,3312,3312,1000,13,1,$
14,156,2010,3313,3313,1000,13,1,$
14,156,2010,3320,3320,1000,13,1,$
14,156,2010,3330,3330,1000,13,1,$
14,156,2010,3410,3410,1000,13,1,$
14,156,2010,3420,3420,1000,13,1,$
14,156,2010,3430,3430,1000,13,1,$
14,156,2010,351,351,1000,13,1,$
14,156,2010,3511,3511,1000,13,1,$
14,156,2010,3512,3512,1000,13,1,$
14,156,2010,3520,3520,1000,13,1,$
14,156,2010,3530,3530,1000,13,1,$
14,156,2010,359,359,1000,13,1,$
14,156,2010,3591,3591,1000,13,1,$
14,156,2010,3592,3592,1000,13,1,$
14,156,2010,3599,3599,1000,13,1,$
14,156,2010,3610,3610,1000,13,1,$
14,156,2010,369,369,1000,13,1,$
14,156,2010,3691,3691,1000,13,1,$
14,156,2010,3692,3692,1000,13,1,$
14,156,2010,3693,3693,1000,13,1,$
14,156,2010,3694,3694,1000,13,1,$
14,156,2010,3699,3699,1000,13,1,$
14,156,2010,3710,3710,1000,13,1,$
14,156,2010,3720,3720,1000,13,1,$
14,276,1991,151,151A,1000,13,1,$
14,276,1991,1511,1511,NA,13,0,$
14,276,1991,1512,1512,NA,13,0,$
14,276,1991,1513,1513,NA,13,0,$
14,276,1991,1514,1514,NA,13,0,$
14,276,1991,1520,151A,NA,13,1,$
14,276,1991,153,151A,NA,13,1,$
14,276,1991,1531,1531,NA,13,0,$
14,276,1991,1532,1532,NA,13,0,$
14,276,1991,1533,1533,NA,13,0,$
14,276,1991,154,151A,NA,13,1,$
14,276,1991,1541,1541,NA,13,0,$
14,276,1991,1542,1542,NA,13,0,$
14,276,1991,1543,1543,NA,13,0,$
14,276,1991,1544,1544,NA,13,0,$
14,276,1991,1549,1549,NA,13,0,$
14,276,1991,155,151A,NA,13,1,$
14,276,1991,1551,1551,NA,13,0,$
14,276,1991,1552,1552,NA,13,0,$
14,276,1991,1553,1553,NA,13,0,$
14,276,1991,1554,1554,NA,13,0,$
14,276,1991,1600,1600,1000,13,1,$
14,276,1991,171,171A,1000,13,1,$
14,276,1991,1711,1711,NA,13,0,$
14,276,1991,1712,1712,NA,13,0,$
14,276,1991,172,171A,NA,13,1,$
14,276,1991,1721,1721,NA,13,0,$
14,276,1991,1722,1722,NA,13,0,$
14,276,1991,1723,1723,NA,13,0,$
14,276,1991,1729,1729,NA,13,0,$
14,276,1991,1730,171A,NA,13,1,$
14,276,1991,1810,1810A,1000,13,1,$
14,276,1991,1820,1810A,NA,13,1,$
14,276,1991,191,191A,1000,13,1,$
14,276,1991,1911,1911,NA,13,0,$
14,276,1991,1912,1912,NA,13,0,$
14,276,1991,1920,191A,NA,13,1,$
14,276,1991,2010,2010A,1000,13,1,$
14,276,1991,202,2010A,NA,13,1,$
14,276,1991,2021,2021,NA,13,0,$
14,276,1991,2022,2022,NA,13,0,$
14,276,1991,2023,2023,NA,13,0,$
14,276,1991,2029,2029,NA,13,0,$
14,276,1991,210,210,1000,13,1,$
14,276,1991,2101,2101,NA,13,0,$
14,276,1991,2102,2102,NA,13,0,$
14,276,1991,2109,2109,NA,13,0,$
14,276,1991,221,221,NA,13,0,$
14,276,1991,2211,2211,NA,13,0,$
14,276,1991,2212,2212,NA,13,0,$
14,276,1991,2213,2213,NA,13,0,$
14,276,1991,2219,2219,NA,13,0,$
14,276,1991,222,222,NA,13,0,$
14,276,1991,2221,2221,NA,13,0,$
14,276,1991,2222,2222,NA,13,0,$
14,276,1991,2230,2230,NA,13,0,$
14,276,1991,2310,2310,NA,13,0,$
14,276,1991,2320,2320,NA,13,0,$
14,276,1991,2330,2330,NA,13,0,$
14,276,1991,241,241A,1000,13,1,$
14,276,1991,2411,2411,NA,13,0,$
14,276,1991,2412,2412,NA,13,0,$
14,276,1991,2413,2413,NA,13,0,$
14,276,1991,242,241A,NA,13,1,$
14,276,1991,2421,2421,NA,13,0,$
14,276,1991,2422,2422,NA,13,0,$
14,276,1991,2423,2423,NA,13,0,$
14,276,1991,2424,2424,NA,13,0,$
14,276,1991,2429,2429,NA,13,0,$
14,276,1991,2430,241A,NA,13,1,$
14,276,1991,251,251A,1000,13,1,$
14,276,1991,2511,2511,NA,13,0,$
14,276,1991,2519,2519,NA,13,0,$
14,276,1991,2520,251A,NA,13,1,$
14,276,1991,2610,2610A,1000,13,1,$
14,276,1991,269,2610A,NA,13,1,$
14,276,1991,2691,2691,NA,13,0,$
14,276,1991,2692,2692,NA,13,0,$
14,276,1991,2693,2693,NA,13,0,$
14,276,1991,2694,2694,NA,13,0,$
14,276,1991,2695,2695,NA,13,0,$
14,276,1991,2696,2696,NA,13,0,$
14,276,1991,2699,2699,NA,13,0,$
14,276,1991,2710,2710A,1000,13,1,$
14,276,1991,2720,2710A,NA,13,1,$
14,276,1991,273,2710A,NA,13,1,$
14,276,1991,2731,2731,NA,13,0,$
14,276,1991,2732,2732,NA,13,0,$
14,276,1991,281,281A,1000,13,1,$
14,276,1991,2811,2811,NA,13,0,$
14,276,1991,2812,2812,NA,13,0,$
14,276,1991,2813,2813,NA,13,0,$
14,276,1991,289,281A,NA,13,1,$
14,276,1991,2891,2891,NA,13,0,$
14,276,1991,2892,2892,NA,13,0,$
14,276,1991,2893,2893,NA,13,0,$
14,276,1991,2899,2899,NA,13,0,$
14,276,1991,291,291A,1000,13,1,$
14,276,1991,2911,2911,NA,13,0,$
14,276,1991,2912,2912,NA,13,0,$
14,276,1991,2913,2913,NA,13,0,$
14,276,1991,2914,2914,NA,13,0,$
14,276,1991,2915,2915,NA,13,0,$
14,276,1991,2919,2919,NA,13,0,$
14,276,1991,292,291A,NA,13,1,$
14,276,1991,2921,2921,NA,13,0,$
14,276,1991,2922,2922,NA,13,0,$
14,276,1991,2923,2923,NA,13,0,$
14,276,1991,2924,2924,NA,13,0,$
14,276,1991,2925,2925,NA,13,0,$
14,276,1991,2926,2926,NA,13,0,$
14,276,1991,2927,2927,NA,13,0,$
14,276,1991,2929,2929,NA,13,0,$
14,276,1991,2930,291A,NA,13,1,$
14,276,1991,3000,3000,1000,13,1,$
14,276,1991,3110,3110A,1000,13,1,$
14,276,1991,3120,3110A,NA,13,1,$
14,276,1991,3130,3110A,NA,13,1,$
14,276,1991,3140,3110A,NA,13,1,$
14,276,1991,3150,3110A,NA,13,1,$
14,276,1991,3190,3110A,NA,13,1,$
14,276,1991,3210,3210A,1000,13,1,$
14,276,1991,3220,3210A,NA,13,1,$
14,276,1991,3230,3210A,NA,13,1,$
14,276,1991,331,331A,1000,13,1,$
14,276,1991,3311,3311,NA,13,0,$
14,276,1991,3312,3312,NA,13,0,$
14,276,1991,3313,3313,NA,13,0,$
14,276,1991,3320,331A,NA,13,1,$
14,276,1991,3330,331A,NA,13,1,$
14,276,1991,3410,3410B,1000,13,1,$
14,276,1991,3420,3410B,NA,13,1,$
14,276,1991,3430,3410B,NA,13,1,$
14,276,1991,351,351A,1000,13,1,$
14,276,1991,3511,3511,NA,13,0,$
14,276,1991,3512,3512,NA,13,0,$
14,276,1991,3520,351A,NA,13,1,$
14,276,1991,3530,351A,NA,13,1,$
14,276,1991,359,351A,NA,13,1,$
14,276,1991,3591,3591,NA,13,0,$
14,276,1991,3592,3592,NA,13,0,$
14,276,1991,3599,3599,NA,13,0,$
14,276,1991,3610,3610A,1000,13,1,$
14,276,1991,369,3610A,NA,13,1,$
14,276,1991,3691,3691,NA,13,0,$
14,276,1991,3692,3692,NA,13,0,$
14,276,1991,3693,3693,NA,13,0,$
14,276,1991,3694,3694,NA,13,0,$
14,276,1991,3699,3699,NA,13,0,$
14,276,1991,3710,3710,NA,13,0,$
14,276,1991,3720,3720,NA,13,0,$
14,276,1992,151,151A,1000,13,1,$
14,276,1992,1511,1511,NA,13,0,$
14,276,1992,1512,1512,NA,13,0,$
14,276,1992,1513,1513,NA,13,0,$
14,276,1992,1514,1514,NA,13,0,$
14,276,1992,1520,151A,NA,13,1,$
14,276,1992,153,151A,NA,13,1,$
14,276,1992,1531,1531,NA,13,0,$
14,276,1992,1532,1532,NA,13,0,$
14,276,1992,1533,1533,NA,13,0,$
14,276,1992,154,151A,NA,13,1,$
14,276,1992,1541,1541,NA,13,0,$
14,276,1992,1542,1542,NA,13,0,$
14,276,1992,1543,1543,NA,13,0,$
14,276,1992,1544,1544,NA,13,0,$
14,276,1992,1549,1549,NA,13,0,$
14,276,1992,155,151A,NA,13,1,$
14,276,1992,1551,1551,NA,13,0,$
14,276,1992,1552,1552,NA,13,0,$
14,276,1992,1553,1553,NA,13,0,$
14,276,1992,1554,1554,NA,13,0,$
14,276,1992,1600,1600,1000,13,1,$
14,276,1992,171,171A,1000,13,1,$
14,276,1992,1711,1711,NA,13,0,$
14,276,1992,1712,1712,NA,13,0,$
14,276,1992,172,171A,NA,13,1,$
14,276,1992,1721,1721,NA,13,0,$
14,276,1992,1722,1722,NA,13,0,$
14,276,1992,1723,1723,NA,13,0,$
14,276,1992,1729,1729,NA,13,0,$
14,276,1992,1730,171A,NA,13,1,$
14,276,1992,1810,1810A,1000,13,1,$
14,276,1992,1820,1810A,NA,13,1,$
14,276,1992,191,191A,1000,13,1,$
14,276,1992,1911,1911,NA,13,0,$
14,276,1992,1912,1912,NA,13,0,$
14,276,1992,1920,191A,NA,13,1,$
14,276,1992,2010,2010A,1000,13,1,$
14,276,1992,202,2010A,NA,13,1,$
14,276,1992,2021,2021,NA,13,0,$
14,276,1992,2022,2022,NA,13,0,$
14,276,1992,2023,2023,NA,13,0,$
14,276,1992,2029,2029,NA,13,0,$
14,276,1992,210,210,1000,13,1,$
14,276,1992,2101,2101,NA,13,0,$
14,276,1992,2102,2102,NA,13,0,$
14,276,1992,2109,2109,NA,13,0,$
14,276,1992,221,221,NA,13,0,$
14,276,1992,2211,2211,NA,13,0,$
14,276,1992,2212,2212,NA,13,0,$
14,276,1992,2213,2213,NA,13,0,$
14,276,1992,2219,2219,NA,13,0,$
14,276,1992,222,222,NA,13,0,$
14,276,1992,2221,2221,NA,13,0,$
14,276,1992,2222,2222,NA,13,0,$
14,276,1992,2230,2230,NA,13,0,$
14,276,1992,2310,2310,NA,13,0,$
14,276,1992,2320,2320,NA,13,0,$
14,276,1992,2330,2330,NA,13,0,$
14,276,1992,241,241A,1000,13,1,$
14,276,1992,2411,2411,NA,13,0,$
14,276,1992,2412,2412,NA,13,0,$
14,276,1992,2413,2413,NA,13,0,$
14,276,1992,242,241A,NA,13,1,$
14,276,1992,2421,2421,NA,13,0,$
14,276,1992,2422,2422,NA,13,0,$
14,276,1992,2423,2423,NA,13,0,$
14,276,1992,2424,2424,NA,13,0,$
14,276,1992,2429,2429,NA,13,0,$
14,276,1992,2430,241A,NA,13,1,$
14,276,1992,251,251A,1000,13,1,$
14,276,1992,2511,2511,NA,13,0,$
14,276,1992,2519,2519,NA,13,0,$
14,276,1992,2520,251A,NA,13,1,$
14,276,1992,2610,2610A,1000,13,1,$
14,276,1992,269,2610A,NA,13,1,$
14,276,1992,2691,2691,NA,13,0,$
14,276,1992,2692,2692,NA,13,0,$
14,276,1992,2693,2693,NA,13,0,$
14,276,1992,2694,2694,NA,13,0,$
14,276,1992,2695,2695,NA,13,0,$
14,276,1992,2696,2696,NA,13,0,$
14,276,1992,2699,2699,NA,13,0,$
14,276,1992,2710,2710A,1000,13,1,$
14,276,1992,2720,2710A,NA,13,1,$
14,276,1992,273,2710A,NA,13,1,$
14,276,1992,2731,2731,NA,13,0,$
14,276,1992,2732,2732,NA,13,0,$
14,276,1992,281,281A,1000,13,1,$
14,276,1992,2811,2811,NA,13,0,$
14,276,1992,2812,2812,NA,13,0,$
14,276,1992,2813,2813,NA,13,0,$
14,276,1992,289,281A,NA,13,1,$
14,276,1992,2891,2891,NA,13,0,$
14,276,1992,2892,2892,NA,13,0,$
14,276,1992,2893,2893,NA,13,0,$
14,276,1992,2899,2899,NA,13,0,$
14,276,1992,291,291A,1000,13,1,$
14,276,1992,2911,2911,NA,13,0,$
14,276,1992,2912,2912,NA,13,0,$
14,276,1992,2913,2913,NA,13,0,$
14,276,1992,2914,2914,NA,13,0,$
14,276,1992,2915,2915,NA,13,0,$
14,276,1992,2919,2919,NA,13,0,$
14,276,1992,292,291A,NA,13,1,$
14,276,1992,2921,2921,NA,13,0,$
14,276,1992,2922,2922,NA,13,0,$
14,276,1992,2923,2923,NA,13,0,$
14,276,1992,2924,2924,NA,13,0,$
14,276,1992,2925,2925,NA,13,0,$
14,276,1992,2926,2926,NA,13,0,$
14,276,1992,2927,2927,NA,13,0,$
14,276,1992,2929,2929,NA,13,0,$
14,276,1992,2930,291A,NA,13,1,$
14,276,1992,3000,3000,1000,13,1,$
14,276,1992,3110,3110A,1000,13,1,$
14,276,1992,3120,3110A,NA,13,1,$
14,276,1992,3130,3110A,NA,13,1,$
14,276,1992,3140,3110A,NA,13,1,$
14,276,1992,3150,3110A,NA,13,1,$
14,276,1992,3190,3110A,NA,13,1,$
14,276,1992,3210,3210A,1000,13,1,$
14,276,1992,3220,3210A,NA,13,1,$
14,276,1992,3230,3210A,NA,13,1,$
14,276,1992,331,331A,1000,13,1,$
14,276,1992,3311,3311,NA,13,0,$
14,276,1992,3312,3312,NA,13,0,$
14,276,1992,3313,3313,NA,13,0,$
14,276,1992,3320,331A,NA,13,1,$
14,276,1992,3330,331A,NA,13,1,$
14,276,1992,3410,3410B,1000,13,1,$
14,276,1992,3420,3410B,NA,13,1,$
14,276,1992,3430,3410B,NA,13,1,$
14,276,1992,351,351A,1000,13,1,$
14,276,1992,3511,3511,NA,13,0,$
14,276,1992,3512,3512,NA,13,0,$
14,276,1992,3520,351A,NA,13,1,$
14,276,1992,3530,351A,NA,13,1,$
14,276,1992,359,351A,NA,13,1,$
14,276,1992,3591,3591,NA,13,0,$
14,276,1992,3592,3592,NA,13,0,$
14,276,1992,3599,3599,NA,13,0,$
14,276,1992,3610,3610A,1000,13,1,$
14,276,1992,369,3610A,NA,13,1,$
14,276,1992,3691,3691,NA,13,0,$
14,276,1992,3692,3692,NA,13,0,$
14,276,1992,3693,3693,NA,13,0,$
14,276,1992,3694,3694,NA,13,0,$
14,276,1992,3699,3699,NA,13,0,$
14,276,1992,3710,3710,NA,13,0,$
14,276,1992,3720,3720,NA,13,0,$
14,276,1993,151,151A,1000,13,1,$
14,276,1993,1511,1511,NA,13,0,$
14,276,1993,1512,1512,NA,13,0,$
14,276,1993,1513,1513,NA,13,0,$
14,276,1993,1514,1514,NA,13,0,$
14,276,1993,1520,151A,NA,13,1,$
14,276,1993,153,151A,NA,13,1,$
14,276,1993,1531,1531,NA,13,0,$
14,276,1993,1532,1532,NA,13,0,$
14,276,1993,1533,1533,NA,13,0,$
14,276,1993,154,151A,NA,13,1,$
14,276,1993,1541,1541,NA,13,0,$
14,276,1993,1542,1542,NA,13,0,$
14,276,1993,1543,1543,NA,13,0,$
14,276,1993,1544,1544,NA,13,0,$
14,276,1993,1549,1549,NA,13,0,$
14,276,1993,155,151A,NA,13,1,$
14,276,1993,1551,1551,NA,13,0,$
14,276,1993,1552,1552,NA,13,0,$
14,276,1993,1553,1553,NA,13,0,$
14,276,1993,1554,1554,NA,13,0,$
14,276,1993,1600,1600,1000,13,1,$
14,276,1993,171,171A,1000,13,1,$
14,276,1993,1711,1711,NA,13,0,$
14,276,1993,1712,1712,NA,13,0,$
14,276,1993,172,171A,NA,13,1,$
14,276,1993,1721,1721,NA,13,0,$
14,276,1993,1722,1722,NA,13,0,$
14,276,1993,1723,1723,NA,13,0,$
14,276,1993,1729,1729,NA,13,0,$
14,276,1993,1730,171A,NA,13,1,$
14,276,1993,1810,1810A,1000,13,1,$
14,276,1993,1820,1810A,NA,13,1,$
14,276,1993,191,191A,1000,13,1,$
14,276,1993,1911,1911,NA,13,0,$
14,276,1993,1912,1912,NA,13,0,$
14,276,1993,1920,191A,NA,13,1,$
14,276,1993,2010,2010A,1000,13,1,$
14,276,1993,202,2010A,NA,13,1,$
14,276,1993,2021,2021,NA,13,0,$
14,276,1993,2022,2022,NA,13,0,$
14,276,1993,2023,2023,NA,13,0,$
14,276,1993,2029,2029,NA,13,0,$
14,276,1993,210,210,1000,13,1,$
14,276,1993,2101,2101,NA,13,0,$
14,276,1993,2102,2102,NA,13,0,$
14,276,1993,2109,2109,NA,13,0,$
14,276,1993,221,221,NA,13,0,$
14,276,1993,2211,2211,NA,13,0,$
14,276,1993,2212,2212,NA,13,0,$
14,276,1993,2213,2213,NA,13,0,$
14,276,1993,2219,2219,NA,13,0,$
14,276,1993,222,222,NA,13,0,$
14,276,1993,2221,2221,NA,13,0,$
14,276,1993,2222,2222,NA,13,0,$
14,276,1993,2230,2230,NA,13,0,$
14,276,1993,2310,2310,NA,13,0,$
14,276,1993,2320,2320,NA,13,0,$
14,276,1993,2330,2330,NA,13,0,$
14,276,1993,241,241A,1000,13,1,$
14,276,1993,2411,2411,NA,13,0,$
14,276,1993,2412,2412,NA,13,0,$
14,276,1993,2413,2413,NA,13,0,$
14,276,1993,242,241A,NA,13,1,$
14,276,1993,2421,2421,NA,13,0,$
14,276,1993,2422,2422,NA,13,0,$
14,276,1993,2423,2423,NA,13,0,$
14,276,1993,2424,2424,NA,13,0,$
14,276,1993,2429,2429,NA,13,0,$
14,276,1993,2430,241A,NA,13,1,$
14,276,1993,251,251A,1000,13,1,$
14,276,1993,2511,2511,NA,13,0,$
14,276,1993,2519,2519,NA,13,0,$
14,276,1993,2520,251A,NA,13,1,$
14,276,1993,2610,2610A,1000,13,1,$
14,276,1993,269,2610A,NA,13,1,$
14,276,1993,2691,2691,NA,13,0,$
14,276,1993,2692,2692,NA,13,0,$
14,276,1993,2693,2693,NA,13,0,$
14,276,1993,2694,2694,NA,13,0,$
14,276,1993,2695,2695,NA,13,0,$
14,276,1993,2696,2696,NA,13,0,$
14,276,1993,2699,2699,NA,13,0,$
14,276,1993,2710,2710A,1000,13,1,$
14,276,1993,2720,2710A,NA,13,1,$
14,276,1993,273,2710A,NA,13,1,$
14,276,1993,2731,2731,NA,13,0,$
14,276,1993,2732,2732,NA,13,0,$
14,276,1993,281,281A,1000,13,1,$
14,276,1993,2811,2811,NA,13,0,$
14,276,1993,2812,2812,NA,13,0,$
14,276,1993,2813,2813,NA,13,0,$
14,276,1993,289,281A,NA,13,1,$
14,276,1993,2891,2891,NA,13,0,$
14,276,1993,2892,2892,NA,13,0,$
14,276,1993,2893,2893,NA,13,0,$
14,276,1993,2899,2899,NA,13,0,$
14,276,1993,291,291A,1000,13,1,$
14,276,1993,2911,2911,NA,13,0,$
14,276,1993,2912,2912,NA,13,0,$
14,276,1993,2913,2913,NA,13,0,$
14,276,1993,2914,2914,NA,13,0,$
14,276,1993,2915,2915,NA,13,0,$
14,276,1993,2919,2919,NA,13,0,$
14,276,1993,292,291A,NA,13,1,$
14,276,1993,2921,2921,NA,13,0,$
14,276,1993,2922,2922,NA,13,0,$
14,276,1993,2923,2923,NA,13,0,$
14,276,1993,2924,2924,NA,13,0,$
14,276,1993,2925,2925,NA,13,0,$
14,276,1993,2926,2926,NA,13,0,$
14,276,1993,2927,2927,NA,13,0,$
14,276,1993,2929,2929,NA,13,0,$
14,276,1993,2930,291A,NA,13,1,$
14,276,1993,3000,3000,1000,13,1,$
14,276,1993,3110,3110A,1000,13,1,$
14,276,1993,3120,3110A,NA,13,1,$
14,276,1993,3130,3110A,NA,13,1,$
14,276,1993,3140,3110A,NA,13,1,$
14,276,1993,3150,3110A,NA,13,1,$
14,276,1993,3190,3110A,NA,13,1,$
14,276,1993,3210,3210A,1000,13,1,$
14,276,1993,3220,3210A,NA,13,1,$
14,276,1993,3230,3210A,NA,13,1,$
14,276,1993,331,331A,1000,13,1,$
14,276,1993,3311,3311,NA,13,0,$
14,276,1993,3312,3312,NA,13,0,$
14,276,1993,3313,3313,NA,13,0,$
14,276,1993,3320,331A,NA,13,1,$
14,276,1993,3330,331A,NA,13,1,$
14,276,1993,3410,3410B,1000,13,1,$
14,276,1993,3420,3410B,NA,13,1,$
14,276,1993,3430,3410B,NA,13,1,$
14,276,1993,351,351A,1000,13,1,$
14,276,1993,3511,3511,NA,13,0,$
14,276,1993,3512,3512,NA,13,0,$
14,276,1993,3520,351A,NA,13,1,$
14,276,1993,3530,351A,NA,13,1,$
14,276,1993,359,351A,NA,13,1,$
14,276,1993,3591,3591,NA,13,0,$
14,276,1993,3592,3592,NA,13,0,$
14,276,1993,3599,3599,NA,13,0,$
14,276,1993,3610,3610A,1000,13,1,$
14,276,1993,369,3610A,NA,13,1,$
14,276,1993,3691,3691,NA,13,0,$
14,276,1993,3692,3692,NA,13,0,$
14,276,1993,3693,3693,NA,13,0,$
14,276,1993,3694,3694,NA,13,0,$
14,276,1993,3699,3699,NA,13,0,$
14,276,1993,3710,3710,NA,13,0,$
14,276,1993,3720,3720,NA,13,0,$
14,276,1994,151,151A,1000,13,1,$
14,276,1994,1511,1511,NA,13,0,$
14,276,1994,1512,1512,NA,13,0,$
14,276,1994,1513,1513,NA,13,0,$
14,276,1994,1514,1514,NA,13,0,$
14,276,1994,1520,151A,NA,13,1,$
14,276,1994,153,151A,NA,13,1,$
14,276,1994,1531,1531,NA,13,0,$
14,276,1994,1532,1532,NA,13,0,$
14,276,1994,1533,1533,NA,13,0,$
14,276,1994,154,151A,NA,13,1,$
14,276,1994,1541,1541,NA,13,0,$
14,276,1994,1542,1542,NA,13,0,$
14,276,1994,1543,1543,NA,13,0,$
14,276,1994,1544,1544,NA,13,0,$
14,276,1994,1549,1549,NA,13,0,$
14,276,1994,155,151A,NA,13,1,$
14,276,1994,1551,1551,NA,13,0,$
14,276,1994,1552,1552,NA,13,0,$
14,276,1994,1553,1553,NA,13,0,$
14,276,1994,1554,1554,NA,13,0,$
14,276,1994,1600,1600,1000,13,1,$
14,276,1994,171,171A,1000,13,1,$
14,276,1994,1711,1711,NA,13,0,$
14,276,1994,1712,1712,NA,13,0,$
14,276,1994,172,171A,NA,13,1,$
14,276,1994,1721,1721,NA,13,0,$
14,276,1994,1722,1722,NA,13,0,$
14,276,1994,1723,1723,NA,13,0,$
14,276,1994,1729,1729,NA,13,0,$
14,276,1994,1730,171A,NA,13,1,$
14,276,1994,1810,1810A,1000,13,1,$
14,276,1994,1820,1810A,NA,13,1,$
14,276,1994,191,191A,1000,13,1,$
14,276,1994,1911,1911,NA,13,0,$
14,276,1994,1912,1912,NA,13,0,$
14,276,1994,1920,191A,NA,13,1,$
14,276,1994,2010,2010A,1000,13,1,$
14,276,1994,202,2010A,NA,13,1,$
14,276,1994,2021,2021,NA,13,0,$
14,276,1994,2022,2022,NA,13,0,$
14,276,1994,2023,2023,NA,13,0,$
14,276,1994,2029,2029,NA,13,0,$
14,276,1994,210,210,1000,13,1,$
14,276,1994,2101,2101,NA,13,0,$
14,276,1994,2102,2102,NA,13,0,$
14,276,1994,2109,2109,NA,13,0,$
14,276,1994,221,221,NA,13,0,$
14,276,1994,2211,2211,NA,13,0,$
14,276,1994,2212,2212,NA,13,0,$
14,276,1994,2213,2213,NA,13,0,$
14,276,1994,2219,2219,NA,13,0,$
14,276,1994,222,222,NA,13,0,$
14,276,1994,2221,2221,NA,13,0,$
14,276,1994,2222,2222,NA,13,0,$
14,276,1994,2230,2230,NA,13,0,$
14,276,1994,2310,2310,NA,13,0,$
14,276,1994,2320,2320,NA,13,0,$
14,276,1994,2330,2330,NA,13,0,$
14,276,1994,241,241A,1000,13,1,$
14,276,1994,2411,2411,NA,13,0,$
14,276,1994,2412,2412,NA,13,0,$
14,276,1994,2413,2413,NA,13,0,$
14,276,1994,242,241A,NA,13,1,$
14,276,1994,2421,2421,NA,13,0,$
14,276,1994,2422,2422,NA,13,0,$
14,276,1994,2423,2423,NA,13,0,$
14,276,1994,2424,2424,NA,13,0,$
14,276,1994,2429,2429,NA,13,0,$
14,276,1994,2430,241A,NA,13,1,$
14,276,1994,251,251A,1000,13,1,$
14,276,1994,2511,2511,NA,13,0,$
14,276,1994,2519,2519,NA,13,0,$
14,276,1994,2520,251A,NA,13,1,$
14,276,1994,2610,2610A,1000,13,1,$
14,276,1994,269,2610A,NA,13,1,$
14,276,1994,2691,2691,NA,13,0,$
14,276,1994,2692,2692,NA,13,0,$
14,276,1994,2693,2693,NA,13,0,$
14,276,1994,2694,2694,NA,13,0,$
14,276,1994,2695,2695,NA,13,0,$
14,276,1994,2696,2696,NA,13,0,$
14,276,1994,2699,2699,NA,13,0,$
14,276,1994,2710,2710A,1000,13,1,$
14,276,1994,2720,2710A,NA,13,1,$
14,276,1994,273,2710A,NA,13,1,$
14,276,1994,2731,2731,NA,13,0,$
14,276,1994,2732,2732,NA,13,0,$
14,276,1994,281,281A,1000,13,1,$
14,276,1994,2811,2811,NA,13,0,$
14,276,1994,2812,2812,NA,13,0,$
14,276,1994,2813,2813,NA,13,0,$
14,276,1994,289,281A,NA,13,1,$
14,276,1994,2891,2891,NA,13,0,$
14,276,1994,2892,2892,NA,13,0,$
14,276,1994,2893,2893,NA,13,0,$
14,276,1994,2899,2899,NA,13,0,$
14,276,1994,291,291A,1000,13,1,$
14,276,1994,2911,2911,NA,13,0,$
14,276,1994,2912,2912,NA,13,0,$
14,276,1994,2913,2913,NA,13,0,$
14,276,1994,2914,2914,NA,13,0,$
14,276,1994,2915,2915,NA,13,0,$
14,276,1994,2919,2919,NA,13,0,$
14,276,1994,292,291A,NA,13,1,$
14,276,1994,2921,2921,NA,13,0,$
14,276,1994,2922,2922,NA,13,0,$
14,276,1994,2923,2923,NA,13,0,$
14,276,1994,2924,2924,NA,13,0,$
14,276,1994,2925,2925,NA,13,0,$
14,276,1994,2926,2926,NA,13,0,$
14,276,1994,2927,2927,NA,13,0,$
14,276,1994,2929,2929,NA,13,0,$
14,276,1994,2930,291A,NA,13,1,$
14,276,1994,3000,3000,1000,13,1,$
14,276,1994,3110,3110A,1000,13,1,$
14,276,1994,3120,3110A,NA,13,1,$
14,276,1994,3130,3110A,NA,13,1,$
14,276,1994,3140,3110A,NA,13,1,$
14,276,1994,3150,3110A,NA,13,1,$
14,276,1994,3190,3110A,NA,13,1,$
14,276,1994,3210,3210A,1000,13,1,$
14,276,1994,3220,3210A,NA,13,1,$
14,276,1994,3230,3210A,NA,13,1,$
14,276,1994,331,331A,1000,13,1,$
14,276,1994,3311,3311,NA,13,0,$
14,276,1994,3312,3312,NA,13,0,$
14,276,1994,3313,3313,NA,13,0,$
14,276,1994,3320,331A,NA,13,1,$
14,276,1994,3330,331A,NA,13,1,$
14,276,1994,3410,3410B,1000,13,1,$
14,276,1994,3420,3410B,NA,13,1,$
14,276,1994,3430,3410B,NA,13,1,$
14,276,1994,351,351A,1000,13,1,$
14,276,1994,3511,3511,NA,13,0,$
14,276,1994,3512,3512,NA,13,0,$
14,276,1994,3520,351A,NA,13,1,$
14,276,1994,3530,351A,NA,13,1,$
14,276,1994,359,351A,NA,13,1,$
14,276,1994,3591,3591,NA,13,0,$
14,276,1994,3592,3592,NA,13,0,$
14,276,1994,3599,3599,NA,13,0,$
14,276,1994,3610,3610A,1000,13,1,$
14,276,1994,369,3610A,NA,13,1,$
14,276,1994,3691,3691,NA,13,0,$
14,276,1994,3692,3692,NA,13,0,$
14,276,1994,3693,3693,NA,13,0,$
14,276,1994,3694,3694,NA,13,0,$
14,276,1994,3699,3699,NA,13,0,$
14,276,1994,3710,3710,NA,13,0,$
14,276,1994,3720,3720,NA,13,0,$
14,276,1995,151,151,1000,13,1,$
14,276,1995,1511,1511,1000,13,1,$
14,276,1995,1512,1512,1000,13,1,$
14,276,1995,1513,1513,1000,13,1,$
14,276,1995,1514,1514,1000,13,1,$
14,276,1995,1520,1520,1000,13,1,$
14,276,1995,153,153,1000,13,1,$
14,276,1995,1531,1531,1000,13,1,$
14,276,1995,1532,1532,1000,13,1,$
14,276,1995,1533,1533,1000,13,1,$
14,276,1995,154,154,1000,13,1,$
14,276,1995,1541,1541,1000,13,1,$
14,276,1995,1542,1542,1000,13,1,$
14,276,1995,1543,1543,1000,13,1,$
14,276,1995,1544,1544,1000,13,1,$
14,276,1995,1549,1549,1000,13,1,$
14,276,1995,155,155,1000,13,1,$
14,276,1995,1551,1551,1000,13,1,$
14,276,1995,1552,1552,1000,13,1,$
14,276,1995,1553,1553,1000,13,1,$
14,276,1995,1554,1554,1000,13,1,$
14,276,1995,1600,1600,1000,13,1,$
14,276,1995,171,171,1000,13,1,$
14,276,1995,1711,1711,1000,13,1,$
14,276,1995,1712,1712,1000,13,1,$
14,276,1995,172,172,1000,13,1,$
14,276,1995,1721,1721,1000,13,1,$
14,276,1995,1722,1722,1000,13,1,$
14,276,1995,1723,1723,1000,13,1,$
14,276,1995,1729,1729,1000,13,1,$
14,276,1995,1730,1730,1000,13,1,$
14,276,1995,1810,1810,1000,13,1,$
14,276,1995,1820,1820,1000,13,1,$
14,276,1995,191,191,1000,13,1,$
14,276,1995,1911,1911,1000,13,1,$
14,276,1995,1912,1912,1000,13,1,$
14,276,1995,1920,1920,1000,13,1,$
14,276,1995,2010,2010,1000,13,1,$
14,276,1995,202,202,1000,13,1,$
14,276,1995,2021,2021,1000,13,1,$
14,276,1995,2022,2022,1000,13,1,$
14,276,1995,2023,2023,1000,13,1,$
14,276,1995,2029,2029,1000,13,1,$
14,276,1995,210,210,1000,13,1,$
14,276,1995,2101,2101,1000,13,1,$
14,276,1995,2102,2102,1000,13,1,$
14,276,1995,2109,2109,1000,13,1,$
14,276,1995,221,221,1000,13,1,$
14,276,1995,2211,2211,1000,13,1,$
14,276,1995,2212,2212,1000,13,1,$
14,276,1995,2213,2213,1000,13,1,$
14,276,1995,2219,2219,1000,13,1,$
14,276,1995,222,222,1000,13,1,$
14,276,1995,2221,2221,1000,13,1,$
14,276,1995,2222,2222,1000,13,1,$
14,276,1995,2230,2230,NA,13,0,$
14,276,1995,2310,2310,NA,13,0,$
14,276,1995,2320,2320,1000,13,1,$
14,276,1995,2330,2330,NA,13,0,$
14,276,1995,241,241,1000,13,1,$
14,276,1995,2411,2411,1000,13,1,$
14,276,1995,2412,2412,1000,13,1,$
14,276,1995,2413,2413,1000,13,1,$
14,276,1995,242,242,1000,13,1,$
14,276,1995,2421,2421,1000,13,1,$
14,276,1995,2422,2422,1000,13,1,$
14,276,1995,2423,2423,1000,13,1,$
14,276,1995,2424,2424,1000,13,1,$
14,276,1995,2429,2429,1000,13,1,$
14,276,1995,2430,2430,1000,13,1,$
14,276,1995,251,251,1000,13,1,$
14,276,1995,2511,2511,1000,13,1,$
14,276,1995,2519,2519,1000,13,1,$
14,276,1995,2520,2520,1000,13,1,$
14,276,1995,2610,2610,1000,13,1,$
14,276,1995,269,269,1000,13,1,$
14,276,1995,2691,2691,1000,13,1,$
14,276,1995,2692,2692,1000,13,1,$
14,276,1995,2693,2693,1000,13,1,$
14,276,1995,2694,2694,1000,13,1,$
14,276,1995,2695,2695,1000,13,1,$
14,276,1995,2696,2696,1000,13,1,$
14,276,1995,2699,2699,1000,13,1,$
14,276,1995,2710,2710,1000,13,1,$
14,276,1995,2720,2720,1000,13,1,$
14,276,1995,273,273,1000,13,1,$
14,276,1995,2731,2731,1000,13,1,$
14,276,1995,2732,2732,1000,13,1,$
14,276,1995,281,281,1000,13,1,$
14,276,1995,2811,2811,1000,13,1,$
14,276,1995,2812,2812,1000,13,1,$
14,276,1995,2813,2813,1000,13,1,$
14,276,1995,289,289,1000,13,1,$
14,276,1995,2891,2891,1000,13,1,$
14,276,1995,2892,2892,1000,13,1,$
14,276,1995,2893,2893,1000,13,1,$
14,276,1995,2899,2899,1000,13,1,$
14,276,1995,291,291,1000,13,1,$
14,276,1995,2911,2911,1000,13,1,$
14,276,1995,2912,2912,1000,13,1,$
14,276,1995,2913,2913,1000,13,1,$
14,276,1995,2914,2914,1000,13,1,$
14,276,1995,2915,2915,1000,13,1,$
14,276,1995,2919,2919,1000,13,1,$
14,276,1995,292,292,1000,13,1,$
14,276,1995,2921,2921,1000,13,1,$
14,276,1995,2922,2922,1000,13,1,$
14,276,1995,2923,2923,1000,13,1,$
14,276,1995,2924,2924,1000,13,1,$
14,276,1995,2925,2925,1000,13,1,$
14,276,1995,2926,2926,1000,13,1,$
14,276,1995,2927,2927,1000,13,1,$
14,276,1995,2929,2929,1000,13,1,$
14,276,1995,2930,2930,1000,13,1,$
14,276,1995,3000,3000,1000,13,1,$
14,276,1995,3110,3110,1000,13,1,$
14,276,1995,3120,3120,1000,13,1,$
14,276,1995,3130,3130,1000,13,1,$
14,276,1995,3140,3140,1000,13,1,$
14,276,1995,3150,3150,1000,13,1,$
14,276,1995,3190,3190,1000,13,1,$
14,276,1995,3210,3210,1000,13,1,$
14,276,1995,3220,3220,1000,13,1,$
14,276,1995,3230,3230,1000,13,1,$
14,276,1995,331,331,1000,13,1,$
14,276,1995,3311,3311,1000,13,1,$
14,276,1995,3312,3312,1000,13,1,$
14,276,1995,3313,3313,1000,13,1,$
14,276,1995,3320,3320,1000,13,1,$
14,276,1995,3330,3330,1000,13,1,$
14,276,1995,3410,3410,1000,13,1,$
14,276,1995,3420,3420,1000,13,1,$
14,276,1995,3430,3430,1000,13,1,$
14,276,1995,351,351,1000,13,1,$
14,276,1995,3511,3511,1000,13,1,$
14,276,1995,3512,3512,1000,13,1,$
14,276,1995,3520,3520,1000,13,1,$
14,276,1995,3530,3530,1000,13,1,$
14,276,1995,359,359,1000,13,1,$
14,276,1995,3591,3591,1000,13,1,$
14,276,1995,3592,3592,1000,13,1,$
14,276,1995,3599,3599,1000,13,1,$
14,276,1995,3610,3610,1000,13,1,$
14,276,1995,369,369,1000,13,1,$
14,276,1995,3691,3691,1000,13,1,$
14,276,1995,3692,3692,1000,13,1,$
14,276,1995,3693,3693,1000,13,1,$
14,276,1995,3694,3694,1000,13,1,$
14,276,1995,3699,3699,1000,13,1,$
14,276,1995,3710,3710,1000,13,1,$
14,276,1995,3720,3720,1000,13,1,$
14,276,1996,151,151,1000,13,1,$
14,276,1996,1511,1511,1000,13,1,$
14,276,1996,1512,1512,1000,13,1,$
14,276,1996,1513,1513,1000,13,1,$
14,276,1996,1514,1514,1000,13,1,$
14,276,1996,1520,1520,1000,13,1,$
14,276,1996,153,153,1000,13,1,$
14,276,1996,1531,1531,1000,13,1,$
14,276,1996,1532,1532,1000,13,1,$
14,276,1996,1533,1533,1000,13,1,$
14,276,1996,154,154,1000,13,1,$
14,276,1996,1541,1541,1000,13,1,$
14,276,1996,1542,1542,1000,13,1,$
14,276,1996,1543,1543,1000,13,1,$
14,276,1996,1544,1544,1000,13,1,$
14,276,1996,1549,1549,1000,13,1,$
14,276,1996,155,155,NA,13,0,$
14,276,1996,1551,1551,1000,13,1,$
14,276,1996,1552,1552,NA,13,0,$
14,276,1996,1553,1553,1000,13,1,$
14,276,1996,1554,1554,1000,13,1,$
14,276,1996,1600,1600,1000,13,1,$
14,276,1996,171,171,NA,13,0,$
14,276,1996,1711,1711,NA,13,0,$
14,276,1996,1712,1712,1000,13,1,$
14,276,1996,172,172,1000,13,1,$
14,276,1996,1721,1721,1000,13,1,$
14,276,1996,1722,1722,1000,13,1,$
14,276,1996,1723,1723,1000,13,1,$
14,276,1996,1729,1729,1000,13,1,$
14,276,1996,1730,1730,1000,13,1,$
14,276,1996,1810,1810,1000,13,1,$
14,276,1996,1820,1820,1000,13,1,$
14,276,1996,191,191,1000,13,1,$
14,276,1996,1911,1911,1000,13,1,$
14,276,1996,1912,1912,1000,13,1,$
14,276,1996,1920,1920,1000,13,1,$
14,276,1996,2010,2010,1000,13,1,$
14,276,1996,202,202,1000,13,1,$
14,276,1996,2021,2021,1000,13,1,$
14,276,1996,2022,2022,1000,13,1,$
14,276,1996,2023,2023,1000,13,1,$
14,276,1996,2029,2029,1000,13,1,$
14,276,1996,210,210,1000,13,1,$
14,276,1996,2101,2101,1000,13,1,$
14,276,1996,2102,2102,1000,13,1,$
14,276,1996,2109,2109,1000,13,1,$
14,276,1996,221,221,1000,13,1,$
14,276,1996,2211,2211,1000,13,1,$
14,276,1996,2212,2212,1000,13,1,$
14,276,1996,2213,2213,1000,13,1,$
14,276,1996,2219,2219,1000,13,1,$
14,276,1996,222,222,1000,13,1,$
14,276,1996,2221,2221,1000,13,1,$
14,276,1996,2222,2222,1000,13,1,$
14,276,1996,2230,2230,NA,13,0,$
14,276,1996,2310,2310,NA,13,0,$
14,276,1996,2320,2320,1000,13,1,$
14,276,1996,2330,2330,NA,13,0,$
14,276,1996,241,241,1000,13,1,$
14,276,1996,2411,2411,1000,13,1,$
14,276,1996,2412,2412,1000,13,1,$
14,276,1996,2413,2413,1000,13,1,$
14,276,1996,242,242,1000,13,1,$
14,276,1996,2421,2421,1000,13,1,$
14,276,1996,2422,2422,1000,13,1,$
14,276,1996,2423,2423,1000,13,1,$
14,276,1996,2424,2424,1000,13,1,$
14,276,1996,2429,2429,1000,13,1,$
14,276,1996,2430,2430,1000,13,1,$
14,276,1996,251,251,1000,13,1,$
14,276,1996,2511,2511,1000,13,1,$
14,276,1996,2519,2519,1000,13,1,$
14,276,1996,2520,2520,1000,13,1,$
14,276,1996,2610,2610,1000,13,1,$
14,276,1996,269,269,1000,13,1,$
14,276,1996,2691,2691,1000,13,1,$
14,276,1996,2692,2692,1000,13,1,$
14,276,1996,2693,2693,1000,13,1,$
14,276,1996,2694,2694,1000,13,1,$
14,276,1996,2695,2695,1000,13,1,$
14,276,1996,2696,2696,1000,13,1,$
14,276,1996,2699,2699,1000,13,1,$
14,276,1996,2710,2710,1000,13,1,$
14,276,1996,2720,2720,1000,13,1,$
14,276,1996,273,273,1000,13,1,$
14,276,1996,2731,2731,1000,13,1,$
14,276,1996,2732,2732,1000,13,1,$
14,276,1996,281,281,1000,13,1,$
14,276,1996,2811,2811,1000,13,1,$
14,276,1996,2812,2812,1000,13,1,$
14,276,1996,2813,2813,1000,13,1,$
14,276,1996,289,289,1000,13,1,$
14,276,1996,2891,2891,1000,13,1,$
14,276,1996,2892,2892,1000,13,1,$
14,276,1996,2893,2893,1000,13,1,$
14,276,1996,2899,2899,1000,13,1,$
14,276,1996,291,291,1000,13,1,$
14,276,1996,2911,2911,1000,13,1,$
14,276,1996,2912,2912,1000,13,1,$
14,276,1996,2913,2913,1000,13,1,$
14,276,1996,2914,2914,1000,13,1,$
14,276,1996,2915,2915,1000,13,1,$
14,276,1996,2919,2919,1000,13,1,$
14,276,1996,292,292,1000,13,1,$
14,276,1996,2921,2921,1000,13,1,$
14,276,1996,2922,2922,1000,13,1,$
14,276,1996,2923,2923,1000,13,1,$
14,276,1996,2924,2924,1000,13,1,$
14,276,1996,2925,2925,1000,13,1,$
14,276,1996,2926,2926,1000,13,1,$
14,276,1996,2927,2927,1000,13,1,$
14,276,1996,2929,2929,1000,13,1,$
14,276,1996,2930,2930,1000,13,1,$
14,276,1996,3000,3000,1000,13,1,$
14,276,1996,3110,3110,1000,13,1,$
14,276,1996,3120,3120,1000,13,1,$
14,276,1996,3130,3130,1000,13,1,$
14,276,1996,3140,3140,1000,13,1,$
14,276,1996,3150,3150,1000,13,1,$
14,276,1996,3190,3190,1000,13,1,$
14,276,1996,3210,3210,1000,13,1,$
14,276,1996,3220,3220,1000,13,1,$
14,276,1996,3230,3230,1000,13,1,$
14,276,1996,331,331,1000,13,1,$
14,276,1996,3311,3311,1000,13,1,$
14,276,1996,3312,3312,1000,13,1,$
14,276,1996,3313,3313,1000,13,1,$
14,276,1996,3320,3320,1000,13,1,$
14,276,1996,3330,3330,1000,13,1,$
14,276,1996,3410,3410,1000,13,1,$
14,276,1996,3420,3420,1000,13,1,$
14,276,1996,3430,3430,1000,13,1,$
14,276,1996,351,351,1000,13,1,$
14,276,1996,3511,3511,1000,13,1,$
14,276,1996,3512,3512,1000,13,1,$
14,276,1996,3520,3520,1000,13,1,$
14,276,1996,3530,3530,1000,13,1,$
14,276,1996,359,359,1000,13,1,$
14,276,1996,3591,3591,1000,13,1,$
14,276,1996,3592,3592,1000,13,1,$
14,276,1996,3599,3599,1000,13,1,$
14,276,1996,3610,3610,1000,13,1,$
14,276,1996,369,369,1000,13,1,$
14,276,1996,3691,3691,1000,13,1,$
14,276,1996,3692,3692,1000,13,1,$
14,276,1996,3693,3693,1000,13,1,$
14,276,1996,3694,3694,1000,13,1,$
14,276,1996,3699,3699,1000,13,1,$
14,276,1996,3710,3710,1000,13,1,$
14,276,1996,3720,3720,1000,13,1,$
14,276,1997,151,151,1000,13,1,$
14,276,1997,1511,1511,1000,13,1,$
14,276,1997,1512,1512,1000,13,1,$
14,276,1997,1513,1513,1000,13,1,$
14,276,1997,1514,1514,1000,13,1,$
14,276,1997,1520,1520,1000,13,1,$
14,276,1997,153,153,1000,13,1,$
14,276,1997,1531,1531,1000,13,1,$
14,276,1997,1532,1532,1000,13,1,$
14,276,1997,1533,1533,1000,13,1,$
14,276,1997,154,154,1000,13,1,$
14,276,1997,1541,1541,1000,13,1,$
14,276,1997,1542,1542,1000,13,1,$
14,276,1997,1543,1543,1000,13,1,$
14,276,1997,1544,1544,1000,13,1,$
14,276,1997,1549,1549,1000,13,1,$
14,276,1997,155,155,NA,13,0,$
14,276,1997,1551,1551,1000,13,1,$
14,276,1997,1552,1552,NA,13,0,$
14,276,1997,1553,1553,1000,13,1,$
14,276,1997,1554,1554,1000,13,1,$
14,276,1997,1600,1600,1000,13,1,$
14,276,1997,171,171,NA,13,0,$
14,276,1997,1711,1711,NA,13,0,$
14,276,1997,1712,1712,1000,13,1,$
14,276,1997,172,172,1000,13,1,$
14,276,1997,1721,1721,1000,13,1,$
14,276,1997,1722,1722,1000,13,1,$
14,276,1997,1723,1723,1000,13,1,$
14,276,1997,1729,1729,1000,13,1,$
14,276,1997,1730,1730,1000,13,1,$
14,276,1997,1810,1810,1000,13,1,$
14,276,1997,1820,1820,1000,13,1,$
14,276,1997,191,191,1000,13,1,$
14,276,1997,1911,1911,1000,13,1,$
14,276,1997,1912,1912,1000,13,1,$
14,276,1997,1920,1920,1000,13,1,$
14,276,1997,2010,2010,1000,13,1,$
14,276,1997,202,202,1000,13,1,$
14,276,1997,2021,2021,1000,13,1,$
14,276,1997,2022,2022,1000,13,1,$
14,276,1997,2023,2023,1000,13,1,$
14,276,1997,2029,2029,1000,13,1,$
14,276,1997,210,210,1000,13,1,$
14,276,1997,2101,2101,1000,13,1,$
14,276,1997,2102,2102,1000,13,1,$
14,276,1997,2109,2109,1000,13,1,$
14,276,1997,221,221,NA,13,0,$
14,276,1997,2211,2211,1000,13,1,$
14,276,1997,2212,2212,1000,13,1,$
14,276,1997,2213,2213,NA,13,0,$
14,276,1997,2219,2219,NA,13,0,$
14,276,1997,222,222,1000,13,1,$
14,276,1997,2221,2221,1000,13,1,$
14,276,1997,2222,2222,1000,13,1,$
14,276,1997,2230,2230,NA,13,0,$
14,276,1997,2310,2310,NA,13,0,$
14,276,1997,2320,2320,1000,13,1,$
14,276,1997,2330,2330,NA,13,0,$
14,276,1997,241,241,1000,13,1,$
14,276,1997,2411,2411,NA,13,0,$
14,276,1997,2412,2412,1000,13,1,$
14,276,1997,2413,2413,NA,13,0,$
14,276,1997,242,242,1000,13,1,$
14,276,1997,2421,2421,1000,13,1,$
14,276,1997,2422,2422,1000,13,1,$
14,276,1997,2423,2423,1000,13,1,$
14,276,1997,2424,2424,1000,13,1,$
14,276,1997,2429,2429,1000,13,1,$
14,276,1997,2430,2430,1000,13,1,$
14,276,1997,251,251,1000,13,1,$
14,276,1997,2511,2511,1000,13,1,$
14,276,1997,2519,2519,1000,13,1,$
14,276,1997,2520,2520,1000,13,1,$
14,276,1997,2610,2610,1000,13,1,$
14,276,1997,269,269,1000,13,1,$
14,276,1997,2691,2691,1000,13,1,$
14,276,1997,2692,2692,1000,13,1,$
14,276,1997,2693,2693,1000,13,1,$
14,276,1997,2694,2694,1000,13,1,$
14,276,1997,2695,2695,1000,13,1,$
14,276,1997,2696,2696,1000,13,1,$
14,276,1997,2699,2699,1000,13,1,$
14,276,1997,2710,2710,1000,13,1,$
14,276,1997,2720,2720,1000,13,1,$
14,276,1997,273,273,1000,13,1,$
14,276,1997,2731,2731,1000,13,1,$
14,276,1997,2732,2732,1000,13,1,$
14,276,1997,281,281,1000,13,1,$
14,276,1997,2811,2811,1000,13,1,$
14,276,1997,2812,2812,1000,13,1,$
14,276,1997,2813,2813,1000,13,1,$
14,276,1997,289,289,1000,13,1,$
14,276,1997,2891,2891,1000,13,1,$
14,276,1997,2892,2892,1000,13,1,$
14,276,1997,2893,2893,1000,13,1,$
14,276,1997,2899,2899,1000,13,1,$
14,276,1997,291,291,1000,13,1,$
14,276,1997,2911,2911,1000,13,1,$
14,276,1997,2912,2912,1000,13,1,$
14,276,1997,2913,2913,1000,13,1,$
14,276,1997,2914,2914,1000,13,1,$
14,276,1997,2915,2915,1000,13,1,$
14,276,1997,2919,2919,1000,13,1,$
14,276,1997,292,292,1000,13,1,$
14,276,1997,2921,2921,1000,13,1,$
14,276,1997,2922,2922,1000,13,1,$
14,276,1997,2923,2923,1000,13,1,$
14,276,1997,2924,2924,1000,13,1,$
14,276,1997,2925,2925,1000,13,1,$
14,276,1997,2926,2926,1000,13,1,$
14,276,1997,2927,2927,1000,13,1,$
14,276,1997,2929,2929,1000,13,1,$
14,276,1997,2930,2930,1000,13,1,$
14,276,1997,3000,3000,1000,13,1,$
14,276,1997,3110,3110,1000,13,1,$
14,276,1997,3120,3120,1000,13,1,$
14,276,1997,3130,3130,1000,13,1,$
14,276,1997,3140,3140,1000,13,1,$
14,276,1997,3150,3150,1000,13,1,$
14,276,1997,3190,3190,1000,13,1,$
14,276,1997,3210,3210,1000,13,1,$
14,276,1997,3220,3220,1000,13,1,$
14,276,1997,3230,3230,1000,13,1,$
14,276,1997,331,331,1000,13,1,$
14,276,1997,3311,3311,1000,13,1,$
14,276,1997,3312,3312,1000,13,1,$
14,276,1997,3313,3313,1000,13,1,$
14,276,1997,3320,3320,1000,13,1,$
14,276,1997,3330,3330,1000,13,1,$
14,276,1997,3410,3410,1000,13,1,$
14,276,1997,3420,3420,1000,13,1,$
14,276,1997,3430,3430,1000,13,1,$
14,276,1997,351,351,1000,13,1,$
14,276,1997,3511,3511,1000,13,1,$
14,276,1997,3512,3512,1000,13,1,$
14,276,1997,3520,3520,1000,13,1,$
14,276,1997,3530,3530,1000,13,1,$
14,276,1997,359,359,1000,13,1,$
14,276,1997,3591,3591,1000,13,1,$
14,276,1997,3592,3592,1000,13,1,$
14,276,1997,3599,3599,1000,13,1,$
14,276,1997,3610,3610,1000,13,1,$
14,276,1997,369,369,NA,13,0,$
14,276,1997,3691,3691,NA,13,0,$
14,276,1997,3692,3692,1000,13,1,$
14,276,1997,3693,3693,1000,13,1,$
14,276,1997,3694,3694,1000,13,1,$
14,276,1997,3699,3699,1000,13,1,$
14,276,1997,3710,3710,1000,13,1,$
14,276,1997,3720,3720,1000,13,1,$
14,276,1998,151,151,1000,13,1,$
14,276,1998,1511,1511,1000,13,1,$
14,276,1998,1512,1512,1000,13,1,$
14,276,1998,1513,1513,1000,13,1,$
14,276,1998,1514,1514,1000,13,1,$
14,276,1998,1520,1520,1000,13,1,$
14,276,1998,153,153,1000,13,1,$
14,276,1998,1531,1531,1000,13,1,$
14,276,1998,1532,1532,1000,13,1,$
14,276,1998,1533,1533,1000,13,1,$
14,276,1998,154,154,1000,13,1,$
14,276,1998,1541,1541,1000,13,1,$
14,276,1998,1542,1542,1000,13,1,$
14,276,1998,1543,1543,1000,13,1,$
14,276,1998,1544,1544,1000,13,1,$
14,276,1998,1549,1549,1000,13,1,$
14,276,1998,155,155,1000,13,1,$
14,276,1998,1551,1551,NA,13,0,$
14,276,1998,1552,1552,NA,13,0,$
14,276,1998,1553,1553,1000,13,1,$
14,276,1998,1554,1554,1000,13,1,$
14,276,1998,1600,1600,1000,13,1,$
14,276,1998,171,171,1000,13,1,$
14,276,1998,1711,1711,1000,13,1,$
14,276,1998,1712,1712,1000,13,1,$
14,276,1998,172,172,1000,13,1,$
14,276,1998,1721,1721,1000,13,1,$
14,276,1998,1722,1722,1000,13,1,$
14,276,1998,1723,1723,NA,13,0,$
14,276,1998,1729,1729,NA,13,0,$
14,276,1998,1730,1730,1000,13,1,$
14,276,1998,1810,1810,1000,13,1,$
14,276,1998,1820,1820,1000,13,1,$
14,276,1998,191,191,1000,13,1,$
14,276,1998,1911,1911,1000,13,1,$
14,276,1998,1912,1912,1000,13,1,$
14,276,1998,1920,1920,1000,13,1,$
14,276,1998,2010,2010,1000,13,1,$
14,276,1998,202,202,1000,13,1,$
14,276,1998,2021,2021,1000,13,1,$
14,276,1998,2022,2022,1000,13,1,$
14,276,1998,2023,2023,1000,13,1,$
14,276,1998,2029,2029,1000,13,1,$
14,276,1998,210,210,1000,13,1,$
14,276,1998,2101,2101,1000,13,1,$
14,276,1998,2102,2102,1000,13,1,$
14,276,1998,2109,2109,1000,13,1,$
14,276,1998,221,221,1000,13,1,$
14,276,1998,2211,2211,1000,13,1,$
14,276,1998,2212,2212,1000,13,1,$
14,276,1998,2213,2213,NA,13,0,$
14,276,1998,2219,2219,NA,13,0,$
14,276,1998,222,222,1000,13,1,$
14,276,1998,2221,2221,1000,13,1,$
14,276,1998,2222,2222,1000,13,1,$
14,276,1998,2230,2230,1000,13,1,$
14,276,1998,2310,2310,NA,13,0,$
14,276,1998,2320,2320,NA,13,0,$
14,276,1998,2330,2330,NA,13,0,$
14,276,1998,241,241,1000,13,1,$
14,276,1998,2411,2411,NA,13,0,$
14,276,1998,2412,2412,1000,13,1,$
14,276,1998,2413,2413,NA,13,0,$
14,276,1998,242,242,1000,13,1,$
14,276,1998,2421,2421,1000,13,1,$
14,276,1998,2422,2422,1000,13,1,$
14,276,1998,2423,2423,1000,13,1,$
14,276,1998,2424,2424,1000,13,1,$
14,276,1998,2429,2429,1000,13,1,$
14,276,1998,2430,2430,1000,13,1,$
14,276,1998,251,251,1000,13,1,$
14,276,1998,2511,2511,1000,13,1,$
14,276,1998,2519,2519,1000,13,1,$
14,276,1998,2520,2520,1000,13,1,$
14,276,1998,2610,2610,1000,13,1,$
14,276,1998,269,269,1000,13,1,$
14,276,1998,2691,2691,1000,13,1,$
14,276,1998,2692,2692,1000,13,1,$
14,276,1998,2693,2693,1000,13,1,$
14,276,1998,2694,2694,1000,13,1,$
14,276,1998,2695,2695,1000,13,1,$
14,276,1998,2696,2696,1000,13,1,$
14,276,1998,2699,2699,1000,13,1,$
14,276,1998,2710,2710,1000,13,1,$
14,276,1998,2720,2720,1000,13,1,$
14,276,1998,273,273,1000,13,1,$
14,276,1998,2731,2731,1000,13,1,$
14,276,1998,2732,2732,1000,13,1,$
14,276,1998,281,281,1000,13,1,$
14,276,1998,2811,2811,1000,13,1,$
14,276,1998,2812,2812,1000,13,1,$
14,276,1998,2813,2813,1000,13,1,$
14,276,1998,289,289,1000,13,1,$
14,276,1998,2891,2891,1000,13,1,$
14,276,1998,2892,2892,1000,13,1,$
14,276,1998,2893,2893,1000,13,1,$
14,276,1998,2899,2899,1000,13,1,$
14,276,1998,291,291,1000,13,1,$
14,276,1998,2911,2911,1000,13,1,$
14,276,1998,2912,2912,1000,13,1,$
14,276,1998,2913,2913,1000,13,1,$
14,276,1998,2914,2914,1000,13,1,$
14,276,1998,2915,2915,1000,13,1,$
14,276,1998,2919,2919,1000,13,1,$
14,276,1998,292,292,1000,13,1,$
14,276,1998,2921,2921,1000,13,1,$
14,276,1998,2922,2922,1000,13,1,$
14,276,1998,2923,2923,1000,13,1,$
14,276,1998,2924,2924,1000,13,1,$
14,276,1998,2925,2925,1000,13,1,$
14,276,1998,2926,2926,1000,13,1,$
14,276,1998,2927,2927,1000,13,1,$
14,276,1998,2929,2929,1000,13,1,$
14,276,1998,2930,2930,1000,13,1,$
14,276,1998,3000,3000,1000,13,1,$
14,276,1998,3110,3110,1000,13,1,$
14,276,1998,3120,3120,1000,13,1,$
14,276,1998,3130,3130,1000,13,1,$
14,276,1998,3140,3140,1000,13,1,$
14,276,1998,3150,3150,1000,13,1,$
14,276,1998,3190,3190,1000,13,1,$
14,276,1998,3210,3210,1000,13,1,$
14,276,1998,3220,3220,1000,13,1,$
14,276,1998,3230,3230,1000,13,1,$
14,276,1998,331,331,1000,13,1,$
14,276,1998,3311,3311,1000,13,1,$
14,276,1998,3312,3312,1000,13,1,$
14,276,1998,3313,3313,1000,13,1,$
14,276,1998,3320,3320,1000,13,1,$
14,276,1998,3330,3330,1000,13,1,$
14,276,1998,3410,3410,1000,13,1,$
14,276,1998,3420,3420,1000,13,1,$
14,276,1998,3430,3430,1000,13,1,$
14,276,1998,351,351,1000,13,1,$
14,276,1998,3511,3511,1000,13,1,$
14,276,1998,3512,3512,1000,13,1,$
14,276,1998,3520,3520,1000,13,1,$
14,276,1998,3530,3530,1000,13,1,$
14,276,1998,359,359,1000,13,1,$
14,276,1998,3591,3591,1000,13,1,$
14,276,1998,3592,3592,1000,13,1,$
14,276,1998,3599,3599,1000,13,1,$
14,276,1998,3610,3610,1000,13,1,$
14,276,1998,369,369,1000,13,1,$
14,276,1998,3691,3691,1000,13,1,$
14,276,1998,3692,3692,1000,13,1,$
14,276,1998,3693,3693,1000,13,1,$
14,276,1998,3694,3694,1000,13,1,$
14,276,1998,3699,3699,1000,13,1,$
14,276,1998,3710,3710,1000,13,1,$
14,276,1998,3720,3720,1000,13,1,$
14,276,1999,151,151,1000,14,1,$
14,276,1999,1511,1511,1000,14,1,$
14,276,1999,1512,1512,1000,14,1,$
14,276,1999,1513,1513,1000,14,1,$
14,276,1999,1514,1514,1000,14,1,$
14,276,1999,1520,1520,1000,14,1,$
14,276,1999,153,153,1000,14,1,$
14,276,1999,1531,1531,1000,14,1,$
14,276,1999,1532,1532,1000,14,1,$
14,276,1999,1533,1533,1000,14,1,$
14,276,1999,154,154,1000,14,1,$
14,276,1999,1541,1541,1000,14,1,$
14,276,1999,1542,1542,1000,14,1,$
14,276,1999,1543,1543,1000,14,1,$
14,276,1999,1544,1544,1000,14,1,$
14,276,1999,1549,1549,1000,14,1,$
14,276,1999,155,155,1000,14,1,$
14,276,1999,1551,1551,NA,14,0,$
14,276,1999,1552,1552,NA,14,0,$
14,276,1999,1553,1553,1000,14,1,$
14,276,1999,1554,1554,1000,14,1,$
14,276,1999,1600,1600,1000,14,1,$
14,276,1999,171,171,1000,14,1,$
14,276,1999,1711,1711,1000,14,1,$
14,276,1999,1712,1712,1000,14,1,$
14,276,1999,172,172,1000,14,1,$
14,276,1999,1721,1721,1000,14,1,$
14,276,1999,1722,1722,1000,14,1,$
14,276,1999,1723,1723,1000,14,1,$
14,276,1999,1729,1729,1000,14,1,$
14,276,1999,1730,1730,1000,14,1,$
14,276,1999,1810,1810,1000,14,1,$
14,276,1999,1820,1820,1000,14,1,$
14,276,1999,191,191,1000,14,1,$
14,276,1999,1911,1911,1000,14,1,$
14,276,1999,1912,1912,1000,14,1,$
14,276,1999,1920,1920,1000,14,1,$
14,276,1999,2010,2010,1000,14,1,$
14,276,1999,202,202,1000,14,1,$
14,276,1999,2021,2021,1000,14,1,$
14,276,1999,2022,2022,1000,14,1,$
14,276,1999,2023,2023,1000,14,1,$
14,276,1999,2029,2029,1000,14,1,$
14,276,1999,210,210,1000,14,1,$
14,276,1999,2101,2101,1000,14,1,$
14,276,1999,2102,2102,1000,14,1,$
14,276,1999,2109,2109,1000,14,1,$
14,276,1999,221,221,1000,14,1,$
14,276,1999,2211,2211,1000,14,1,$
14,276,1999,2212,2212,1000,14,1,$
14,276,1999,2213,2213,1000,14,1,$
14,276,1999,2219,2219,1000,14,1,$
14,276,1999,222,222,1000,14,1,$
14,276,1999,2221,2221,1000,14,1,$
14,276,1999,2222,2222,1000,14,1,$
14,276,1999,2230,2230,1000,14,1,$
14,276,1999,2310,2310A,1000,14,1,$
14,276,1999,2320,2310A,NA,14,1,$
14,276,1999,2330,2310A,NA,14,1,$
14,276,1999,241,241,1000,14,1,$
14,276,1999,2411,2411,NA,14,0,$
14,276,1999,2412,2412,1000,14,1,$
14,276,1999,2413,2413,NA,14,0,$
14,276,1999,242,242,1000,14,1,$
14,276,1999,2421,2421,1000,14,1,$
14,276,1999,2422,2422,1000,14,1,$
14,276,1999,2423,2423,1000,14,1,$
14,276,1999,2424,2424,1000,14,1,$
14,276,1999,2429,2429,1000,14,1,$
14,276,1999,2430,2430,1000,14,1,$
14,276,1999,251,251,1000,14,1,$
14,276,1999,2511,2511,1000,14,1,$
14,276,1999,2519,2519,1000,14,1,$
14,276,1999,2520,2520,1000,14,1,$
14,276,1999,2610,2610,1000,14,1,$
14,276,1999,269,269,1000,14,1,$
14,276,1999,2691,2691,1000,14,1,$
14,276,1999,2692,2692,1000,14,1,$
14,276,1999,2693,2693,1000,14,1,$
14,276,1999,2694,2694,1000,14,1,$
14,276,1999,2695,2695,1000,14,1,$
14,276,1999,2696,2696,1000,14,1,$
14,276,1999,2699,2699,1000,14,1,$
14,276,1999,2710,2710,1000,14,1,$
14,276,1999,2720,2720,1000,14,1,$
14,276,1999,273,273,1000,14,1,$
14,276,1999,2731,2731,1000,14,1,$
14,276,1999,2732,2732,1000,14,1,$
14,276,1999,281,281,1000,14,1,$
14,276,1999,2811,2811,1000,14,1,$
14,276,1999,2812,2812,1000,14,1,$
14,276,1999,2813,2813,1000,14,1,$
14,276,1999,289,289,1000,14,1,$
14,276,1999,2891,2891,1000,14,1,$
14,276,1999,2892,2892,1000,14,1,$
14,276,1999,2893,2893,1000,14,1,$
14,276,1999,2899,2899,1000,14,1,$
14,276,1999,291,291,1000,14,1,$
14,276,1999,2911,2911,1000,14,1,$
14,276,1999,2912,2912,1000,14,1,$
14,276,1999,2913,2913,1000,14,1,$
14,276,1999,2914,2914,1000,14,1,$
14,276,1999,2915,2915,1000,14,1,$
14,276,1999,2919,2919,1000,14,1,$
14,276,1999,292,292,1000,14,1,$
14,276,1999,2921,2921,1000,14,1,$
14,276,1999,2922,2922,1000,14,1,$
14,276,1999,2923,2923,1000,14,1,$
14,276,1999,2924,2924,1000,14,1,$
14,276,1999,2925,2925,1000,14,1,$
14,276,1999,2926,2926,1000,14,1,$
14,276,1999,2927,2927,1000,14,1,$
14,276,1999,2929,2929,1000,14,1,$
14,276,1999,2930,2930,1000,14,1,$
14,276,1999,3000,3000,1000,14,1,$
14,276,1999,3110,3110,1000,14,1,$
14,276,1999,3120,3120,1000,14,1,$
14,276,1999,3130,3130,1000,14,1,$
14,276,1999,3140,3140,1000,14,1,$
14,276,1999,3150,3150,1000,14,1,$
14,276,1999,3190,3190,1000,14,1,$
14,276,1999,3210,3210,1000,14,1,$
14,276,1999,3220,3220,1000,14,1,$
14,276,1999,3230,3230,1000,14,1,$
14,276,1999,331,331,1000,14,1,$
14,276,1999,3311,3311,1000,14,1,$
14,276,1999,3312,3312,1000,14,1,$
14,276,1999,3313,3313,1000,14,1,$
14,276,1999,3320,3320,1000,14,1,$
14,276,1999,3330,3330,1000,14,1,$
14,276,1999,3410,3410,1000,14,1,$
14,276,1999,3420,3420,1000,14,1,$
14,276,1999,3430,3430,1000,14,1,$
14,276,1999,351,351,1000,14,1,$
14,276,1999,3511,3511,1000,14,1,$
14,276,1999,3512,3512,1000,14,1,$
14,276,1999,3520,3520,1000,14,1,$
14,276,1999,3530,3530,1000,14,1,$
14,276,1999,359,359,1000,14,1,$
14,276,1999,3591,3591,1000,14,1,$
14,276,1999,3592,3592,1000,14,1,$
14,276,1999,3599,3599,1000,14,1,$
14,276,1999,3610,3610,1000,14,1,$
14,276,1999,369,369,1000,14,1,$
14,276,1999,3691,3691,1000,14,1,$
14,276,1999,3692,3692,1000,14,1,$
14,276,1999,3693,3693,1000,14,1,$
14,276,1999,3694,3694,1000,14,1,$
14,276,1999,3699,3699,1000,14,1,$
14,276,1999,3710,3710,1000,14,1,$
14,276,1999,3720,3720,1000,14,1,$
14,276,2000,151,151,1000,14,1,$
14,276,2000,1511,1511,1000,14,1,$
14,276,2000,1512,1512,1000,14,1,$
14,276,2000,1513,1513,1000,14,1,$
14,276,2000,1514,1514,1000,14,1,$
14,276,2000,1520,1520,1000,14,1,$
14,276,2000,153,153,1000,14,1,$
14,276,2000,1531,1531,1000,14,1,$
14,276,2000,1532,1532,1000,14,1,$
14,276,2000,1533,1533,1000,14,1,$
14,276,2000,154,154,1000,14,1,$
14,276,2000,1541,1541,1000,14,1,$
14,276,2000,1542,1542,1000,14,1,$
14,276,2000,1543,1543,1000,14,1,$
14,276,2000,1544,1544,1000,14,1,$
14,276,2000,1549,1549,1000,14,1,$
14,276,2000,155,155,1000,14,1,$
14,276,2000,1551,1551,NA,14,0,$
14,276,2000,1552,1552,NA,14,0,$
14,276,2000,1553,1553,1000,14,1,$
14,276,2000,1554,1554,1000,14,1,$
14,276,2000,1600,1600,1000,14,1,$
14,276,2000,171,171,1000,14,1,$
14,276,2000,1711,1711,1000,14,1,$
14,276,2000,1712,1712,1000,14,1,$
14,276,2000,172,172,1000,14,1,$
14,276,2000,1721,1721,1000,14,1,$
14,276,2000,1722,1722,1000,14,1,$
14,276,2000,1723,1723,1000,14,1,$
14,276,2000,1729,1729,1000,14,1,$
14,276,2000,1730,1730,1000,14,1,$
14,276,2000,1810,1810,1000,14,1,$
14,276,2000,1820,1820,1000,14,1,$
14,276,2000,191,191,1000,14,1,$
14,276,2000,1911,1911,1000,14,1,$
14,276,2000,1912,1912,1000,14,1,$
14,276,2000,1920,1920,1000,14,1,$
14,276,2000,2010,2010,1000,14,1,$
14,276,2000,202,202,1000,14,1,$
14,276,2000,2021,2021,1000,14,1,$
14,276,2000,2022,2022,1000,14,1,$
14,276,2000,2023,2023,1000,14,1,$
14,276,2000,2029,2029,1000,14,1,$
14,276,2000,210,210,1000,14,1,$
14,276,2000,2101,2101,1000,14,1,$
14,276,2000,2102,2102,1000,14,1,$
14,276,2000,2109,2109,1000,14,1,$
14,276,2000,221,221,1000,14,1,$
14,276,2000,2211,2211,1000,14,1,$
14,276,2000,2212,2212,1000,14,1,$
14,276,2000,2213,2213,1000,14,1,$
14,276,2000,2219,2219,1000,14,1,$
14,276,2000,222,222,1000,14,1,$
14,276,2000,2221,2221,1000,14,1,$
14,276,2000,2222,2222,1000,14,1,$
14,276,2000,2230,2230,1000,14,1,$
14,276,2000,2310,2310A,1000,14,1,$
14,276,2000,2320,2310A,NA,14,1,$
14,276,2000,2330,2310A,NA,14,1,$
14,276,2000,241,241,1000,14,1,$
14,276,2000,2411,2411,NA,14,0,$
14,276,2000,2412,2412,1000,14,1,$
14,276,2000,2413,2413,NA,14,0,$
14,276,2000,242,242,1000,14,1,$
14,276,2000,2421,2421,1000,14,1,$
14,276,2000,2422,2422,1000,14,1,$
14,276,2000,2423,2423,1000,14,1,$
14,276,2000,2424,2424,1000,14,1,$
14,276,2000,2429,2429,1000,14,1,$
14,276,2000,2430,2430,1000,14,1,$
14,276,2000,251,251,1000,14,1,$
14,276,2000,2511,2511,1000,14,1,$
14,276,2000,2519,2519,1000,14,1,$
14,276,2000,2520,2520,1000,14,1,$
14,276,2000,2610,2610,1000,14,1,$
14,276,2000,269,269,1000,14,1,$
14,276,2000,2691,2691,1000,14,1,$
14,276,2000,2692,2692,1000,14,1,$
14,276,2000,2693,2693,1000,14,1,$
14,276,2000,2694,2694,1000,14,1,$
14,276,2000,2695,2695,1000,14,1,$
14,276,2000,2696,2696,1000,14,1,$
14,276,2000,2699,2699,1000,14,1,$
14,276,2000,2710,2710,1000,14,1,$
14,276,2000,2720,2720,1000,14,1,$
14,276,2000,273,273,1000,14,1,$
14,276,2000,2731,2731,1000,14,1,$
14,276,2000,2732,2732,1000,14,1,$
14,276,2000,281,281,1000,14,1,$
14,276,2000,2811,2811,1000,14,1,$
14,276,2000,2812,2812,1000,14,1,$
14,276,2000,2813,2813,1000,14,1,$
14,276,2000,289,289,1000,14,1,$
14,276,2000,2891,2891,1000,14,1,$
14,276,2000,2892,2892,1000,14,1,$
14,276,2000,2893,2893,1000,14,1,$
14,276,2000,2899,2899,1000,14,1,$
14,276,2000,291,291,1000,14,1,$
14,276,2000,2911,2911,1000,14,1,$
14,276,2000,2912,2912,1000,14,1,$
14,276,2000,2913,2913,1000,14,1,$
14,276,2000,2914,2914,1000,14,1,$
14,276,2000,2915,2915,1000,14,1,$
14,276,2000,2919,2919,1000,14,1,$
14,276,2000,292,292,1000,14,1,$
14,276,2000,2921,2921,1000,14,1,$
14,276,2000,2922,2922,1000,14,1,$
14,276,2000,2923,2923,1000,14,1,$
14,276,2000,2924,2924,1000,14,1,$
14,276,2000,2925,2925,1000,14,1,$
14,276,2000,2926,2926,1000,14,1,$
14,276,2000,2927,2927,1000,14,1,$
14,276,2000,2929,2929,1000,14,1,$
14,276,2000,2930,2930,1000,14,1,$
14,276,2000,3000,3000,1000,14,1,$
14,276,2000,3110,3110,1000,14,1,$
14,276,2000,3120,3120,1000,14,1,$
14,276,2000,3130,3130,1000,14,1,$
14,276,2000,3140,3140,1000,14,1,$
14,276,2000,3150,3150,1000,14,1,$
14,276,2000,3190,3190,1000,14,1,$
14,276,2000,3210,3210,1000,14,1,$
14,276,2000,3220,3220,1000,14,1,$
14,276,2000,3230,3230,1000,14,1,$
14,276,2000,331,331,1000,14,1,$
14,276,2000,3311,3311,1000,14,1,$
14,276,2000,3312,3312,1000,14,1,$
14,276,2000,3313,3313,1000,14,1,$
14,276,2000,3320,3320,1000,14,1,$
14,276,2000,3330,3330,1000,14,1,$
14,276,2000,3410,3410,1000,14,1,$
14,276,2000,3420,3420,1000,14,1,$
14,276,2000,3430,3430,1000,14,1,$
14,276,2000,351,351,1000,14,1,$
14,276,2000,3511,3511,1000,14,1,$
14,276,2000,3512,3512,1000,14,1,$
14,276,2000,3520,3520,1000,14,1,$
14,276,2000,3530,3530,1000,14,1,$
14,276,2000,359,359,1000,14,1,$
14,276,2000,3591,3591,1000,14,1,$
14,276,2000,3592,3592,1000,14,1,$
14,276,2000,3599,3599,1000,14,1,$
14,276,2000,3610,3610,1000,14,1,$
14,276,2000,369,369,1000,14,1,$
14,276,2000,3691,3691,1000,14,1,$
14,276,2000,3692,3692,1000,14,1,$
14,276,2000,3693,3693,1000,14,1,$
14,276,2000,3694,3694,1000,14,1,$
14,276,2000,3699,3699,1000,14,1,$
14,276,2000,3710,3710,1000,14,1,$
14,276,2000,3720,3720,1000,14,1,$
14,276,2001,151,151,1000,14,1,$
14,276,2001,1511,1511,1000,14,1,$
14,276,2001,1512,1512,1000,14,1,$
14,276,2001,1513,1513,1000,14,1,$
14,276,2001,1514,1514,1000,14,1,$
14,276,2001,1520,1520,1000,14,1,$
14,276,2001,153,153,1000,14,1,$
14,276,2001,1531,1531,1000,14,1,$
14,276,2001,1532,1532,1000,14,1,$
14,276,2001,1533,1533,1000,14,1,$
14,276,2001,154,154,1000,14,1,$
14,276,2001,1541,1541,1000,14,1,$
14,276,2001,1542,1542,1000,14,1,$
14,276,2001,1543,1543,1000,14,1,$
14,276,2001,1544,1544,1000,14,1,$
14,276,2001,1549,1549,1000,14,1,$
14,276,2001,155,155,1000,14,1,$
14,276,2001,1551,1551,NA,14,0,$
14,276,2001,1552,1552,NA,14,0,$
14,276,2001,1553,1553,1000,14,1,$
14,276,2001,1554,1554,1000,14,1,$
14,276,2001,1600,1600,1000,14,1,$
14,276,2001,171,171,1000,14,1,$
14,276,2001,1711,1711,1000,14,1,$
14,276,2001,1712,1712,1000,14,1,$
14,276,2001,172,172,1000,14,1,$
14,276,2001,1721,1721,1000,14,1,$
14,276,2001,1722,1722,1000,14,1,$
14,276,2001,1723,1723,1000,14,1,$
14,276,2001,1729,1729,1000,14,1,$
14,276,2001,1730,1730,1000,14,1,$
14,276,2001,1810,1810,1000,14,1,$
14,276,2001,1820,1820,1000,14,1,$
14,276,2001,191,191,1000,14,1,$
14,276,2001,1911,1911,1000,14,1,$
14,276,2001,1912,1912,1000,14,1,$
14,276,2001,1920,1920,1000,14,1,$
14,276,2001,2010,2010,1000,14,1,$
14,276,2001,202,202,1000,14,1,$
14,276,2001,2021,2021,1000,14,1,$
14,276,2001,2022,2022,1000,14,1,$
14,276,2001,2023,2023,1000,14,1,$
14,276,2001,2029,2029,1000,14,1,$
14,276,2001,210,210,1000,14,1,$
14,276,2001,2101,2101,1000,14,1,$
14,276,2001,2102,2102,1000,14,1,$
14,276,2001,2109,2109,1000,14,1,$
14,276,2001,221,221,1000,14,1,$
14,276,2001,2211,2211,1000,14,1,$
14,276,2001,2212,2212,1000,14,1,$
14,276,2001,2213,2213,1000,14,1,$
14,276,2001,2219,2219,1000,14,1,$
14,276,2001,222,222,1000,14,1,$
14,276,2001,2221,2221,1000,14,1,$
14,276,2001,2222,2222,1000,14,1,$
14,276,2001,2230,2230,1000,14,1,$
14,276,2001,2310,2310A,1000,14,1,$
14,276,2001,2320,2310A,NA,14,1,$
14,276,2001,2330,2310A,NA,14,1,$
14,276,2001,241,241,1000,14,1,$
14,276,2001,2411,2411,NA,14,0,$
14,276,2001,2412,2412,1000,14,1,$
14,276,2001,2413,2413,NA,14,0,$
14,276,2001,242,242,1000,14,1,$
14,276,2001,2421,2421,1000,14,1,$
14,276,2001,2422,2422,1000,14,1,$
14,276,2001,2423,2423,1000,14,1,$
14,276,2001,2424,2424,1000,14,1,$
14,276,2001,2429,2429,1000,14,1,$
14,276,2001,2430,2430,1000,14,1,$
14,276,2001,251,251,1000,14,1,$
14,276,2001,2511,2511,1000,14,1,$
14,276,2001,2519,2519,1000,14,1,$
14,276,2001,2520,2520,1000,14,1,$
14,276,2001,2610,2610,1000,14,1,$
14,276,2001,269,269,1000,14,1,$
14,276,2001,2691,2691,1000,14,1,$
14,276,2001,2692,2692,1000,14,1,$
14,276,2001,2693,2693,1000,14,1,$
14,276,2001,2694,2694,1000,14,1,$
14,276,2001,2695,2695,1000,14,1,$
14,276,2001,2696,2696,1000,14,1,$
14,276,2001,2699,2699,1000,14,1,$
14,276,2001,2710,2710,1000,14,1,$
14,276,2001,2720,2720,1000,14,1,$
14,276,2001,273,273,1000,14,1,$
14,276,2001,2731,2731,1000,14,1,$
14,276,2001,2732,2732,1000,14,1,$
14,276,2001,281,281,1000,14,1,$
14,276,2001,2811,2811,1000,14,1,$
14,276,2001,2812,2812,1000,14,1,$
14,276,2001,2813,2813,1000,14,1,$
14,276,2001,289,289,1000,14,1,$
14,276,2001,2891,2891,1000,14,1,$
14,276,2001,2892,2892,1000,14,1,$
14,276,2001,2893,2893,1000,14,1,$
14,276,2001,2899,2899,1000,14,1,$
14,276,2001,291,291,1000,14,1,$
14,276,2001,2911,2911,1000,14,1,$
14,276,2001,2912,2912,1000,14,1,$
14,276,2001,2913,2913,1000,14,1,$
14,276,2001,2914,2914,1000,14,1,$
14,276,2001,2915,2915,1000,14,1,$
14,276,2001,2919,2919,1000,14,1,$
14,276,2001,292,292,1000,14,1,$
14,276,2001,2921,2921,1000,14,1,$
14,276,2001,2922,2922,1000,14,1,$
14,276,2001,2923,2923,1000,14,1,$
14,276,2001,2924,2924,1000,14,1,$
14,276,2001,2925,2925,1000,14,1,$
14,276,2001,2926,2926,1000,14,1,$
14,276,2001,2927,2927,1000,14,1,$
14,276,2001,2929,2929,1000,14,1,$
14,276,2001,2930,2930,1000,14,1,$
14,276,2001,3000,3000,1000,14,1,$
14,276,2001,3110,3110,1000,14,1,$
14,276,2001,3120,3120,1000,14,1,$
14,276,2001,3130,3130,1000,14,1,$
14,276,2001,3140,3140,1000,14,1,$
14,276,2001,3150,3150,1000,14,1,$
14,276,2001,3190,3190,1000,14,1,$
14,276,2001,3210,3210,1000,14,1,$
14,276,2001,3220,3220,1000,14,1,$
14,276,2001,3230,3230,1000,14,1,$
14,276,2001,331,331,1000,14,1,$
14,276,2001,3311,3311,1000,14,1,$
14,276,2001,3312,3312,1000,14,1,$
14,276,2001,3313,3313,1000,14,1,$
14,276,2001,3320,3320,1000,14,1,$
14,276,2001,3330,3330,1000,14,1,$
14,276,2001,3410,3410,1000,14,1,$
14,276,2001,3420,3420,1000,14,1,$
14,276,2001,3430,3430,1000,14,1,$
14,276,2001,351,351,1000,14,1,$
14,276,2001,3511,3511,1000,14,1,$
14,276,2001,3512,3512,1000,14,1,$
14,276,2001,3520,3520,1000,14,1,$
14,276,2001,3530,3530,1000,14,1,$
14,276,2001,359,359,1000,14,1,$
14,276,2001,3591,3591,1000,14,1,$
14,276,2001,3592,3592,1000,14,1,$
14,276,2001,3599,3599,1000,14,1,$
14,276,2001,3610,3610,1000,14,1,$
14,276,2001,369,369,1000,14,1,$
14,276,2001,3691,3691,1000,14,1,$
14,276,2001,3692,3692,1000,14,1,$
14,276,2001,3693,3693,1000,14,1,$
14,276,2001,3694,3694,1000,14,1,$
14,276,2001,3699,3699,1000,14,1,$
14,276,2001,3710,3710,1000,14,1,$
14,276,2001,3720,3720,1000,14,1,$
14,276,2002,151,151,1000,14,1,$
14,276,2002,1511,1511,1000,14,1,$
14,276,2002,1512,1512,1000,14,1,$
14,276,2002,1513,1513,1000,14,1,$
14,276,2002,1514,1514,1000,14,1,$
14,276,2002,1520,1520,1000,14,1,$
14,276,2002,153,153,1000,14,1,$
14,276,2002,1531,1531,1000,14,1,$
14,276,2002,1532,1532,1000,14,1,$
14,276,2002,1533,1533,1000,14,1,$
14,276,2002,154,154,1000,14,1,$
14,276,2002,1541,1541,1000,14,1,$
14,276,2002,1542,1542,1000,14,1,$
14,276,2002,1543,1543,1000,14,1,$
14,276,2002,1544,1544,1000,14,1,$
14,276,2002,1549,1549,1000,14,1,$
14,276,2002,155,155,1000,14,1,$
14,276,2002,1551,1551,NA,14,0,$
14,276,2002,1552,1552,NA,14,0,$
14,276,2002,1553,1553,1000,14,1,$
14,276,2002,1554,1554,1000,14,1,$
14,276,2002,1600,1600,1000,14,1,$
14,276,2002,171,171,1000,14,1,$
14,276,2002,1711,1711,1000,14,1,$
14,276,2002,1712,1712,1000,14,1,$
14,276,2002,172,172,1000,14,1,$
14,276,2002,1721,1721,1000,14,1,$
14,276,2002,1722,1722,1000,14,1,$
14,276,2002,1723,1723,1000,14,1,$
14,276,2002,1729,1729,1000,14,1,$
14,276,2002,1730,1730,1000,14,1,$
14,276,2002,1810,1810,1000,14,1,$
14,276,2002,1820,1820,1000,14,1,$
14,276,2002,191,191,1000,14,1,$
14,276,2002,1911,1911,1000,14,1,$
14,276,2002,1912,1912,1000,14,1,$
14,276,2002,1920,1920,1000,14,1,$
14,276,2002,2010,2010,1000,14,1,$
14,276,2002,202,202,1000,14,1,$
14,276,2002,2021,2021,1000,14,1,$
14,276,2002,2022,2022,1000,14,1,$
14,276,2002,2023,2023,1000,14,1,$
14,276,2002,2029,2029,1000,14,1,$
14,276,2002,210,210,1000,14,1,$
14,276,2002,2101,2101,1000,14,1,$
14,276,2002,2102,2102,1000,14,1,$
14,276,2002,2109,2109,1000,14,1,$
14,276,2002,221,221,1000,14,1,$
14,276,2002,2211,2211,1000,14,1,$
14,276,2002,2212,2212,1000,14,1,$
14,276,2002,2213,2213,1000,14,1,$
14,276,2002,2219,2219,1000,14,1,$
14,276,2002,222,222,1000,14,1,$
14,276,2002,2221,2221,1000,14,1,$
14,276,2002,2222,2222,1000,14,1,$
14,276,2002,2230,2230,1000,14,1,$
14,276,2002,2310,2310A,1000,14,1,$
14,276,2002,2320,2310A,NA,14,1,$
14,276,2002,2330,2310A,NA,14,1,$
14,276,2002,241,241,1000,14,1,$
14,276,2002,2411,2411,NA,14,0,$
14,276,2002,2412,2412,1000,14,1,$
14,276,2002,2413,2413,NA,14,0,$
14,276,2002,242,242,1000,14,1,$
14,276,2002,2421,2421,1000,14,1,$
14,276,2002,2422,2422,1000,14,1,$
14,276,2002,2423,2423,1000,14,1,$
14,276,2002,2424,2424,1000,14,1,$
14,276,2002,2429,2429,1000,14,1,$
14,276,2002,2430,2430,1000,14,1,$
14,276,2002,251,251,1000,14,1,$
14,276,2002,2511,2511,1000,14,1,$
14,276,2002,2519,2519,1000,14,1,$
14,276,2002,2520,2520,1000,14,1,$
14,276,2002,2610,2610,1000,14,1,$
14,276,2002,269,269,1000,14,1,$
14,276,2002,2691,2691,1000,14,1,$
14,276,2002,2692,2692,1000,14,1,$
14,276,2002,2693,2693,1000,14,1,$
14,276,2002,2694,2694,1000,14,1,$
14,276,2002,2695,2695,1000,14,1,$
14,276,2002,2696,2696,1000,14,1,$
14,276,2002,2699,2699,1000,14,1,$
14,276,2002,2710,2710,1000,14,1,$
14,276,2002,2720,2720,1000,14,1,$
14,276,2002,273,273,1000,14,1,$
14,276,2002,2731,2731,1000,14,1,$
14,276,2002,2732,2732,1000,14,1,$
14,276,2002,281,281,1000,14,1,$
14,276,2002,2811,2811,1000,14,1,$
14,276,2002,2812,2812,1000,14,1,$
14,276,2002,2813,2813,1000,14,1,$
14,276,2002,289,289,1000,14,1,$
14,276,2002,2891,2891,1000,14,1,$
14,276,2002,2892,2892,1000,14,1,$
14,276,2002,2893,2893,1000,14,1,$
14,276,2002,2899,2899,1000,14,1,$
14,276,2002,291,291,1000,14,1,$
14,276,2002,2911,2911,1000,14,1,$
14,276,2002,2912,2912,1000,14,1,$
14,276,2002,2913,2913,1000,14,1,$
14,276,2002,2914,2914,1000,14,1,$
14,276,2002,2915,2915,1000,14,1,$
14,276,2002,2919,2919,1000,14,1,$
14,276,2002,292,292,1000,14,1,$
14,276,2002,2921,2921,1000,14,1,$
14,276,2002,2922,2922,1000,14,1,$
14,276,2002,2923,2923,1000,14,1,$
14,276,2002,2924,2924,1000,14,1,$
14,276,2002,2925,2925,1000,14,1,$
14,276,2002,2926,2926,1000,14,1,$
14,276,2002,2927,2927,1000,14,1,$
14,276,2002,2929,2929,1000,14,1,$
14,276,2002,2930,2930,1000,14,1,$
14,276,2002,3000,3000,1000,14,1,$
14,276,2002,3110,3110,1000,14,1,$
14,276,2002,3120,3120,1000,14,1,$
14,276,2002,3130,3130,1000,14,1,$
14,276,2002,3140,3140,1000,14,1,$
14,276,2002,3150,3150,1000,14,1,$
14,276,2002,3190,3190,1000,14,1,$
14,276,2002,3210,3210,1000,14,1,$
14,276,2002,3220,3220,1000,14,1,$
14,276,2002,3230,3230,1000,14,1,$
14,276,2002,331,331,1000,14,1,$
14,276,2002,3311,3311,1000,14,1,$
14,276,2002,3312,3312,1000,14,1,$
14,276,2002,3313,3313,1000,14,1,$
14,276,2002,3320,3320,1000,14,1,$
14,276,2002,3330,3330,1000,14,1,$
14,276,2002,3410,3410,1000,14,1,$
14,276,2002,3420,3420,1000,14,1,$
14,276,2002,3430,3430,1000,14,1,$
14,276,2002,351,351,1000,14,1,$
14,276,2002,3511,3511,1000,14,1,$
14,276,2002,3512,3512,1000,14,1,$
14,276,2002,3520,3520,1000,14,1,$
14,276,2002,3530,3530,1000,14,1,$
14,276,2002,359,359,1000,14,1,$
14,276,2002,3591,3591,1000,14,1,$
14,276,2002,3592,3592,1000,14,1,$
14,276,2002,3599,3599,1000,14,1,$
14,276,2002,3610,3610,1000,14,1,$
14,276,2002,369,369,1000,14,1,$
14,276,2002,3691,3691,1000,14,1,$
14,276,2002,3692,3692,1000,14,1,$
14,276,2002,3693,3693,1000,14,1,$
14,276,2002,3694,3694,1000,14,1,$
14,276,2002,3699,3699,1000,14,1,$
14,276,2002,3710,3710,1000,14,1,$
14,276,2002,3720,3720,1000,14,1,$
14,276,2003,151,151,1000,14,1,$
14,276,2003,1511,1511,1000,14,1,$
14,276,2003,1512,1512,1000,14,1,$
14,276,2003,1513,1513,1000,14,1,$
14,276,2003,1514,1514,1000,14,1,$
14,276,2003,1520,1520,1000,14,1,$
14,276,2003,153,153,1000,14,1,$
14,276,2003,1531,1531,1000,14,1,$
14,276,2003,1532,1532,1000,14,1,$
14,276,2003,1533,1533,1000,14,1,$
14,276,2003,154,154,1000,14,1,$
14,276,2003,1541,1541,1000,14,1,$
14,276,2003,1542,1542,1000,14,1,$
14,276,2003,1543,1543,1000,14,1,$
14,276,2003,1544,1544,1000,14,1,$
14,276,2003,1549,1549,1000,14,1,$
14,276,2003,155,155,1000,14,1,$
14,276,2003,1551,1551,NA,14,0,$
14,276,2003,1552,1552,NA,14,0,$
14,276,2003,1553,1553,1000,14,1,$
14,276,2003,1554,1554,1000,14,1,$
14,276,2003,1600,1600,1000,14,1,$
14,276,2003,171,171,1000,14,1,$
14,276,2003,1711,1711,1000,14,1,$
14,276,2003,1712,1712,1000,14,1,$
14,276,2003,172,172,1000,14,1,$
14,276,2003,1721,1721,1000,14,1,$
14,276,2003,1722,1722,1000,14,1,$
14,276,2003,1723,1723,1000,14,1,$
14,276,2003,1729,1729,1000,14,1,$
14,276,2003,1730,1730,1000,14,1,$
14,276,2003,1810,1810,1000,14,1,$
14,276,2003,1820,1820,1000,14,1,$
14,276,2003,191,191,1000,14,1,$
14,276,2003,1911,1911,1000,14,1,$
14,276,2003,1912,1912,1000,14,1,$
14,276,2003,1920,1920,1000,14,1,$
14,276,2003,2010,2010,1000,14,1,$
14,276,2003,202,202,1000,14,1,$
14,276,2003,2021,2021,1000,14,1,$
14,276,2003,2022,2022,1000,14,1,$
14,276,2003,2023,2023,1000,14,1,$
14,276,2003,2029,2029,1000,14,1,$
14,276,2003,210,210,1000,14,1,$
14,276,2003,2101,2101,1000,14,1,$
14,276,2003,2102,2102,1000,14,1,$
14,276,2003,2109,2109,1000,14,1,$
14,276,2003,221,221,1000,14,1,$
14,276,2003,2211,2211,1000,14,1,$
14,276,2003,2212,2212,1000,14,1,$
14,276,2003,2213,2213,1000,14,1,$
14,276,2003,2219,2219,1000,14,1,$
14,276,2003,222,222,1000,14,1,$
14,276,2003,2221,2221,1000,14,1,$
14,276,2003,2222,2222,1000,14,1,$
14,276,2003,2230,2230,1000,14,1,$
14,276,2003,2310,2310A,1000,14,1,$
14,276,2003,2320,2310A,NA,14,1,$
14,276,2003,2330,2310A,NA,14,1,$
14,276,2003,241,241,1000,14,1,$
14,276,2003,2411,2411,NA,14,0,$
14,276,2003,2412,2412,1000,14,1,$
14,276,2003,2413,2413,NA,14,0,$
14,276,2003,242,242,1000,14,1,$
14,276,2003,2421,2421,1000,14,1,$
14,276,2003,2422,2422,1000,14,1,$
14,276,2003,2423,2423,1000,14,1,$
14,276,2003,2424,2424,1000,14,1,$
14,276,2003,2429,2429,1000,14,1,$
14,276,2003,2430,2430,1000,14,1,$
14,276,2003,251,251,1000,14,1,$
14,276,2003,2511,2511,1000,14,1,$
14,276,2003,2519,2519,1000,14,1,$
14,276,2003,2520,2520,1000,14,1,$
14,276,2003,2610,2610,1000,14,1,$
14,276,2003,269,269,1000,14,1,$
14,276,2003,2691,2691,1000,14,1,$
14,276,2003,2692,2692,1000,14,1,$
14,276,2003,2693,2693,1000,14,1,$
14,276,2003,2694,2694,1000,14,1,$
14,276,2003,2695,2695,1000,14,1,$
14,276,2003,2696,2696,1000,14,1,$
14,276,2003,2699,2699,1000,14,1,$
14,276,2003,2710,2710,1000,14,1,$
14,276,2003,2720,2720,1000,14,1,$
14,276,2003,273,273,1000,14,1,$
14,276,2003,2731,2731,1000,14,1,$
14,276,2003,2732,2732,1000,14,1,$
14,276,2003,281,281,1000,14,1,$
14,276,2003,2811,2811,1000,14,1,$
14,276,2003,2812,2812,1000,14,1,$
14,276,2003,2813,2813,1000,14,1,$
14,276,2003,289,289,1000,14,1,$
14,276,2003,2891,2891,1000,14,1,$
14,276,2003,2892,2892,1000,14,1,$
14,276,2003,2893,2893,1000,14,1,$
14,276,2003,2899,2899,1000,14,1,$
14,276,2003,291,291,1000,14,1,$
14,276,2003,2911,2911,1000,14,1,$
14,276,2003,2912,2912,1000,14,1,$
14,276,2003,2913,2913,1000,14,1,$
14,276,2003,2914,2914,1000,14,1,$
14,276,2003,2915,2915,1000,14,1,$
14,276,2003,2919,2919,1000,14,1,$
14,276,2003,292,292,1000,14,1,$
14,276,2003,2921,2921,1000,14,1,$
14,276,2003,2922,2922,1000,14,1,$
14,276,2003,2923,2923,1000,14,1,$
14,276,2003,2924,2924,1000,14,1,$
14,276,2003,2925,2925,1000,14,1,$
14,276,2003,2926,2926,1000,14,1,$
14,276,2003,2927,2927,1000,14,1,$
14,276,2003,2929,2929,1000,14,1,$
14,276,2003,2930,2930,1000,14,1,$
14,276,2003,3000,3000,1000,14,1,$
14,276,2003,3110,3110,1000,14,1,$
14,276,2003,3120,3120,1000,14,1,$
14,276,2003,3130,3130,1000,14,1,$
14,276,2003,3140,3140,1000,14,1,$
14,276,2003,3150,3150,1000,14,1,$
14,276,2003,3190,3190,1000,14,1,$
14,276,2003,3210,3210,1000,14,1,$
14,276,2003,3220,3220,1000,14,1,$
14,276,2003,3230,3230,1000,14,1,$
14,276,2003,331,331,1000,14,1,$
14,276,2003,3311,3311,1000,14,1,$
14,276,2003,3312,3312,1000,14,1,$
14,276,2003,3313,3313,1000,14,1,$
14,276,2003,3320,3320,1000,14,1,$
14,276,2003,3330,3330,1000,14,1,$
14,276,2003,3410,3410,1000,14,1,$
14,276,2003,3420,3420,1000,14,1,$
14,276,2003,3430,3430,1000,14,1,$
14,276,2003,351,351,1000,14,1,$
14,276,2003,3511,3511,1000,14,1,$
14,276,2003,3512,3512,1000,14,1,$
14,276,2003,3520,3520,1000,14,1,$
14,276,2003,3530,3530,1000,14,1,$
14,276,2003,359,359,1000,14,1,$
14,276,2003,3591,3591,1000,14,1,$
14,276,2003,3592,3592,1000,14,1,$
14,276,2003,3599,3599,1000,14,1,$
14,276,2003,3610,3610,1000,14,1,$
14,276,2003,369,369,1000,14,1,$
14,276,2003,3691,3691,1000,14,1,$
14,276,2003,3692,3692,1000,14,1,$
14,276,2003,3693,3693,1000,14,1,$
14,276,2003,3694,3694,1000,14,1,$
14,276,2003,3699,3699,1000,14,1,$
14,276,2003,3710,3710,1000,14,1,$
14,276,2003,3720,3720,1000,14,1,$
14,276,2004,151,151,1000,14,1,$
14,276,2004,1511,1511,1000,14,1,$
14,276,2004,1512,1512,1000,14,1,$
14,276,2004,1513,1513,1000,14,1,$
14,276,2004,1514,1514,1000,14,1,$
14,276,2004,1520,1520,1000,14,1,$
14,276,2004,153,153,1000,14,1,$
14,276,2004,1531,1531,1000,14,1,$
14,276,2004,1532,1532,1000,14,1,$
14,276,2004,1533,1533,1000,14,1,$
14,276,2004,154,154,1000,14,1,$
14,276,2004,1541,1541,1000,14,1,$
14,276,2004,1542,1542,1000,14,1,$
14,276,2004,1543,1543,1000,14,1,$
14,276,2004,1544,1544,1000,14,1,$
14,276,2004,1549,1549,1000,14,1,$
14,276,2004,155,155,1000,14,1,$
14,276,2004,1551,1551,NA,14,0,$
14,276,2004,1552,1552,NA,14,0,$
14,276,2004,1553,1553,1000,14,1,$
14,276,2004,1554,1554,1000,14,1,$
14,276,2004,1600,1600,1000,14,1,$
14,276,2004,171,171,1000,14,1,$
14,276,2004,1711,1711,1000,14,1,$
14,276,2004,1712,1712,1000,14,1,$
14,276,2004,172,172,1000,14,1,$
14,276,2004,1721,1721,1000,14,1,$
14,276,2004,1722,1722,1000,14,1,$
14,276,2004,1723,1723,1000,14,1,$
14,276,2004,1729,1729,1000,14,1,$
14,276,2004,1730,1730,1000,14,1,$
14,276,2004,1810,1810,1000,14,1,$
14,276,2004,1820,1820,1000,14,1,$
14,276,2004,191,191,1000,14,1,$
14,276,2004,1911,1911,1000,14,1,$
14,276,2004,1912,1912,1000,14,1,$
14,276,2004,1920,1920,1000,14,1,$
14,276,2004,2010,2010,1000,14,1,$
14,276,2004,202,202,1000,14,1,$
14,276,2004,2021,2021,1000,14,1,$
14,276,2004,2022,2022,1000,14,1,$
14,276,2004,2023,2023,1000,14,1,$
14,276,2004,2029,2029,1000,14,1,$
14,276,2004,210,210,1000,14,1,$
14,276,2004,2101,2101,1000,14,1,$
14,276,2004,2102,2102,1000,14,1,$
14,276,2004,2109,2109,1000,14,1,$
14,276,2004,221,221,1000,14,1,$
14,276,2004,2211,2211,1000,14,1,$
14,276,2004,2212,2212,1000,14,1,$
14,276,2004,2213,2213,1000,14,1,$
14,276,2004,2219,2219,1000,14,1,$
14,276,2004,222,222,1000,14,1,$
14,276,2004,2221,2221,1000,14,1,$
14,276,2004,2222,2222,1000,14,1,$
14,276,2004,2230,2230,1000,14,1,$
14,276,2004,2310,2310A,1000,14,1,$
14,276,2004,2320,2310A,NA,14,1,$
14,276,2004,2330,2310A,NA,14,1,$
14,276,2004,241,241,1000,14,1,$
14,276,2004,2411,2411,NA,14,0,$
14,276,2004,2412,2412,1000,14,1,$
14,276,2004,2413,2413,NA,14,0,$
14,276,2004,242,242,1000,14,1,$
14,276,2004,2421,2421,1000,14,1,$
14,276,2004,2422,2422,1000,14,1,$
14,276,2004,2423,2423,1000,14,1,$
14,276,2004,2424,2424,1000,14,1,$
14,276,2004,2429,2429,1000,14,1,$
14,276,2004,2430,2430,1000,14,1,$
14,276,2004,251,251,1000,14,1,$
14,276,2004,2511,2511,1000,14,1,$
14,276,2004,2519,2519,1000,14,1,$
14,276,2004,2520,2520,1000,14,1,$
14,276,2004,2610,2610,1000,14,1,$
14,276,2004,269,269,1000,14,1,$
14,276,2004,2691,2691,1000,14,1,$
14,276,2004,2692,2692,1000,14,1,$
14,276,2004,2693,2693,1000,14,1,$
14,276,2004,2694,2694,1000,14,1,$
14,276,2004,2695,2695,1000,14,1,$
14,276,2004,2696,2696,1000,14,1,$
14,276,2004,2699,2699,1000,14,1,$
14,276,2004,2710,2710,1000,14,1,$
14,276,2004,2720,2720,1000,14,1,$
14,276,2004,273,273,1000,14,1,$
14,276,2004,2731,2731,1000,14,1,$
14,276,2004,2732,2732,1000,14,1,$
14,276,2004,281,281,1000,14,1,$
14,276,2004,2811,2811,1000,14,1,$
14,276,2004,2812,2812,1000,14,1,$
14,276,2004,2813,2813,1000,14,1,$
14,276,2004,289,289,1000,14,1,$
14,276,2004,2891,2891,1000,14,1,$
14,276,2004,2892,2892,1000,14,1,$
14,276,2004,2893,2893,1000,14,1,$
14,276,2004,2899,2899,1000,14,1,$
14,276,2004,291,291,1000,14,1,$
14,276,2004,2911,2911,1000,14,1,$
14,276,2004,2912,2912,1000,14,1,$
14,276,2004,2913,2913,1000,14,1,$
14,276,2004,2914,2914,1000,14,1,$
14,276,2004,2915,2915,1000,14,1,$
14,276,2004,2919,2919,1000,14,1,$
14,276,2004,292,292,1000,14,1,$
14,276,2004,2921,2921,1000,14,1,$
14,276,2004,2922,2922,1000,14,1,$
14,276,2004,2923,2923,1000,14,1,$
14,276,2004,2924,2924,1000,14,1,$
14,276,2004,2925,2925,1000,14,1,$
14,276,2004,2926,2926,1000,14,1,$
14,276,2004,2927,2927,1000,14,1,$
14,276,2004,2929,2929,1000,14,1,$
14,276,2004,2930,2930,1000,14,1,$
14,276,2004,3000,3000,1000,14,1,$
14,276,2004,3110,3110,1000,14,1,$
14,276,2004,3120,3120,1000,14,1,$
14,276,2004,3130,3130,1000,14,1,$
14,276,2004,3140,3140,1000,14,1,$
14,276,2004,3150,3150,1000,14,1,$
14,276,2004,3190,3190,1000,14,1,$
14,276,2004,3210,3210,1000,14,1,$
14,276,2004,3220,3220,1000,14,1,$
14,276,2004,3230,3230,1000,14,1,$
14,276,2004,331,331,1000,14,1,$
14,276,2004,3311,3311,1000,14,1,$
14,276,2004,3312,3312,1000,14,1,$
14,276,2004,3313,3313,1000,14,1,$
14,276,2004,3320,3320,1000,14,1,$
14,276,2004,3330,3330,1000,14,1,$
14,276,2004,3410,3410,1000,14,1,$
14,276,2004,3420,3420,1000,14,1,$
14,276,2004,3430,3430,1000,14,1,$
14,276,2004,351,351,1000,14,1,$
14,276,2004,3511,3511,1000,14,1,$
14,276,2004,3512,3512,1000,14,1,$
14,276,2004,3520,3520,1000,14,1,$
14,276,2004,3530,3530,1000,14,1,$
14,276,2004,359,359,1000,14,1,$
14,276,2004,3591,3591,1000,14,1,$
14,276,2004,3592,3592,1000,14,1,$
14,276,2004,3599,3599,1000,14,1,$
14,276,2004,3610,3610,1000,14,1,$
14,276,2004,369,369,1000,14,1,$
14,276,2004,3691,3691,1000,14,1,$
14,276,2004,3692,3692,1000,14,1,$
14,276,2004,3693,3693,1000,14,1,$
14,276,2004,3694,3694,1000,14,1,$
14,276,2004,3699,3699,1000,14,1,$
14,276,2004,3710,3710,1000,14,1,$
14,276,2004,3720,3720,1000,14,1,$
14,276,2005,151,151,1000,14,1,$
14,276,2005,1511,1511,1000,14,1,$
14,276,2005,1512,1512,1000,14,1,$
14,276,2005,1513,1513,1000,14,1,$
14,276,2005,1514,1514,1000,14,1,$
14,276,2005,1520,1520,1000,14,1,$
14,276,2005,153,153,1000,14,1,$
14,276,2005,1531,1531,1000,14,1,$
14,276,2005,1532,1532,1000,14,1,$
14,276,2005,1533,1533,1000,14,1,$
14,276,2005,154,154,1000,14,1,$
14,276,2005,1541,1541,1000,14,1,$
14,276,2005,1542,1542,1000,14,1,$
14,276,2005,1543,1543,1000,14,1,$
14,276,2005,1544,1544,1000,14,1,$
14,276,2005,1549,1549,1000,14,1,$
14,276,2005,155,155,1000,14,1,$
14,276,2005,1551,1551,NA,14,0,$
14,276,2005,1552,1552,NA,14,0,$
14,276,2005,1553,1553,1000,14,1,$
14,276,2005,1554,1554,1000,14,1,$
14,276,2005,1600,1600,1000,14,1,$
14,276,2005,171,171,1000,14,1,$
14,276,2005,1711,1711,1000,14,1,$
14,276,2005,1712,1712,1000,14,1,$
14,276,2005,172,172,1000,14,1,$
14,276,2005,1721,1721,1000,14,1,$
14,276,2005,1722,1722,1000,14,1,$
14,276,2005,1723,1723,1000,14,1,$
14,276,2005,1729,1729,1000,14,1,$
14,276,2005,1730,1730,1000,14,1,$
14,276,2005,1810,1810,1000,14,1,$
14,276,2005,1820,1820,1000,14,1,$
14,276,2005,191,191,1000,14,1,$
14,276,2005,1911,1911,1000,14,1,$
14,276,2005,1912,1912,1000,14,1,$
14,276,2005,1920,1920,1000,14,1,$
14,276,2005,2010,2010,1000,14,1,$
14,276,2005,202,202,1000,14,1,$
14,276,2005,2021,2021,1000,14,1,$
14,276,2005,2022,2022,1000,14,1,$
14,276,2005,2023,2023,1000,14,1,$
14,276,2005,2029,2029,1000,14,1,$
14,276,2005,210,210,1000,14,1,$
14,276,2005,2101,2101,1000,14,1,$
14,276,2005,2102,2102,1000,14,1,$
14,276,2005,2109,2109,1000,14,1,$
14,276,2005,221,221,1000,14,1,$
14,276,2005,2211,2211,1000,14,1,$
14,276,2005,2212,2212,1000,14,1,$
14,276,2005,2213,2213,1000,14,1,$
14,276,2005,2219,2219,1000,14,1,$
14,276,2005,222,222,1000,14,1,$
14,276,2005,2221,2221,1000,14,1,$
14,276,2005,2222,2222,1000,14,1,$
14,276,2005,2230,2230,1000,14,1,$
14,276,2005,2310,2310A,1000,14,1,$
14,276,2005,2320,2310A,NA,14,1,$
14,276,2005,2330,2310A,NA,14,1,$
14,276,2005,241,241,1000,14,1,$
14,276,2005,2411,2411,NA,14,0,$
14,276,2005,2412,2412,1000,14,1,$
14,276,2005,2413,2413,NA,14,0,$
14,276,2005,242,242,1000,14,1,$
14,276,2005,2421,2421,1000,14,1,$
14,276,2005,2422,2422,1000,14,1,$
14,276,2005,2423,2423,1000,14,1,$
14,276,2005,2424,2424,1000,14,1,$
14,276,2005,2429,2429,1000,14,1,$
14,276,2005,2430,2430,1000,14,1,$
14,276,2005,251,251,1000,14,1,$
14,276,2005,2511,2511,1000,14,1,$
14,276,2005,2519,2519,1000,14,1,$
14,276,2005,2520,2520,1000,14,1,$
14,276,2005,2610,2610,1000,14,1,$
14,276,2005,269,269,1000,14,1,$
14,276,2005,2691,2691,1000,14,1,$
14,276,2005,2692,2692,1000,14,1,$
14,276,2005,2693,2693,1000,14,1,$
14,276,2005,2694,2694,1000,14,1,$
14,276,2005,2695,2695,1000,14,1,$
14,276,2005,2696,2696,1000,14,1,$
14,276,2005,2699,2699,1000,14,1,$
14,276,2005,2710,2710,1000,14,1,$
14,276,2005,2720,2720,1000,14,1,$
14,276,2005,273,273,1000,14,1,$
14,276,2005,2731,2731,1000,14,1,$
14,276,2005,2732,2732,1000,14,1,$
14,276,2005,281,281,1000,14,1,$
14,276,2005,2811,2811,1000,14,1,$
14,276,2005,2812,2812,1000,14,1,$
14,276,2005,2813,2813,1000,14,1,$
14,276,2005,289,289,1000,14,1,$
14,276,2005,2891,2891,1000,14,1,$
14,276,2005,2892,2892,1000,14,1,$
14,276,2005,2893,2893,1000,14,1,$
14,276,2005,2899,2899,1000,14,1,$
14,276,2005,291,291,1000,14,1,$
14,276,2005,2911,2911,1000,14,1,$
14,276,2005,2912,2912,1000,14,1,$
14,276,2005,2913,2913,1000,14,1,$
14,276,2005,2914,2914,1000,14,1,$
14,276,2005,2915,2915,1000,14,1,$
14,276,2005,2919,2919,1000,14,1,$
14,276,2005,292,292,1000,14,1,$
14,276,2005,2921,2921,1000,14,1,$
14,276,2005,2922,2922,1000,14,1,$
14,276,2005,2923,2923,1000,14,1,$
14,276,2005,2924,2924,1000,14,1,$
14,276,2005,2925,2925,1000,14,1,$
14,276,2005,2926,2926,1000,14,1,$
14,276,2005,2927,2927,1000,14,1,$
14,276,2005,2929,2929,1000,14,1,$
14,276,2005,2930,2930,1000,14,1,$
14,276,2005,3000,3000,1000,14,1,$
14,276,2005,3110,3110,1000,14,1,$
14,276,2005,3120,3120,1000,14,1,$
14,276,2005,3130,3130,1000,14,1,$
14,276,2005,3140,3140,1000,14,1,$
14,276,2005,3150,3150,1000,14,1,$
14,276,2005,3190,3190,1000,14,1,$
14,276,2005,3210,3210,1000,14,1,$
14,276,2005,3220,3220,1000,14,1,$
14,276,2005,3230,3230,1000,14,1,$
14,276,2005,331,331,1000,14,1,$
14,276,2005,3311,3311,1000,14,1,$
14,276,2005,3312,3312,1000,14,1,$
14,276,2005,3313,3313,1000,14,1,$
14,276,2005,3320,3320,1000,14,1,$
14,276,2005,3330,3330,1000,14,1,$
14,276,2005,3410,3410,1000,14,1,$
14,276,2005,3420,3420,1000,14,1,$
14,276,2005,3430,3430,1000,14,1,$
14,276,2005,351,351,1000,14,1,$
14,276,2005,3511,3511,1000,14,1,$
14,276,2005,3512,3512,1000,14,1,$
14,276,2005,3520,3520,1000,14,1,$
14,276,2005,3530,3530,1000,14,1,$
14,276,2005,359,359,1000,14,1,$
14,276,2005,3591,3591,1000,14,1,$
14,276,2005,3592,3592,1000,14,1,$
14,276,2005,3599,3599,1000,14,1,$
14,276,2005,3610,3610,1000,14,1,$
14,276,2005,369,369,1000,14,1,$
14,276,2005,3691,3691,1000,14,1,$
14,276,2005,3692,3692,1000,14,1,$
14,276,2005,3693,3693,1000,14,1,$
14,276,2005,3694,3694,1000,14,1,$
14,276,2005,3699,3699,1000,14,1,$
14,276,2005,3710,3710,1000,14,1,$
14,276,2005,3720,3720,1000,14,1,$
14,276,2006,151,151,1000,14,1,$
14,276,2006,1511,1511,1000,14,1,$
14,276,2006,1512,1512,1000,14,1,$
14,276,2006,1513,1513,1000,14,1,$
14,276,2006,1514,1514,1000,14,1,$
14,276,2006,1520,1520,1000,14,1,$
14,276,2006,153,153,1000,14,1,$
14,276,2006,1531,1531,1000,14,1,$
14,276,2006,1532,1532,1000,14,1,$
14,276,2006,1533,1533,1000,14,1,$
14,276,2006,154,154,1000,14,1,$
14,276,2006,1541,1541,1000,14,1,$
14,276,2006,1542,1542,1000,14,1,$
14,276,2006,1543,1543,1000,14,1,$
14,276,2006,1544,1544,1000,14,1,$
14,276,2006,1549,1549,1000,14,1,$
14,276,2006,155,155,1000,14,1,$
14,276,2006,1551,1551,NA,14,0,$
14,276,2006,1552,1552,NA,14,0,$
14,276,2006,1553,1553,1000,14,1,$
14,276,2006,1554,1554,1000,14,1,$
14,276,2006,1600,1600,1000,14,1,$
14,276,2006,171,171,1000,14,1,$
14,276,2006,1711,1711,1000,14,1,$
14,276,2006,1712,1712,1000,14,1,$
14,276,2006,172,172,1000,14,1,$
14,276,2006,1721,1721,1000,14,1,$
14,276,2006,1722,1722,1000,14,1,$
14,276,2006,1723,1723,1000,14,1,$
14,276,2006,1729,1729,1000,14,1,$
14,276,2006,1730,1730,1000,14,1,$
14,276,2006,1810,1810,1000,14,1,$
14,276,2006,1820,1820,1000,14,1,$
14,276,2006,191,191,1000,14,1,$
14,276,2006,1911,1911,1000,14,1,$
14,276,2006,1912,1912,1000,14,1,$
14,276,2006,1920,1920,1000,14,1,$
14,276,2006,2010,2010,1000,14,1,$
14,276,2006,202,202,1000,14,1,$
14,276,2006,2021,2021,1000,14,1,$
14,276,2006,2022,2022,1000,14,1,$
14,276,2006,2023,2023,1000,14,1,$
14,276,2006,2029,2029,1000,14,1,$
14,276,2006,210,210,1000,14,1,$
14,276,2006,2101,2101,1000,14,1,$
14,276,2006,2102,2102,1000,14,1,$
14,276,2006,2109,2109,1000,14,1,$
14,276,2006,221,221,1000,14,1,$
14,276,2006,2211,2211,1000,14,1,$
14,276,2006,2212,2212,1000,14,1,$
14,276,2006,2213,2213,1000,14,1,$
14,276,2006,2219,2219,1000,14,1,$
14,276,2006,222,222,1000,14,1,$
14,276,2006,2221,2221,1000,14,1,$
14,276,2006,2222,2222,1000,14,1,$
14,276,2006,2230,2230,1000,14,1,$
14,276,2006,2310,2310,1000,14,1,$
14,276,2006,2320,2320,1000,14,1,$
14,276,2006,2330,2330,1000,14,1,$
14,276,2006,241,241,1000,14,1,$
14,276,2006,2411,2411,NA,14,0,$
14,276,2006,2412,2412,1000,14,1,$
14,276,2006,2413,2413,NA,14,0,$
14,276,2006,242,242,1000,14,1,$
14,276,2006,2421,2421,1000,14,1,$
14,276,2006,2422,2422,1000,14,1,$
14,276,2006,2423,2423,1000,14,1,$
14,276,2006,2424,2424,1000,14,1,$
14,276,2006,2429,2429,1000,14,1,$
14,276,2006,2430,2430,1000,14,1,$
14,276,2006,251,251,1000,14,1,$
14,276,2006,2511,2511,1000,14,1,$
14,276,2006,2519,2519,1000,14,1,$
14,276,2006,2520,2520,1000,14,1,$
14,276,2006,2610,2610,1000,14,1,$
14,276,2006,269,269,1000,14,1,$
14,276,2006,2691,2691,1000,14,1,$
14,276,2006,2692,2692,1000,14,1,$
14,276,2006,2693,2693,1000,14,1,$
14,276,2006,2694,2694,1000,14,1,$
14,276,2006,2695,2695,1000,14,1,$
14,276,2006,2696,2696,1000,14,1,$
14,276,2006,2699,2699,1000,14,1,$
14,276,2006,2710,2710,1000,14,1,$
14,276,2006,2720,2720,1000,14,1,$
14,276,2006,273,273,1000,14,1,$
14,276,2006,2731,2731,1000,14,1,$
14,276,2006,2732,2732,1000,14,1,$
14,276,2006,281,281,1000,14,1,$
14,276,2006,2811,2811,1000,14,1,$
14,276,2006,2812,2812,1000,14,1,$
14,276,2006,2813,2813,1000,14,1,$
14,276,2006,289,289,1000,14,1,$
14,276,2006,2891,2891,1000,14,1,$
14,276,2006,2892,2892,1000,14,1,$
14,276,2006,2893,2893,1000,14,1,$
14,276,2006,2899,2899,1000,14,1,$
14,276,2006,291,291,1000,14,1,$
14,276,2006,2911,2911,1000,14,1,$
14,276,2006,2912,2912,1000,14,1,$
14,276,2006,2913,2913,1000,14,1,$
14,276,2006,2914,2914,1000,14,1,$
14,276,2006,2915,2915,1000,14,1,$
14,276,2006,2919,2919,1000,14,1,$
14,276,2006,292,292,1000,14,1,$
14,276,2006,2921,2921,1000,14,1,$
14,276,2006,2922,2922,1000,14,1,$
14,276,2006,2923,2923,1000,14,1,$
14,276,2006,2924,2924,1000,14,1,$
14,276,2006,2925,2925,1000,14,1,$
14,276,2006,2926,2926,1000,14,1,$
14,276,2006,2927,2927,1000,14,1,$
14,276,2006,2929,2929,1000,14,1,$
14,276,2006,2930,2930,1000,14,1,$
14,276,2006,3000,3000,1000,14,1,$
14,276,2006,3110,3110,1000,14,1,$
14,276,2006,3120,3120,1000,14,1,$
14,276,2006,3130,3130,1000,14,1,$
14,276,2006,3140,3140,1000,14,1,$
14,276,2006,3150,3150,1000,14,1,$
14,276,2006,3190,3190,1000,14,1,$
14,276,2006,3210,3210,1000,14,1,$
14,276,2006,3220,3220,1000,14,1,$
14,276,2006,3230,3230,1000,14,1,$
14,276,2006,331,331,1000,14,1,$
14,276,2006,3311,3311,1000,14,1,$
14,276,2006,3312,3312,1000,14,1,$
14,276,2006,3313,3313,1000,14,1,$
14,276,2006,3320,3320,1000,14,1,$
14,276,2006,3330,3330,1000,14,1,$
14,276,2006,3410,3410,1000,14,1,$
14,276,2006,3420,3420,1000,14,1,$
14,276,2006,3430,3430,1000,14,1,$
14,276,2006,351,351,1000,14,1,$
14,276,2006,3511,3511,1000,14,1,$
14,276,2006,3512,3512,1000,14,1,$
14,276,2006,3520,3520,1000,14,1,$
14,276,2006,3530,3530,1000,14,1,$
14,276,2006,359,359,1000,14,1,$
14,276,2006,3591,3591,1000,14,1,$
14,276,2006,3592,3592,1000,14,1,$
14,276,2006,3599,3599,1000,14,1,$
14,276,2006,3610,3610,1000,14,1,$
14,276,2006,369,369,1000,14,1,$
14,276,2006,3691,3691,1000,14,1,$
14,276,2006,3692,3692,1000,14,1,$
14,276,2006,3693,3693,1000,14,1,$
14,276,2006,3694,3694,1000,14,1,$
14,276,2006,3699,3699,1000,14,1,$
14,276,2006,3710,3710,1000,14,1,$
14,276,2006,3720,3720,1000,14,1,$
14,276,2007,151,151,1000,14,1,$
14,276,2007,1511,1511,1000,14,1,$
14,276,2007,1512,1512,1000,14,1,$
14,276,2007,1513,1513,1000,14,1,$
14,276,2007,1514,1514,1000,14,1,$
14,276,2007,1520,1520,1000,14,1,$
14,276,2007,153,153,1000,14,1,$
14,276,2007,1531,1531,1000,14,1,$
14,276,2007,1532,1532,1000,14,1,$
14,276,2007,1533,1533,1000,14,1,$
14,276,2007,154,154,1000,14,1,$
14,276,2007,1541,1541,1000,14,1,$
14,276,2007,1542,1542,1000,14,1,$
14,276,2007,1543,1543,1000,14,1,$
14,276,2007,1544,1544,1000,14,1,$
14,276,2007,1549,1549,1000,14,1,$
14,276,2007,155,155,1000,14,1,$
14,276,2007,1551,1551,NA,14,0,$
14,276,2007,1552,1552,NA,14,0,$
14,276,2007,1553,1553,1000,14,1,$
14,276,2007,1554,1554,1000,14,1,$
14,276,2007,1600,1600,1000,14,1,$
14,276,2007,171,171,1000,14,1,$
14,276,2007,1711,1711,1000,14,1,$
14,276,2007,1712,1712,1000,14,1,$
14,276,2007,172,172,1000,14,1,$
14,276,2007,1721,1721,1000,14,1,$
14,276,2007,1722,1722,1000,14,1,$
14,276,2007,1723,1723,1000,14,1,$
14,276,2007,1729,1729,1000,14,1,$
14,276,2007,1730,1730,1000,14,1,$
14,276,2007,1810,1810A,1000,14,1,$
14,276,2007,1820,1810A,NA,14,1,$
14,276,2007,191,191,1000,14,1,$
14,276,2007,1911,1911,1000,14,1,$
14,276,2007,1912,1912,1000,14,1,$
14,276,2007,1920,1920,1000,14,1,$
14,276,2007,2010,2010,1000,14,1,$
14,276,2007,202,202,1000,14,1,$
14,276,2007,2021,2021,1000,14,1,$
14,276,2007,2022,2022,1000,14,1,$
14,276,2007,2023,2023,1000,14,1,$
14,276,2007,2029,2029,1000,14,1,$
14,276,2007,210,210,1000,14,1,$
14,276,2007,2101,2101,1000,14,1,$
14,276,2007,2102,2102,1000,14,1,$
14,276,2007,2109,2109,1000,14,1,$
14,276,2007,221,221,1000,14,1,$
14,276,2007,2211,2211,1000,14,1,$
14,276,2007,2212,2212,1000,14,1,$
14,276,2007,2213,2213,1000,14,1,$
14,276,2007,2219,2219,1000,14,1,$
14,276,2007,222,222,1000,14,1,$
14,276,2007,2221,2221,1000,14,1,$
14,276,2007,2222,2222,1000,14,1,$
14,276,2007,2230,2230,1000,14,1,$
14,276,2007,2310,2310A,1000,14,1,$
14,276,2007,2320,2310A,NA,14,1,$
14,276,2007,2330,2310A,NA,14,1,$
14,276,2007,241,241,1000,14,1,$
14,276,2007,2411,2411,NA,14,0,$
14,276,2007,2412,2412,1000,14,1,$
14,276,2007,2413,2413,NA,14,0,$
14,276,2007,242,242,1000,14,1,$
14,276,2007,2421,2421,1000,14,1,$
14,276,2007,2422,2422,1000,14,1,$
14,276,2007,2423,2423,1000,14,1,$
14,276,2007,2424,2424,1000,14,1,$
14,276,2007,2429,2429,1000,14,1,$
14,276,2007,2430,2430,1000,14,1,$
14,276,2007,251,251,1000,14,1,$
14,276,2007,2511,2511,1000,14,1,$
14,276,2007,2519,2519,1000,14,1,$
14,276,2007,2520,2520,1000,14,1,$
14,276,2007,2610,2610,1000,14,1,$
14,276,2007,269,269,1000,14,1,$
14,276,2007,2691,2691,1000,14,1,$
14,276,2007,2692,2692,1000,14,1,$
14,276,2007,2693,2693,1000,14,1,$
14,276,2007,2694,2694,1000,14,1,$
14,276,2007,2695,2695,1000,14,1,$
14,276,2007,2696,2696,1000,14,1,$
14,276,2007,2699,2699,1000,14,1,$
14,276,2007,2710,2710,1000,14,1,$
14,276,2007,2720,2720,1000,14,1,$
14,276,2007,273,273,1000,14,1,$
14,276,2007,2731,2731,1000,14,1,$
14,276,2007,2732,2732,1000,14,1,$
14,276,2007,281,281,1000,14,1,$
14,276,2007,2811,2811,1000,14,1,$
14,276,2007,2812,2812,1000,14,1,$
14,276,2007,2813,2813,1000,14,1,$
14,276,2007,289,289,1000,14,1,$
14,276,2007,2891,2891,1000,14,1,$
14,276,2007,2892,2892,1000,14,1,$
14,276,2007,2893,2893,1000,14,1,$
14,276,2007,2899,2899,1000,14,1,$
14,276,2007,291,291,1000,14,1,$
14,276,2007,2911,2911,1000,14,1,$
14,276,2007,2912,2912,1000,14,1,$
14,276,2007,2913,2913,1000,14,1,$
14,276,2007,2914,2914,1000,14,1,$
14,276,2007,2915,2915,1000,14,1,$
14,276,2007,2919,2919,1000,14,1,$
14,276,2007,292,292,1000,14,1,$
14,276,2007,2921,2921,1000,14,1,$
14,276,2007,2922,2922,1000,14,1,$
14,276,2007,2923,2923,1000,14,1,$
14,276,2007,2924,2924,1000,14,1,$
14,276,2007,2925,2925,1000,14,1,$
14,276,2007,2926,2926,1000,14,1,$
14,276,2007,2927,2927,1000,14,1,$
14,276,2007,2929,2929,1000,14,1,$
14,276,2007,2930,2930,1000,14,1,$
14,276,2007,3000,3000,1000,14,1,$
14,276,2007,3110,3110,1000,14,1,$
14,276,2007,3120,3120,1000,14,1,$
14,276,2007,3130,3130,1000,14,1,$
14,276,2007,3140,3140,1000,14,1,$
14,276,2007,3150,3150,1000,14,1,$
14,276,2007,3190,3190,1000,14,1,$
14,276,2007,3210,3210,1000,14,1,$
14,276,2007,3220,3220,1000,14,1,$
14,276,2007,3230,3230,1000,14,1,$
14,276,2007,331,331,1000,14,1,$
14,276,2007,3311,3311,1000,14,1,$
14,276,2007,3312,3312,1000,14,1,$
14,276,2007,3313,3313,1000,14,1,$
14,276,2007,3320,3320,1000,14,1,$
14,276,2007,3330,3330,1000,14,1,$
14,276,2007,3410,3410,1000,14,1,$
14,276,2007,3420,3420,1000,14,1,$
14,276,2007,3430,3430,1000,14,1,$
14,276,2007,351,351,1000,14,1,$
14,276,2007,3511,3511,1000,14,1,$
14,276,2007,3512,3512,1000,14,1,$
14,276,2007,3520,3520,1000,14,1,$
14,276,2007,3530,3530,1000,14,1,$
14,276,2007,359,359,1000,14,1,$
14,276,2007,3591,3591,1000,14,1,$
14,276,2007,3592,3592,1000,14,1,$
14,276,2007,3599,3599,1000,14,1,$
14,276,2007,3610,3610,1000,14,1,$
14,276,2007,369,369,1000,14,1,$
14,276,2007,3691,3691,1000,14,1,$
14,276,2007,3692,3692,1000,14,1,$
14,276,2007,3693,3693,1000,14,1,$
14,276,2007,3694,3694,1000,14,1,$
14,276,2007,3699,3699,1000,14,1,$
14,276,2007,3710,3710,1000,14,1,$
14,276,2007,3720,3720,1000,14,1,$
14,276,2008,151,151,1000,14,1,$
14,276,2008,1511,1511,1000,14,1,$
14,276,2008,1512,1512,1000,14,1,$
14,276,2008,1513,1513,1000,14,1,$
14,276,2008,1514,1514,1000,14,1,$
14,276,2008,1520,1520,1000,14,1,$
14,276,2008,153,153,1000,14,1,$
14,276,2008,1531,1531,1000,14,1,$
14,276,2008,1532,1532,1000,14,1,$
14,276,2008,1533,1533,1000,14,1,$
14,276,2008,154,154,1000,14,1,$
14,276,2008,1541,1541,1000,14,1,$
14,276,2008,1542,1542,1000,14,1,$
14,276,2008,1543,1543,1000,14,1,$
14,276,2008,1544,1544,1000,14,1,$
14,276,2008,1549,1549,1000,14,1,$
14,276,2008,155,155,1000,14,1,$
14,276,2008,1551,1551,NA,14,0,$
14,276,2008,1552,1552,NA,14,0,$
14,276,2008,1553,1553,1000,14,1,$
14,276,2008,1554,1554,1000,14,1,$
14,276,2008,1600,1600,1000,14,1,$
14,276,2008,171,171,1000,14,1,$
14,276,2008,1711,1711,1000,14,1,$
14,276,2008,1712,1712,1000,14,1,$
14,276,2008,172,172,1000,14,1,$
14,276,2008,1721,1721,1000,14,1,$
14,276,2008,1722,1722,1000,14,1,$
14,276,2008,1723,1723,1000,14,1,$
14,276,2008,1729,1729,1000,14,1,$
14,276,2008,1730,1730,1000,14,1,$
14,276,2008,1810,1810A,1000,14,1,$
14,276,2008,1820,1810A,NA,14,1,$
14,276,2008,191,191,1000,14,1,$
14,276,2008,1911,1911,1000,14,1,$
14,276,2008,1912,1912,1000,14,1,$
14,276,2008,1920,1920,1000,14,1,$
14,276,2008,2010,2010,1000,14,1,$
14,276,2008,202,202,1000,14,1,$
14,276,2008,2021,2021,1000,14,1,$
14,276,2008,2022,2022,1000,14,1,$
14,276,2008,2023,2023,1000,14,1,$
14,276,2008,2029,2029,1000,14,1,$
14,276,2008,210,210,1000,14,1,$
14,276,2008,2101,2101,1000,14,1,$
14,276,2008,2102,2102,1000,14,1,$
14,276,2008,2109,2109,1000,14,1,$
14,276,2008,221,221,NA,14,0,$
14,276,2008,2211,2211,NA,14,0,$
14,276,2008,2212,2212,NA,14,0,$
14,276,2008,2213,2213,NA,14,0,$
14,276,2008,2219,2219,NA,14,0,$
14,276,2008,222,222,1000,14,1,$
14,276,2008,2221,2221,1000,14,1,$
14,276,2008,2222,2222,1000,14,1,$
14,276,2008,2230,2230,1000,14,1,$
14,276,2008,2310,2310A,1000,14,1,$
14,276,2008,2320,2310A,NA,14,1,$
14,276,2008,2330,2310A,NA,14,1,$
14,276,2008,241,241,1000,14,1,$
14,276,2008,2411,2411,NA,14,0,$
14,276,2008,2412,2412,1000,14,1,$
14,276,2008,2413,2413,NA,14,0,$
14,276,2008,242,242,1000,14,1,$
14,276,2008,2421,2421,1000,14,1,$
14,276,2008,2422,2422,1000,14,1,$
14,276,2008,2423,2423,1000,14,1,$
14,276,2008,2424,2424,1000,14,1,$
14,276,2008,2429,2429,1000,14,1,$
14,276,2008,2430,2430,1000,14,1,$
14,276,2008,251,251,1000,14,1,$
14,276,2008,2511,2511,1000,14,1,$
14,276,2008,2519,2519,1000,14,1,$
14,276,2008,2520,2520,1000,14,1,$
14,276,2008,2610,2610,1000,14,1,$
14,276,2008,269,269,1000,14,1,$
14,276,2008,2691,2691,1000,14,1,$
14,276,2008,2692,2692,1000,14,1,$
14,276,2008,2693,2693,1000,14,1,$
14,276,2008,2694,2694,1000,14,1,$
14,276,2008,2695,2695,1000,14,1,$
14,276,2008,2696,2696,1000,14,1,$
14,276,2008,2699,2699,1000,14,1,$
14,276,2008,2710,2710,1000,14,1,$
14,276,2008,2720,2720,1000,14,1,$
14,276,2008,273,273,1000,14,1,$
14,276,2008,2731,2731,1000,14,1,$
14,276,2008,2732,2732,1000,14,1,$
14,276,2008,281,281,1000,14,1,$
14,276,2008,2811,2811,1000,14,1,$
14,276,2008,2812,2812,1000,14,1,$
14,276,2008,2813,2813,1000,14,1,$
14,276,2008,289,289,1000,14,1,$
14,276,2008,2891,2891,1000,14,1,$
14,276,2008,2892,2892,1000,14,1,$
14,276,2008,2893,2893,1000,14,1,$
14,276,2008,2899,2899,1000,14,1,$
14,276,2008,291,291,1000,14,1,$
14,276,2008,2911,2911,1000,14,1,$
14,276,2008,2912,2912,1000,14,1,$
14,276,2008,2913,2913,1000,14,1,$
14,276,2008,2914,2914,1000,14,1,$
14,276,2008,2915,2915,1000,14,1,$
14,276,2008,2919,2919,1000,14,1,$
14,276,2008,292,292,1000,14,1,$
14,276,2008,2921,2921,1000,14,1,$
14,276,2008,2922,2922,1000,14,1,$
14,276,2008,2923,2923,1000,14,1,$
14,276,2008,2924,2924,1000,14,1,$
14,276,2008,2925,2925,1000,14,1,$
14,276,2008,2926,2926,1000,14,1,$
14,276,2008,2927,2927,1000,14,1,$
14,276,2008,2929,2929,1000,14,1,$
14,276,2008,2930,2930,1000,14,1,$
14,276,2008,3000,3000,1000,14,1,$
14,276,2008,3110,3110,1000,14,1,$
14,276,2008,3120,3120,1000,14,1,$
14,276,2008,3130,3130,1000,14,1,$
14,276,2008,3140,3140,1000,14,1,$
14,276,2008,3150,3150,1000,14,1,$
14,276,2008,3190,3190,1000,14,1,$
14,276,2008,3210,3210,1000,14,1,$
14,276,2008,3220,3220,1000,14,1,$
14,276,2008,3230,3230,1000,14,1,$
14,276,2008,331,331,1000,14,1,$
14,276,2008,3311,3311,1000,14,1,$
14,276,2008,3312,3312,1000,14,1,$
14,276,2008,3313,3313,1000,14,1,$
14,276,2008,3320,3320,1000,14,1,$
14,276,2008,3330,3330,1000,14,1,$
14,276,2008,3410,3410,1000,14,1,$
14,276,2008,3420,3420,1000,14,1,$
14,276,2008,3430,3430,1000,14,1,$
14,276,2008,351,351,1000,14,1,$
14,276,2008,3511,3511,1000,14,1,$
14,276,2008,3512,3512,1000,14,1,$
14,276,2008,3520,3520,1000,14,1,$
14,276,2008,3530,3530,1000,14,1,$
14,276,2008,359,359,1000,14,1,$
14,276,2008,3591,3591,1000,14,1,$
14,276,2008,3592,3592,1000,14,1,$
14,276,2008,3599,3599,1000,14,1,$
14,276,2008,3610,3610,1000,14,1,$
14,276,2008,369,369,1000,14,1,$
14,276,2008,3691,3691,1000,14,1,$
14,276,2008,3692,3692,1000,14,1,$
14,276,2008,3693,3693,1000,14,1,$
14,276,2008,3694,3694,1000,14,1,$
14,276,2008,3699,3699,1000,14,1,$
14,276,2008,3710,3710,NA,14,0,$
14,276,2008,3720,3720,NA,14,0,$
14,392,1994,151,151,1000,14,1,$
14,392,1994,1511,1511,1000,14,1,$
14,392,1994,1512,1512,1000,14,1,$
14,392,1994,1513,1513,1000,14,1,$
14,392,1994,1514,1514,1000,14,1,$
14,392,1994,1520,1520,1000,14,1,$
14,392,1994,153,153,1000,14,1,$
14,392,1994,1531,1531,1000,14,1,$
14,392,1994,1532,1532,1000,14,1,$
14,392,1994,1533,1533,1000,14,1,$
14,392,1994,154,154,1000,14,1,$
14,392,1994,1541,1541,1000,14,1,$
14,392,1994,1542,1542,1000,14,1,$
14,392,1994,1543,1543,1000,14,1,$
14,392,1994,1544,1544,1000,14,1,$
14,392,1994,1549,1549,1000,14,1,$
14,392,1994,155,155,1000,14,1,$
14,392,1994,1551,1551,1000,14,1,$
14,392,1994,1552,1552,1000,14,1,$
14,392,1994,1553,1553,1000,14,1,$
14,392,1994,1554,1554,1000,14,1,$
14,392,1994,1600,1600,1000,14,1,$
14,392,1994,171,171,1000,14,1,$
14,392,1994,1711,1711,1000,14,1,$
14,392,1994,1712,1712,1000,14,1,$
14,392,1994,172,172,1000,14,1,$
14,392,1994,1721,1721,1000,14,1,$
14,392,1994,1722,1722,1000,14,1,$
14,392,1994,1723,1723,1000,14,1,$
14,392,1994,1729,1729,1000,14,1,$
14,392,1994,1730,1730,1000,14,1,$
14,392,1994,1810,1810,1000,14,1,$
14,392,1994,1820,1820,1000,14,1,$
14,392,1994,191,191,1000,14,1,$
14,392,1994,1911,1911,1000,14,1,$
14,392,1994,1912,1912,1000,14,1,$
14,392,1994,1920,1920,1000,14,1,$
14,392,1994,2010,2010,1000,14,1,$
14,392,1994,202,202,1000,14,1,$
14,392,1994,2021,2021,1000,14,1,$
14,392,1994,2022,2022,1000,14,1,$
14,392,1994,2023,2023,1000,14,1,$
14,392,1994,2029,2029,1000,14,1,$
14,392,1994,210,210,1000,14,1,$
14,392,1994,2101,2101,1000,14,1,$
14,392,1994,2102,2102,1000,14,1,$
14,392,1994,2109,2109,1000,14,1,$
14,392,1994,221,221,1000,14,1,$
14,392,1994,2211,2211,1000,14,1,$
14,392,1994,2212,2212,1000,14,1,$
14,392,1994,2213,2213,NA,14,0,$
14,392,1994,2219,2219,NA,14,0,$
14,392,1994,222,222,1000,14,1,$
14,392,1994,2221,2221,1000,14,1,$
14,392,1994,2222,2222,1000,14,1,$
14,392,1994,2230,2230,1000,14,1,$
14,392,1994,2310,2310,1000,14,1,$
14,392,1994,2320,2320,1000,14,1,$
14,392,1994,2330,2330,1000,14,1,$
14,392,1994,241,241,1000,14,1,$
14,392,1994,2411,2411,1000,14,1,$
14,392,1994,2412,2412,1000,14,1,$
14,392,1994,2413,2413,1000,14,1,$
14,392,1994,242,242,1000,14,1,$
14,392,1994,2421,2421,1000,14,1,$
14,392,1994,2422,2422,1000,14,1,$
14,392,1994,2423,2423,1000,14,1,$
14,392,1994,2424,2424,1000,14,1,$
14,392,1994,2429,2429,1000,14,1,$
14,392,1994,2430,2430,1000,14,1,$
14,392,1994,251,251,1000,14,1,$
14,392,1994,2511,2511,1000,14,1,$
14,392,1994,2519,2519,1000,14,1,$
14,392,1994,2520,2520,1000,14,1,$
14,392,1994,2610,2610,1000,14,1,$
14,392,1994,269,269,1000,14,1,$
14,392,1994,2691,2691,1000,14,1,$
14,392,1994,2692,2692,1000,14,1,$
14,392,1994,2693,2693,1000,14,1,$
14,392,1994,2694,2694,1000,14,1,$
14,392,1994,2695,2695,1000,14,1,$
14,392,1994,2696,2696,1000,14,1,$
14,392,1994,2699,2699,1000,14,1,$
14,392,1994,2710,2710,1000,14,1,$
14,392,1994,2720,2720,1000,14,1,$
14,392,1994,273,273,1000,14,1,$
14,392,1994,2731,2731,1000,14,1,$
14,392,1994,2732,2732,1000,14,1,$
14,392,1994,281,281,1000,14,1,$
14,392,1994,2811,2811,1000,14,1,$
14,392,1994,2812,2812,1000,14,1,$
14,392,1994,2813,2813,1000,14,1,$
14,392,1994,289,289,1000,14,1,$
14,392,1994,2891,2891,1000,14,1,$
14,392,1994,2892,2892,1000,14,1,$
14,392,1994,2893,2893,1000,14,1,$
14,392,1994,2899,2899,1000,14,1,$
14,392,1994,291,291,1000,14,1,$
14,392,1994,2911,2911,1000,14,1,$
14,392,1994,2912,2912,1000,14,1,$
14,392,1994,2913,2913,1000,14,1,$
14,392,1994,2914,2914,1000,14,1,$
14,392,1994,2915,2915,1000,14,1,$
14,392,1994,2919,2919,1000,14,1,$
14,392,1994,292,292,1000,14,1,$
14,392,1994,2921,2921,1000,14,1,$
14,392,1994,2922,2922,1000,14,1,$
14,392,1994,2923,2923,1000,14,1,$
14,392,1994,2924,2924,1000,14,1,$
14,392,1994,2925,2925,1000,14,1,$
14,392,1994,2926,2926,1000,14,1,$
14,392,1994,2927,2927,1000,14,1,$
14,392,1994,2929,2929,1000,14,1,$
14,392,1994,2930,2930,1000,14,1,$
14,392,1994,3000,3000,1000,14,1,$
14,392,1994,3110,3110,1000,14,1,$
14,392,1994,3120,3120,1000,14,1,$
14,392,1994,3130,3130,1000,14,1,$
14,392,1994,3140,3140,1000,14,1,$
14,392,1994,3150,3150,1000,14,1,$
14,392,1994,3190,3190,1000,14,1,$
14,392,1994,3210,3210,1000,14,1,$
14,392,1994,3220,3220,1000,14,1,$
14,392,1994,3230,3230,1000,14,1,$
14,392,1994,331,331,1000,14,1,$
14,392,1994,3311,3311,1000,14,1,$
14,392,1994,3312,3312,1000,14,1,$
14,392,1994,3313,3313,1000,14,1,$
14,392,1994,3320,3320,1000,14,1,$
14,392,1994,3330,3330,1000,14,1,$
14,392,1994,3410,3410,1000,14,1,$
14,392,1994,3420,3420,1000,14,1,$
14,392,1994,3430,3430,1000,14,1,$
14,392,1994,351,351,1000,14,1,$
14,392,1994,3511,3511,1000,14,1,$
14,392,1994,3512,3512,1000,14,1,$
14,392,1994,3520,3520,1000,14,1,$
14,392,1994,3530,3530,1000,14,1,$
14,392,1994,359,359,1000,14,1,$
14,392,1994,3591,3591,1000,14,1,$
14,392,1994,3592,3592,1000,14,1,$
14,392,1994,3599,3599,1000,14,1,$
14,392,1994,3610,3610,1000,14,1,$
14,392,1994,369,369,1000,14,1,$
14,392,1994,3691,3691,1000,14,1,$
14,392,1994,3692,3692,1000,14,1,$
14,392,1994,3693,3693,1000,14,1,$
14,392,1994,3694,3694,1000,14,1,$
14,392,1994,3699,3699,1000,14,1,$
14,392,1994,3710,3710A,1000,14,1,$
14,392,1994,3720,3710A,NA,14,1,$
14,392,1995,151,151,1000,14,1,$
14,392,1995,1511,1511,1000,14,1,$
14,392,1995,1512,1512,1000,14,1,$
14,392,1995,1513,1513,1000,14,1,$
14,392,1995,1514,1514,1000,14,1,$
14,392,1995,1520,1520,1000,14,1,$
14,392,1995,153,153,1000,14,1,$
14,392,1995,1531,1531,1000,14,1,$
14,392,1995,1532,1532,1000,14,1,$
14,392,1995,1533,1533,1000,14,1,$
14,392,1995,154,154,1000,14,1,$
14,392,1995,1541,1541,1000,14,1,$
14,392,1995,1542,1542,1000,14,1,$
14,392,1995,1543,1543,1000,14,1,$
14,392,1995,1544,1544,1000,14,1,$
14,392,1995,1549,1549,1000,14,1,$
14,392,1995,155,155,1000,14,1,$
14,392,1995,1551,1551,1000,14,1,$
14,392,1995,1552,1552,1000,14,1,$
14,392,1995,1553,1553,1000,14,1,$
14,392,1995,1554,1554,1000,14,1,$
14,392,1995,1600,1600,1000,14,1,$
14,392,1995,171,171,1000,14,1,$
14,392,1995,1711,1711,1000,14,1,$
14,392,1995,1712,1712,1000,14,1,$
14,392,1995,172,172,1000,14,1,$
14,392,1995,1721,1721,1000,14,1,$
14,392,1995,1722,1722,1000,14,1,$
14,392,1995,1723,1723,1000,14,1,$
14,392,1995,1729,1729,1000,14,1,$
14,392,1995,1730,1730,1000,14,1,$
14,392,1995,1810,1810,1000,14,1,$
14,392,1995,1820,1820,1000,14,1,$
14,392,1995,191,191,1000,14,1,$
14,392,1995,1911,1911,1000,14,1,$
14,392,1995,1912,1912,1000,14,1,$
14,392,1995,1920,1920,1000,14,1,$
14,392,1995,2010,2010,1000,14,1,$
14,392,1995,202,202,1000,14,1,$
14,392,1995,2021,2021,1000,14,1,$
14,392,1995,2022,2022,1000,14,1,$
14,392,1995,2023,2023,1000,14,1,$
14,392,1995,2029,2029,1000,14,1,$
14,392,1995,210,210,1000,14,1,$
14,392,1995,2101,2101,1000,14,1,$
14,392,1995,2102,2102,1000,14,1,$
14,392,1995,2109,2109,1000,14,1,$
14,392,1995,221,221,1000,14,1,$
14,392,1995,2211,2211,1000,14,1,$
14,392,1995,2212,2212,1000,14,1,$
14,392,1995,2213,2213,NA,14,0,$
14,392,1995,2219,2219,NA,14,0,$
14,392,1995,222,222,1000,14,1,$
14,392,1995,2221,2221,1000,14,1,$
14,392,1995,2222,2222,1000,14,1,$
14,392,1995,2230,2230,1000,14,1,$
14,392,1995,2310,2310,1000,14,1,$
14,392,1995,2320,2320,1000,14,1,$
14,392,1995,2330,2330,1000,14,1,$
14,392,1995,241,241,1000,14,1,$
14,392,1995,2411,2411,1000,14,1,$
14,392,1995,2412,2412,1000,14,1,$
14,392,1995,2413,2413,1000,14,1,$
14,392,1995,242,242,1000,14,1,$
14,392,1995,2421,2421,1000,14,1,$
14,392,1995,2422,2422,1000,14,1,$
14,392,1995,2423,2423,1000,14,1,$
14,392,1995,2424,2424,1000,14,1,$
14,392,1995,2429,2429,1000,14,1,$
14,392,1995,2430,2430,1000,14,1,$
14,392,1995,251,251,1000,14,1,$
14,392,1995,2511,2511,1000,14,1,$
14,392,1995,2519,2519,1000,14,1,$
14,392,1995,2520,2520,1000,14,1,$
14,392,1995,2610,2610,1000,14,1,$
14,392,1995,269,269,1000,14,1,$
14,392,1995,2691,2691,1000,14,1,$
14,392,1995,2692,2692,1000,14,1,$
14,392,1995,2693,2693,1000,14,1,$
14,392,1995,2694,2694,1000,14,1,$
14,392,1995,2695,2695,1000,14,1,$
14,392,1995,2696,2696,1000,14,1,$
14,392,1995,2699,2699,1000,14,1,$
14,392,1995,2710,2710,1000,14,1,$
14,392,1995,2720,2720,1000,14,1,$
14,392,1995,273,273,1000,14,1,$
14,392,1995,2731,2731,1000,14,1,$
14,392,1995,2732,2732,1000,14,1,$
14,392,1995,281,281,1000,14,1,$
14,392,1995,2811,2811,1000,14,1,$
14,392,1995,2812,2812,1000,14,1,$
14,392,1995,2813,2813,1000,14,1,$
14,392,1995,289,289,1000,14,1,$
14,392,1995,2891,2891,1000,14,1,$
14,392,1995,2892,2892,1000,14,1,$
14,392,1995,2893,2893,1000,14,1,$
14,392,1995,2899,2899,1000,14,1,$
14,392,1995,291,291,1000,14,1,$
14,392,1995,2911,2911,1000,14,1,$
14,392,1995,2912,2912,1000,14,1,$
14,392,1995,2913,2913,1000,14,1,$
14,392,1995,2914,2914,1000,14,1,$
14,392,1995,2915,2915,1000,14,1,$
14,392,1995,2919,2919,1000,14,1,$
14,392,1995,292,292,1000,14,1,$
14,392,1995,2921,2921,1000,14,1,$
14,392,1995,2922,2922,1000,14,1,$
14,392,1995,2923,2923,1000,14,1,$
14,392,1995,2924,2924,1000,14,1,$
14,392,1995,2925,2925,NA,14,0,$
14,392,1995,2926,2926,1000,14,1,$
14,392,1995,2927,2927,1000,14,1,$
14,392,1995,2929,2929,1000,14,1,$
14,392,1995,2930,2930,1000,14,1,$
14,392,1995,3000,3000,1000,14,1,$
14,392,1995,3110,3110,1000,14,1,$
14,392,1995,3120,3120,1000,14,1,$
14,392,1995,3130,3130,1000,14,1,$
14,392,1995,3140,3140,1000,14,1,$
14,392,1995,3150,3150,1000,14,1,$
14,392,1995,3190,3190,1000,14,1,$
14,392,1995,3210,3210,1000,14,1,$
14,392,1995,3220,3220,1000,14,1,$
14,392,1995,3230,3230,1000,14,1,$
14,392,1995,331,331,1000,14,1,$
14,392,1995,3311,3311,1000,14,1,$
14,392,1995,3312,3312,1000,14,1,$
14,392,1995,3313,3313,1000,14,1,$
14,392,1995,3320,3320,1000,14,1,$
14,392,1995,3330,3330,1000,14,1,$
14,392,1995,3410,3410,1000,14,1,$
14,392,1995,3420,3420,1000,14,1,$
14,392,1995,3430,3430,1000,14,1,$
14,392,1995,351,351,1000,14,1,$
14,392,1995,3511,3511,NA,14,0,$
14,392,1995,3512,3512,NA,14,0,$
14,392,1995,3520,3520,1000,14,1,$
14,392,1995,3530,3530,1000,14,1,$
14,392,1995,359,359,1000,14,1,$
14,392,1995,3591,3591,NA,14,0,$
14,392,1995,3592,3592,1000,14,1,$
14,392,1995,3599,3599,1000,14,1,$
14,392,1995,3610,3610,1000,14,1,$
14,392,1995,369,369,1000,14,1,$
14,392,1995,3691,3691,1000,14,1,$
14,392,1995,3692,3692,1000,14,1,$
14,392,1995,3693,3693,1000,14,1,$
14,392,1995,3694,3694,1000,14,1,$
14,392,1995,3699,3699,1000,14,1,$
14,392,1995,3710,3710A,1000,14,1,$
14,392,1995,3720,3710A,NA,14,1,$
14,392,1996,151,151,1000,14,1,$
14,392,1996,1511,1511,1000,14,1,$
14,392,1996,1512,1512,1000,14,1,$
14,392,1996,1513,1513,1000,14,1,$
14,392,1996,1514,1514,1000,14,1,$
14,392,1996,1520,1520,1000,14,1,$
14,392,1996,153,153,1000,14,1,$
14,392,1996,1531,1531,1000,14,1,$
14,392,1996,1532,1532,1000,14,1,$
14,392,1996,1533,1533,1000,14,1,$
14,392,1996,154,154,1000,14,1,$
14,392,1996,1541,1541,1000,14,1,$
14,392,1996,1542,1542,1000,14,1,$
14,392,1996,1543,1543,1000,14,1,$
14,392,1996,1544,1544,1000,14,1,$
14,392,1996,1549,1549,1000,14,1,$
14,392,1996,155,155,1000,14,1,$
14,392,1996,1551,1551,1000,14,1,$
14,392,1996,1552,1552,1000,14,1,$
14,392,1996,1553,1553,1000,14,1,$
14,392,1996,1554,1554,1000,14,1,$
14,392,1996,1600,1600,1000,14,1,$
14,392,1996,171,171,1000,14,1,$
14,392,1996,1711,1711,1000,14,1,$
14,392,1996,1712,1712,1000,14,1,$
14,392,1996,172,172,1000,14,1,$
14,392,1996,1721,1721,1000,14,1,$
14,392,1996,1722,1722,1000,14,1,$
14,392,1996,1723,1723,1000,14,1,$
14,392,1996,1729,1729,1000,14,1,$
14,392,1996,1730,1730,1000,14,1,$
14,392,1996,1810,1810,1000,14,1,$
14,392,1996,1820,1820,1000,14,1,$
14,392,1996,191,191,1000,14,1,$
14,392,1996,1911,1911,1000,14,1,$
14,392,1996,1912,1912,1000,14,1,$
14,392,1996,1920,1920,1000,14,1,$
14,392,1996,2010,2010,1000,14,1,$
14,392,1996,202,202,1000,14,1,$
14,392,1996,2021,2021,1000,14,1,$
14,392,1996,2022,2022,1000,14,1,$
14,392,1996,2023,2023,1000,14,1,$
14,392,1996,2029,2029,1000,14,1,$
14,392,1996,210,210,1000,14,1,$
14,392,1996,2101,2101,1000,14,1,$
14,392,1996,2102,2102,1000,14,1,$
14,392,1996,2109,2109,1000,14,1,$
14,392,1996,221,221,1000,14,1,$
14,392,1996,2211,2211,1000,14,1,$
14,392,1996,2212,2212,1000,14,1,$
14,392,1996,2213,2213,NA,14,0,$
14,392,1996,2219,2219,NA,14,0,$
14,392,1996,222,222,1000,14,1,$
14,392,1996,2221,2221,1000,14,1,$
14,392,1996,2222,2222,1000,14,1,$
14,392,1996,2230,2230,1000,14,1,$
14,392,1996,2310,2310,1000,14,1,$
14,392,1996,2320,2320,1000,14,1,$
14,392,1996,2330,2330,1000,14,1,$
14,392,1996,241,241,1000,14,1,$
14,392,1996,2411,2411,1000,14,1,$
14,392,1996,2412,2412,1000,14,1,$
14,392,1996,2413,2413,1000,14,1,$
14,392,1996,242,242,1000,14,1,$
14,392,1996,2421,2421,1000,14,1,$
14,392,1996,2422,2422,1000,14,1,$
14,392,1996,2423,2423,1000,14,1,$
14,392,1996,2424,2424,1000,14,1,$
14,392,1996,2429,2429,1000,14,1,$
14,392,1996,2430,2430,1000,14,1,$
14,392,1996,251,251,1000,14,1,$
14,392,1996,2511,2511,1000,14,1,$
14,392,1996,2519,2519,1000,14,1,$
14,392,1996,2520,2520,1000,14,1,$
14,392,1996,2610,2610,1000,14,1,$
14,392,1996,269,269,1000,14,1,$
14,392,1996,2691,2691,1000,14,1,$
14,392,1996,2692,2692,1000,14,1,$
14,392,1996,2693,2693,1000,14,1,$
14,392,1996,2694,2694,1000,14,1,$
14,392,1996,2695,2695,1000,14,1,$
14,392,1996,2696,2696,1000,14,1,$
14,392,1996,2699,2699,1000,14,1,$
14,392,1996,2710,2710,1000,14,1,$
14,392,1996,2720,2720,1000,14,1,$
14,392,1996,273,273,1000,14,1,$
14,392,1996,2731,2731,1000,14,1,$
14,392,1996,2732,2732,1000,14,1,$
14,392,1996,281,281,1000,14,1,$
14,392,1996,2811,2811,1000,14,1,$
14,392,1996,2812,2812,1000,14,1,$
14,392,1996,2813,2813,1000,14,1,$
14,392,1996,289,289,1000,14,1,$
14,392,1996,2891,2891,1000,14,1,$
14,392,1996,2892,2892,1000,14,1,$
14,392,1996,2893,2893,1000,14,1,$
14,392,1996,2899,2899,1000,14,1,$
14,392,1996,291,291,1000,14,1,$
14,392,1996,2911,2911,1000,14,1,$
14,392,1996,2912,2912,1000,14,1,$
14,392,1996,2913,2913,1000,14,1,$
14,392,1996,2914,2914,1000,14,1,$
14,392,1996,2915,2915,1000,14,1,$
14,392,1996,2919,2919,1000,14,1,$
14,392,1996,292,292,1000,14,1,$
14,392,1996,2921,2921,1000,14,1,$
14,392,1996,2922,2922,1000,14,1,$
14,392,1996,2923,2923,1000,14,1,$
14,392,1996,2924,2924,1000,14,1,$
14,392,1996,2925,2925,NA,14,0,$
14,392,1996,2926,2926,1000,14,1,$
14,392,1996,2927,2927,1000,14,1,$
14,392,1996,2929,2929,1000,14,1,$
14,392,1996,2930,2930,1000,14,1,$
14,392,1996,3000,3000,1000,14,1,$
14,392,1996,3110,3110,1000,14,1,$
14,392,1996,3120,3120,1000,14,1,$
14,392,1996,3130,3130,1000,14,1,$
14,392,1996,3140,3140,1000,14,1,$
14,392,1996,3150,3150,1000,14,1,$
14,392,1996,3190,3190,1000,14,1,$
14,392,1996,3210,3210,1000,14,1,$
14,392,1996,3220,3220,1000,14,1,$
14,392,1996,3230,3230,1000,14,1,$
14,392,1996,331,331,1000,14,1,$
14,392,1996,3311,3311,1000,14,1,$
14,392,1996,3312,3312,1000,14,1,$
14,392,1996,3313,3313,1000,14,1,$
14,392,1996,3320,3320,1000,14,1,$
14,392,1996,3330,3330,1000,14,1,$
14,392,1996,3410,3410,1000,14,1,$
14,392,1996,3420,3420,1000,14,1,$
14,392,1996,3430,3430,1000,14,1,$
14,392,1996,351,351,1000,14,1,$
14,392,1996,3511,3511,NA,14,0,$
14,392,1996,3512,3512,NA,14,0,$
14,392,1996,3520,3520,1000,14,1,$
14,392,1996,3530,3530,1000,14,1,$
14,392,1996,359,359,1000,14,1,$
14,392,1996,3591,3591,NA,14,0,$
14,392,1996,3592,3592,1000,14,1,$
14,392,1996,3599,3599,1000,14,1,$
14,392,1996,3610,3610,1000,14,1,$
14,392,1996,369,369,1000,14,1,$
14,392,1996,3691,3691,1000,14,1,$
14,392,1996,3692,3692,1000,14,1,$
14,392,1996,3693,3693,1000,14,1,$
14,392,1996,3694,3694,1000,14,1,$
14,392,1996,3699,3699,1000,14,1,$
14,392,1996,3710,3710A,1000,14,1,$
14,392,1996,3720,3710A,NA,14,1,$
14,392,1997,151,151,1000,14,1,$
14,392,1997,1511,1511,1000,14,1,$
14,392,1997,1512,1512,1000,14,1,$
14,392,1997,1513,1513,1000,14,1,$
14,392,1997,1514,1514,1000,14,1,$
14,392,1997,1520,1520,1000,14,1,$
14,392,1997,153,153,1000,14,1,$
14,392,1997,1531,1531,1000,14,1,$
14,392,1997,1532,1532,1000,14,1,$
14,392,1997,1533,1533,1000,14,1,$
14,392,1997,154,154,1000,14,1,$
14,392,1997,1541,1541,1000,14,1,$
14,392,1997,1542,1542,1000,14,1,$
14,392,1997,1543,1543,1000,14,1,$
14,392,1997,1544,1544,1000,14,1,$
14,392,1997,1549,1549,1000,14,1,$
14,392,1997,155,155,1000,14,1,$
14,392,1997,1551,1551,1000,14,1,$
14,392,1997,1552,1552,1000,14,1,$
14,392,1997,1553,1553,1000,14,1,$
14,392,1997,1554,1554,1000,14,1,$
14,392,1997,1600,1600,1000,14,1,$
14,392,1997,171,171,1000,14,1,$
14,392,1997,1711,1711,1000,14,1,$
14,392,1997,1712,1712,1000,14,1,$
14,392,1997,172,172,1000,14,1,$
14,392,1997,1721,1721,1000,14,1,$
14,392,1997,1722,1722,1000,14,1,$
14,392,1997,1723,1723,1000,14,1,$
14,392,1997,1729,1729,1000,14,1,$
14,392,1997,1730,1730,1000,14,1,$
14,392,1997,1810,1810,1000,14,1,$
14,392,1997,1820,1820,1000,14,1,$
14,392,1997,191,191,1000,14,1,$
14,392,1997,1911,1911,1000,14,1,$
14,392,1997,1912,1912,1000,14,1,$
14,392,1997,1920,1920,1000,14,1,$
14,392,1997,2010,2010,1000,14,1,$
14,392,1997,202,202,1000,14,1,$
14,392,1997,2021,2021,1000,14,1,$
14,392,1997,2022,2022,1000,14,1,$
14,392,1997,2023,2023,1000,14,1,$
14,392,1997,2029,2029,1000,14,1,$
14,392,1997,210,210,1000,14,1,$
14,392,1997,2101,2101,1000,14,1,$
14,392,1997,2102,2102,1000,14,1,$
14,392,1997,2109,2109,1000,14,1,$
14,392,1997,221,221,1000,14,1,$
14,392,1997,2211,2211,1000,14,1,$
14,392,1997,2212,2212,1000,14,1,$
14,392,1997,2213,2213,NA,14,0,$
14,392,1997,2219,2219,NA,14,0,$
14,392,1997,222,222,1000,14,1,$
14,392,1997,2221,2221,1000,14,1,$
14,392,1997,2222,2222,1000,14,1,$
14,392,1997,2230,2230,1000,14,1,$
14,392,1997,2310,2310,1000,14,1,$
14,392,1997,2320,2320,1000,14,1,$
14,392,1997,2330,2330,1000,14,1,$
14,392,1997,241,241,1000,14,1,$
14,392,1997,2411,2411,1000,14,1,$
14,392,1997,2412,2412,1000,14,1,$
14,392,1997,2413,2413,1000,14,1,$
14,392,1997,242,242,1000,14,1,$
14,392,1997,2421,2421,1000,14,1,$
14,392,1997,2422,2422,1000,14,1,$
14,392,1997,2423,2423,1000,14,1,$
14,392,1997,2424,2424,1000,14,1,$
14,392,1997,2429,2429,1000,14,1,$
14,392,1997,2430,2430,1000,14,1,$
14,392,1997,251,251,1000,14,1,$
14,392,1997,2511,2511,1000,14,1,$
14,392,1997,2519,2519,1000,14,1,$
14,392,1997,2520,2520,1000,14,1,$
14,392,1997,2610,2610,1000,14,1,$
14,392,1997,269,269,1000,14,1,$
14,392,1997,2691,2691,1000,14,1,$
14,392,1997,2692,2692,1000,14,1,$
14,392,1997,2693,2693,1000,14,1,$
14,392,1997,2694,2694,1000,14,1,$
14,392,1997,2695,2695,1000,14,1,$
14,392,1997,2696,2696,1000,14,1,$
14,392,1997,2699,2699,1000,14,1,$
14,392,1997,2710,2710,1000,14,1,$
14,392,1997,2720,2720,1000,14,1,$
14,392,1997,273,273,1000,14,1,$
14,392,1997,2731,2731,1000,14,1,$
14,392,1997,2732,2732,1000,14,1,$
14,392,1997,281,281,1000,14,1,$
14,392,1997,2811,2811,1000,14,1,$
14,392,1997,2812,2812,1000,14,1,$
14,392,1997,2813,2813,1000,14,1,$
14,392,1997,289,289,1000,14,1,$
14,392,1997,2891,2891,1000,14,1,$
14,392,1997,2892,2892,1000,14,1,$
14,392,1997,2893,2893,1000,14,1,$
14,392,1997,2899,2899,1000,14,1,$
14,392,1997,291,291,1000,14,1,$
14,392,1997,2911,2911,1000,14,1,$
14,392,1997,2912,2912,1000,14,1,$
14,392,1997,2913,2913,1000,14,1,$
14,392,1997,2914,2914,1000,14,1,$
14,392,1997,2915,2915,1000,14,1,$
14,392,1997,2919,2919,1000,14,1,$
14,392,1997,292,292,1000,14,1,$
14,392,1997,2921,2921,1000,14,1,$
14,392,1997,2922,2922,1000,14,1,$
14,392,1997,2923,2923,1000,14,1,$
14,392,1997,2924,2924,1000,14,1,$
14,392,1997,2925,2925,NA,14,0,$
14,392,1997,2926,2926,1000,14,1,$
14,392,1997,2927,2927,1000,14,1,$
14,392,1997,2929,2929,1000,14,1,$
14,392,1997,2930,2930,1000,14,1,$
14,392,1997,3000,3000,1000,14,1,$
14,392,1997,3110,3110,1000,14,1,$
14,392,1997,3120,3120,1000,14,1,$
14,392,1997,3130,3130,1000,14,1,$
14,392,1997,3140,3140,1000,14,1,$
14,392,1997,3150,3150,1000,14,1,$
14,392,1997,3190,3190,1000,14,1,$
14,392,1997,3210,3210,1000,14,1,$
14,392,1997,3220,3220,1000,14,1,$
14,392,1997,3230,3230,1000,14,1,$
14,392,1997,331,331,1000,14,1,$
14,392,1997,3311,3311,1000,14,1,$
14,392,1997,3312,3312,1000,14,1,$
14,392,1997,3313,3313,1000,14,1,$
14,392,1997,3320,3320,1000,14,1,$
14,392,1997,3330,3330,1000,14,1,$
14,392,1997,3410,3410,1000,14,1,$
14,392,1997,3420,3420,1000,14,1,$
14,392,1997,3430,3430,1000,14,1,$
14,392,1997,351,351,1000,14,1,$
14,392,1997,3511,3511,1000,14,1,$
14,392,1997,3512,3512,NA,14,0,$
14,392,1997,3520,3520,1000,14,1,$
14,392,1997,3530,3530,1000,14,1,$
14,392,1997,359,359,1000,14,1,$
14,392,1997,3591,3591,NA,14,0,$
14,392,1997,3592,3592,1000,14,1,$
14,392,1997,3599,3599,1000,14,1,$
14,392,1997,3610,3610,1000,14,1,$
14,392,1997,369,369,1000,14,1,$
14,392,1997,3691,3691,1000,14,1,$
14,392,1997,3692,3692,1000,14,1,$
14,392,1997,3693,3693,1000,14,1,$
14,392,1997,3694,3694,1000,14,1,$
14,392,1997,3699,3699,1000,14,1,$
14,392,1997,3710,3710A,1000,14,1,$
14,392,1997,3720,3710A,NA,14,1,$
14,392,1998,151,151,1000,14,1,$
14,392,1998,1511,1511,1000,14,1,$
14,392,1998,1512,1512,1000,14,1,$
14,392,1998,1513,1513,1000,14,1,$
14,392,1998,1514,1514,1000,14,1,$
14,392,1998,1520,1520,1000,14,1,$
14,392,1998,153,153,1000,14,1,$
14,392,1998,1531,1531,1000,14,1,$
14,392,1998,1532,1532,1000,14,1,$
14,392,1998,1533,1533,1000,14,1,$
14,392,1998,154,154,1000,14,1,$
14,392,1998,1541,1541,1000,14,1,$
14,392,1998,1542,1542,1000,14,1,$
14,392,1998,1543,1543,1000,14,1,$
14,392,1998,1544,1544,1000,14,1,$
14,392,1998,1549,1549,1000,14,1,$
14,392,1998,155,155,1000,14,1,$
14,392,1998,1551,1551,1000,14,1,$
14,392,1998,1552,1552,1000,14,1,$
14,392,1998,1553,1553,1000,14,1,$
14,392,1998,1554,1554,1000,14,1,$
14,392,1998,1600,1600,1000,14,1,$
14,392,1998,171,171,1000,14,1,$
14,392,1998,1711,1711,1000,14,1,$
14,392,1998,1712,1712,1000,14,1,$
14,392,1998,172,172,1000,14,1,$
14,392,1998,1721,1721,1000,14,1,$
14,392,1998,1722,1722,1000,14,1,$
14,392,1998,1723,1723,1000,14,1,$
14,392,1998,1729,1729,1000,14,1,$
14,392,1998,1730,1730,1000,14,1,$
14,392,1998,1810,1810,1000,14,1,$
14,392,1998,1820,1820,1000,14,1,$
14,392,1998,191,191,1000,14,1,$
14,392,1998,1911,1911,1000,14,1,$
14,392,1998,1912,1912,1000,14,1,$
14,392,1998,1920,1920,1000,14,1,$
14,392,1998,2010,2010,1000,14,1,$
14,392,1998,202,202,1000,14,1,$
14,392,1998,2021,2021,1000,14,1,$
14,392,1998,2022,2022,1000,14,1,$
14,392,1998,2023,2023,1000,14,1,$
14,392,1998,2029,2029,1000,14,1,$
14,392,1998,210,210,1000,14,1,$
14,392,1998,2101,2101,1000,14,1,$
14,392,1998,2102,2102,1000,14,1,$
14,392,1998,2109,2109,1000,14,1,$
14,392,1998,221,221,1000,14,1,$
14,392,1998,2211,2211,1000,14,1,$
14,392,1998,2212,2212,1000,14,1,$
14,392,1998,2213,2213,NA,14,0,$
14,392,1998,2219,2219,NA,14,0,$
14,392,1998,222,222,1000,14,1,$
14,392,1998,2221,2221,1000,14,1,$
14,392,1998,2222,2222,1000,14,1,$
14,392,1998,2230,2230,1000,14,1,$
14,392,1998,2310,2310,1000,14,1,$
14,392,1998,2320,2320,1000,14,1,$
14,392,1998,2330,2330,1000,14,1,$
14,392,1998,241,241,1000,14,1,$
14,392,1998,2411,2411,1000,14,1,$
14,392,1998,2412,2412,1000,14,1,$
14,392,1998,2413,2413,1000,14,1,$
14,392,1998,242,242,1000,14,1,$
14,392,1998,2421,2421,1000,14,1,$
14,392,1998,2422,2422,1000,14,1,$
14,392,1998,2423,2423,1000,14,1,$
14,392,1998,2424,2424,1000,14,1,$
14,392,1998,2429,2429,1000,14,1,$
14,392,1998,2430,2430,1000,14,1,$
14,392,1998,251,251,1000,14,1,$
14,392,1998,2511,2511,1000,14,1,$
14,392,1998,2519,2519,1000,14,1,$
14,392,1998,2520,2520,1000,14,1,$
14,392,1998,2610,2610,1000,14,1,$
14,392,1998,269,269,1000,14,1,$
14,392,1998,2691,2691,1000,14,1,$
14,392,1998,2692,2692,1000,14,1,$
14,392,1998,2693,2693,1000,14,1,$
14,392,1998,2694,2694,1000,14,1,$
14,392,1998,2695,2695,1000,14,1,$
14,392,1998,2696,2696,1000,14,1,$
14,392,1998,2699,2699,1000,14,1,$
14,392,1998,2710,2710,1000,14,1,$
14,392,1998,2720,2720,1000,14,1,$
14,392,1998,273,273,1000,14,1,$
14,392,1998,2731,2731,1000,14,1,$
14,392,1998,2732,2732,1000,14,1,$
14,392,1998,281,281,1000,14,1,$
14,392,1998,2811,2811,1000,14,1,$
14,392,1998,2812,2812,1000,14,1,$
14,392,1998,2813,2813,1000,14,1,$
14,392,1998,289,289,1000,14,1,$
14,392,1998,2891,2891,1000,14,1,$
14,392,1998,2892,2892,1000,14,1,$
14,392,1998,2893,2893,1000,14,1,$
14,392,1998,2899,2899,1000,14,1,$
14,392,1998,291,291,1000,14,1,$
14,392,1998,2911,2911,1000,14,1,$
14,392,1998,2912,2912,1000,14,1,$
14,392,1998,2913,2913,1000,14,1,$
14,392,1998,2914,2914,1000,14,1,$
14,392,1998,2915,2915,1000,14,1,$
14,392,1998,2919,2919,1000,14,1,$
14,392,1998,292,292,1000,14,1,$
14,392,1998,2921,2921,1000,14,1,$
14,392,1998,2922,2922,1000,14,1,$
14,392,1998,2923,2923,1000,14,1,$
14,392,1998,2924,2924,1000,14,1,$
14,392,1998,2925,2925,NA,14,0,$
14,392,1998,2926,2926,1000,14,1,$
14,392,1998,2927,2927,1000,14,1,$
14,392,1998,2929,2929,1000,14,1,$
14,392,1998,2930,2930,1000,14,1,$
14,392,1998,3000,3000,1000,14,1,$
14,392,1998,3110,3110,1000,14,1,$
14,392,1998,3120,3120,1000,14,1,$
14,392,1998,3130,3130,1000,14,1,$
14,392,1998,3140,3140,1000,14,1,$
14,392,1998,3150,3150,1000,14,1,$
14,392,1998,3190,3190,1000,14,1,$
14,392,1998,3210,3210,1000,14,1,$
14,392,1998,3220,3220,1000,14,1,$
14,392,1998,3230,3230,1000,14,1,$
14,392,1998,331,331,1000,14,1,$
14,392,1998,3311,3311,1000,14,1,$
14,392,1998,3312,3312,1000,14,1,$
14,392,1998,3313,3313,1000,14,1,$
14,392,1998,3320,3320,1000,14,1,$
14,392,1998,3330,3330,1000,14,1,$
14,392,1998,3410,3410,1000,14,1,$
14,392,1998,3420,3420,1000,14,1,$
14,392,1998,3430,3430,1000,14,1,$
14,392,1998,351,351,1000,14,1,$
14,392,1998,3511,3511,1000,14,1,$
14,392,1998,3512,3512,NA,14,0,$
14,392,1998,3520,3520,1000,14,1,$
14,392,1998,3530,3530,1000,14,1,$
14,392,1998,359,359,1000,14,1,$
14,392,1998,3591,3591,NA,14,0,$
14,392,1998,3592,3592,1000,14,1,$
14,392,1998,3599,3599,1000,14,1,$
14,392,1998,3610,3610,1000,14,1,$
14,392,1998,369,369,1000,14,1,$
14,392,1998,3691,3691,1000,14,1,$
14,392,1998,3692,3692,1000,14,1,$
14,392,1998,3693,3693,1000,14,1,$
14,392,1998,3694,3694,1000,14,1,$
14,392,1998,3699,3699,1000,14,1,$
14,392,1998,3710,3710A,1000,14,1,$
14,392,1998,3720,3710A,NA,14,1,$
14,392,1999,151,151,1000,14,1,$
14,392,1999,1511,1511,1000,14,1,$
14,392,1999,1512,1512,1000,14,1,$
14,392,1999,1513,1513,1000,14,1,$
14,392,1999,1514,1514,1000,14,1,$
14,392,1999,1520,1520,1000,14,1,$
14,392,1999,153,153,1000,14,1,$
14,392,1999,1531,1531,1000,14,1,$
14,392,1999,1532,1532,1000,14,1,$
14,392,1999,1533,1533,1000,14,1,$
14,392,1999,154,154,1000,14,1,$
14,392,1999,1541,1541,1000,14,1,$
14,392,1999,1542,1542,1000,14,1,$
14,392,1999,1543,1543,1000,14,1,$
14,392,1999,1544,1544,1000,14,1,$
14,392,1999,1549,1549,1000,14,1,$
14,392,1999,155,155,1000,14,1,$
14,392,1999,1551,1551,1000,14,1,$
14,392,1999,1552,1552,1000,14,1,$
14,392,1999,1553,1553,1000,14,1,$
14,392,1999,1554,1554,1000,14,1,$
14,392,1999,1600,1600,1000,14,1,$
14,392,1999,171,171,1000,14,1,$
14,392,1999,1711,1711,1000,14,1,$
14,392,1999,1712,1712,1000,14,1,$
14,392,1999,172,172,1000,14,1,$
14,392,1999,1721,1721,1000,14,1,$
14,392,1999,1722,1722,1000,14,1,$
14,392,1999,1723,1723,1000,14,1,$
14,392,1999,1729,1729,1000,14,1,$
14,392,1999,1730,1730,1000,14,1,$
14,392,1999,1810,1810,1000,14,1,$
14,392,1999,1820,1820,1000,14,1,$
14,392,1999,191,191,1000,14,1,$
14,392,1999,1911,1911,1000,14,1,$
14,392,1999,1912,1912,1000,14,1,$
14,392,1999,1920,1920,1000,14,1,$
14,392,1999,2010,2010,1000,14,1,$
14,392,1999,202,202,1000,14,1,$
14,392,1999,2021,2021,1000,14,1,$
14,392,1999,2022,2022,1000,14,1,$
14,392,1999,2023,2023,1000,14,1,$
14,392,1999,2029,2029,1000,14,1,$
14,392,1999,210,210,1000,14,1,$
14,392,1999,2101,2101,1000,14,1,$
14,392,1999,2102,2102,1000,14,1,$
14,392,1999,2109,2109,1000,14,1,$
14,392,1999,221,221,1000,14,1,$
14,392,1999,2211,2211,1000,14,1,$
14,392,1999,2212,2212,1000,14,1,$
14,392,1999,2213,2213,NA,14,0,$
14,392,1999,2219,2219,NA,14,0,$
14,392,1999,222,222,1000,14,1,$
14,392,1999,2221,2221,1000,14,1,$
14,392,1999,2222,2222,1000,14,1,$
14,392,1999,2230,2230,1000,14,1,$
14,392,1999,2310,2310,1000,14,1,$
14,392,1999,2320,2320,1000,14,1,$
14,392,1999,2330,2330,1000,14,1,$
14,392,1999,241,241,1000,14,1,$
14,392,1999,2411,2411,1000,14,1,$
14,392,1999,2412,2412,1000,14,1,$
14,392,1999,2413,2413,1000,14,1,$
14,392,1999,242,242,1000,14,1,$
14,392,1999,2421,2421,1000,14,1,$
14,392,1999,2422,2422,1000,14,1,$
14,392,1999,2423,2423,1000,14,1,$
14,392,1999,2424,2424,1000,14,1,$
14,392,1999,2429,2429,1000,14,1,$
14,392,1999,2430,2430,1000,14,1,$
14,392,1999,251,251,1000,14,1,$
14,392,1999,2511,2511,1000,14,1,$
14,392,1999,2519,2519,1000,14,1,$
14,392,1999,2520,2520,1000,14,1,$
14,392,1999,2610,2610,1000,14,1,$
14,392,1999,269,269,1000,14,1,$
14,392,1999,2691,2691,1000,14,1,$
14,392,1999,2692,2692,1000,14,1,$
14,392,1999,2693,2693,1000,14,1,$
14,392,1999,2694,2694,1000,14,1,$
14,392,1999,2695,2695,1000,14,1,$
14,392,1999,2696,2696,1000,14,1,$
14,392,1999,2699,2699,1000,14,1,$
14,392,1999,2710,2710,1000,14,1,$
14,392,1999,2720,2720,1000,14,1,$
14,392,1999,273,273,1000,14,1,$
14,392,1999,2731,2731,1000,14,1,$
14,392,1999,2732,2732,1000,14,1,$
14,392,1999,281,281,1000,14,1,$
14,392,1999,2811,2811,1000,14,1,$
14,392,1999,2812,2812,1000,14,1,$
14,392,1999,2813,2813,1000,14,1,$
14,392,1999,289,289,1000,14,1,$
14,392,1999,2891,2891,1000,14,1,$
14,392,1999,2892,2892,1000,14,1,$
14,392,1999,2893,2893,1000,14,1,$
14,392,1999,2899,2899,1000,14,1,$
14,392,1999,291,291,1000,14,1,$
14,392,1999,2911,2911,1000,14,1,$
14,392,1999,2912,2912,1000,14,1,$
14,392,1999,2913,2913,1000,14,1,$
14,392,1999,2914,2914,1000,14,1,$
14,392,1999,2915,2915,1000,14,1,$
14,392,1999,2919,2919,1000,14,1,$
14,392,1999,292,292,1000,14,1,$
14,392,1999,2921,2921,1000,14,1,$
14,392,1999,2922,2922,1000,14,1,$
14,392,1999,2923,2923,1000,14,1,$
14,392,1999,2924,2924,1000,14,1,$
14,392,1999,2925,2925,NA,14,0,$
14,392,1999,2926,2926,1000,14,1,$
14,392,1999,2927,2927,1000,14,1,$
14,392,1999,2929,2929,1000,14,1,$
14,392,1999,2930,2930,1000,14,1,$
14,392,1999,3000,3000,1000,14,1,$
14,392,1999,3110,3110,1000,14,1,$
14,392,1999,3120,3120,1000,14,1,$
14,392,1999,3130,3130,1000,14,1,$
14,392,1999,3140,3140,1000,14,1,$
14,392,1999,3150,3150,1000,14,1,$
14,392,1999,3190,3190,1000,14,1,$
14,392,1999,3210,3210,1000,14,1,$
14,392,1999,3220,3220,1000,14,1,$
14,392,1999,3230,3230,1000,14,1,$
14,392,1999,331,331,1000,14,1,$
14,392,1999,3311,3311,1000,14,1,$
14,392,1999,3312,3312,1000,14,1,$
14,392,1999,3313,3313,1000,14,1,$
14,392,1999,3320,3320,1000,14,1,$
14,392,1999,3330,3330,1000,14,1,$
14,392,1999,3410,3410,1000,14,1,$
14,392,1999,3420,3420,1000,14,1,$
14,392,1999,3430,3430,1000,14,1,$
14,392,1999,351,351,1000,14,1,$
14,392,1999,3511,3511,1000,14,1,$
14,392,1999,3512,3512,NA,14,0,$
14,392,1999,3520,3520,1000,14,1,$
14,392,1999,3530,3530,1000,14,1,$
14,392,1999,359,359,1000,14,1,$
14,392,1999,3591,3591,NA,14,0,$
14,392,1999,3592,3592,1000,14,1,$
14,392,1999,3599,3599,1000,14,1,$
14,392,1999,3610,3610,1000,14,1,$
14,392,1999,369,369,1000,14,1,$
14,392,1999,3691,3691,1000,14,1,$
14,392,1999,3692,3692,1000,14,1,$
14,392,1999,3693,3693,1000,14,1,$
14,392,1999,3694,3694,1000,14,1,$
14,392,1999,3699,3699,1000,14,1,$
14,392,1999,3710,3710A,1000,14,1,$
14,392,1999,3720,3710A,NA,14,1,$
14,392,2000,151,151,1000,14,1,$
14,392,2000,1511,1511,1000,14,1,$
14,392,2000,1512,1512,1000,14,1,$
14,392,2000,1513,1513,1000,14,1,$
14,392,2000,1514,1514,1000,14,1,$
14,392,2000,1520,1520,1000,14,1,$
14,392,2000,153,153,1000,14,1,$
14,392,2000,1531,1531,1000,14,1,$
14,392,2000,1532,1532,1000,14,1,$
14,392,2000,1533,1533,1000,14,1,$
14,392,2000,154,154,1000,14,1,$
14,392,2000,1541,1541,1000,14,1,$
14,392,2000,1542,1542,1000,14,1,$
14,392,2000,1543,1543,1000,14,1,$
14,392,2000,1544,1544,1000,14,1,$
14,392,2000,1549,1549,1000,14,1,$
14,392,2000,155,155,1000,14,1,$
14,392,2000,1551,1551,1000,14,1,$
14,392,2000,1552,1552,1000,14,1,$
14,392,2000,1553,1553,1000,14,1,$
14,392,2000,1554,1554,1000,14,1,$
14,392,2000,1600,1600,1000,14,1,$
14,392,2000,171,171,1000,14,1,$
14,392,2000,1711,1711,1000,14,1,$
14,392,2000,1712,1712,1000,14,1,$
14,392,2000,172,172,1000,14,1,$
14,392,2000,1721,1721,1000,14,1,$
14,392,2000,1722,1722,1000,14,1,$
14,392,2000,1723,1723,1000,14,1,$
14,392,2000,1729,1729,1000,14,1,$
14,392,2000,1730,1730,1000,14,1,$
14,392,2000,1810,1810,1000,14,1,$
14,392,2000,1820,1820,1000,14,1,$
14,392,2000,191,191,1000,14,1,$
14,392,2000,1911,1911,1000,14,1,$
14,392,2000,1912,1912,1000,14,1,$
14,392,2000,1920,1920,1000,14,1,$
14,392,2000,2010,2010,1000,14,1,$
14,392,2000,202,202,1000,14,1,$
14,392,2000,2021,2021,1000,14,1,$
14,392,2000,2022,2022,1000,14,1,$
14,392,2000,2023,2023,1000,14,1,$
14,392,2000,2029,2029,1000,14,1,$
14,392,2000,210,210,1000,14,1,$
14,392,2000,2101,2101,1000,14,1,$
14,392,2000,2102,2102,1000,14,1,$
14,392,2000,2109,2109,1000,14,1,$
14,392,2000,221,221,1000,14,1,$
14,392,2000,2211,2211,1000,14,1,$
14,392,2000,2212,2212,1000,14,1,$
14,392,2000,2213,2213,NA,14,0,$
14,392,2000,2219,2219,NA,14,0,$
14,392,2000,222,222,1000,14,1,$
14,392,2000,2221,2221,1000,14,1,$
14,392,2000,2222,2222,1000,14,1,$
14,392,2000,2230,2230,1000,14,1,$
14,392,2000,2310,2310,1000,14,1,$
14,392,2000,2320,2320,1000,14,1,$
14,392,2000,2330,2330,1000,14,1,$
14,392,2000,241,241,1000,14,1,$
14,392,2000,2411,2411,1000,14,1,$
14,392,2000,2412,2412,1000,14,1,$
14,392,2000,2413,2413,1000,14,1,$
14,392,2000,242,242,1000,14,1,$
14,392,2000,2421,2421,1000,14,1,$
14,392,2000,2422,2422,1000,14,1,$
14,392,2000,2423,2423,1000,14,1,$
14,392,2000,2424,2424,1000,14,1,$
14,392,2000,2429,2429,1000,14,1,$
14,392,2000,2430,2430,1000,14,1,$
14,392,2000,251,251,1000,14,1,$
14,392,2000,2511,2511,1000,14,1,$
14,392,2000,2519,2519,1000,14,1,$
14,392,2000,2520,2520,1000,14,1,$
14,392,2000,2610,2610,1000,14,1,$
14,392,2000,269,269,1000,14,1,$
14,392,2000,2691,2691,1000,14,1,$
14,392,2000,2692,2692,1000,14,1,$
14,392,2000,2693,2693,1000,14,1,$
14,392,2000,2694,2694,1000,14,1,$
14,392,2000,2695,2695,1000,14,1,$
14,392,2000,2696,2696,1000,14,1,$
14,392,2000,2699,2699,1000,14,1,$
14,392,2000,2710,2710,1000,14,1,$
14,392,2000,2720,2720,1000,14,1,$
14,392,2000,273,273,1000,14,1,$
14,392,2000,2731,2731,1000,14,1,$
14,392,2000,2732,2732,1000,14,1,$
14,392,2000,281,281,1000,14,1,$
14,392,2000,2811,2811,1000,14,1,$
14,392,2000,2812,2812,1000,14,1,$
14,392,2000,2813,2813,1000,14,1,$
14,392,2000,289,289,1000,14,1,$
14,392,2000,2891,2891,1000,14,1,$
14,392,2000,2892,2892,1000,14,1,$
14,392,2000,2893,2893,1000,14,1,$
14,392,2000,2899,2899,1000,14,1,$
14,392,2000,291,291,1000,14,1,$
14,392,2000,2911,2911,1000,14,1,$
14,392,2000,2912,2912,1000,14,1,$
14,392,2000,2913,2913,1000,14,1,$
14,392,2000,2914,2914,1000,14,1,$
14,392,2000,2915,2915,1000,14,1,$
14,392,2000,2919,2919,1000,14,1,$
14,392,2000,292,292,1000,14,1,$
14,392,2000,2921,2921,1000,14,1,$
14,392,2000,2922,2922,1000,14,1,$
14,392,2000,2923,2923,1000,14,1,$
14,392,2000,2924,2924,1000,14,1,$
14,392,2000,2925,2925,NA,14,0,$
14,392,2000,2926,2926,1000,14,1,$
14,392,2000,2927,2927,1000,14,1,$
14,392,2000,2929,2929,1000,14,1,$
14,392,2000,2930,2930,1000,14,1,$
14,392,2000,3000,3000,1000,14,1,$
14,392,2000,3110,3110,1000,14,1,$
14,392,2000,3120,3120,1000,14,1,$
14,392,2000,3130,3130,1000,14,1,$
14,392,2000,3140,3140,1000,14,1,$
14,392,2000,3150,3150,1000,14,1,$
14,392,2000,3190,3190,1000,14,1,$
14,392,2000,3210,3210,1000,14,1,$
14,392,2000,3220,3220,1000,14,1,$
14,392,2000,3230,3230,1000,14,1,$
14,392,2000,331,331,1000,14,1,$
14,392,2000,3311,3311,1000,14,1,$
14,392,2000,3312,3312,1000,14,1,$
14,392,2000,3313,3313,1000,14,1,$
14,392,2000,3320,3320,1000,14,1,$
14,392,2000,3330,3330,1000,14,1,$
14,392,2000,3410,3410,1000,14,1,$
14,392,2000,3420,3420,1000,14,1,$
14,392,2000,3430,3430,1000,14,1,$
14,392,2000,351,351,1000,14,1,$
14,392,2000,3511,3511,1000,14,1,$
14,392,2000,3512,3512,NA,14,0,$
14,392,2000,3520,3520,1000,14,1,$
14,392,2000,3530,3530,1000,14,1,$
14,392,2000,359,359,1000,14,1,$
14,392,2000,3591,3591,NA,14,0,$
14,392,2000,3592,3592,1000,14,1,$
14,392,2000,3599,3599,1000,14,1,$
14,392,2000,3610,3610,1000,14,1,$
14,392,2000,369,369,1000,14,1,$
14,392,2000,3691,3691,1000,14,1,$
14,392,2000,3692,3692,1000,14,1,$
14,392,2000,3693,3693,1000,14,1,$
14,392,2000,3694,3694,1000,14,1,$
14,392,2000,3699,3699,1000,14,1,$
14,392,2000,3710,3710A,1000,14,1,$
14,392,2000,3720,3710A,NA,14,1,$
14,392,2001,151,151,1000,14,1,$
14,392,2001,1511,1511,1000,14,1,$
14,392,2001,1512,1512,1000,14,1,$
14,392,2001,1513,1513,1000,14,1,$
14,392,2001,1514,1514,1000,14,1,$
14,392,2001,1520,1520,1000,14,1,$
14,392,2001,153,153,1000,14,1,$
14,392,2001,1531,1531,1000,14,1,$
14,392,2001,1532,1532,1000,14,1,$
14,392,2001,1533,1533,1000,14,1,$
14,392,2001,154,154,1000,14,1,$
14,392,2001,1541,1541,1000,14,1,$
14,392,2001,1542,1542,1000,14,1,$
14,392,2001,1543,1543,1000,14,1,$
14,392,2001,1544,1544,1000,14,1,$
14,392,2001,1549,1549,1000,14,1,$
14,392,2001,155,155,1000,14,1,$
14,392,2001,1551,1551,1000,14,1,$
14,392,2001,1552,1552,1000,14,1,$
14,392,2001,1553,1553,1000,14,1,$
14,392,2001,1554,1554,1000,14,1,$
14,392,2001,1600,1600,1000,14,1,$
14,392,2001,171,171,1000,14,1,$
14,392,2001,1711,1711,1000,14,1,$
14,392,2001,1712,1712,1000,14,1,$
14,392,2001,172,172,1000,14,1,$
14,392,2001,1721,1721,1000,14,1,$
14,392,2001,1722,1722,1000,14,1,$
14,392,2001,1723,1723,1000,14,1,$
14,392,2001,1729,1729,1000,14,1,$
14,392,2001,1730,1730,1000,14,1,$
14,392,2001,1810,1810,1000,14,1,$
14,392,2001,1820,1820,1000,14,1,$
14,392,2001,191,191,1000,14,1,$
14,392,2001,1911,1911,1000,14,1,$
14,392,2001,1912,1912,1000,14,1,$
14,392,2001,1920,1920,1000,14,1,$
14,392,2001,2010,2010,1000,14,1,$
14,392,2001,202,202,1000,14,1,$
14,392,2001,2021,2021,1000,14,1,$
14,392,2001,2022,2022,1000,14,1,$
14,392,2001,2023,2023,1000,14,1,$
14,392,2001,2029,2029,1000,14,1,$
14,392,2001,210,210,1000,14,1,$
14,392,2001,2101,2101,1000,14,1,$
14,392,2001,2102,2102,1000,14,1,$
14,392,2001,2109,2109,1000,14,1,$
14,392,2001,221,221,NA,14,0,$
14,392,2001,2211,2211,NA,14,0,$
14,392,2001,2212,2212,NA,14,0,$
14,392,2001,2213,2213,NA,14,0,$
14,392,2001,2219,2219,NA,14,0,$
14,392,2001,222,222,1000,14,1,$
14,392,2001,2221,2221,1000,14,1,$
14,392,2001,2222,2222,1000,14,1,$
14,392,2001,2230,2230,1000,14,1,$
14,392,2001,2310,2310,1000,14,1,$
14,392,2001,2320,2320,1000,14,1,$
14,392,2001,2330,2330,1000,14,1,$
14,392,2001,241,241,1000,14,1,$
14,392,2001,2411,2411,1000,14,1,$
14,392,2001,2412,2412,1000,14,1,$
14,392,2001,2413,2413,1000,14,1,$
14,392,2001,242,242,1000,14,1,$
14,392,2001,2421,2421,1000,14,1,$
14,392,2001,2422,2422,1000,14,1,$
14,392,2001,2423,2423,1000,14,1,$
14,392,2001,2424,2424,1000,14,1,$
14,392,2001,2429,2429,1000,14,1,$
14,392,2001,2430,2430,1000,14,1,$
14,392,2001,251,251,1000,14,1,$
14,392,2001,2511,2511,1000,14,1,$
14,392,2001,2519,2519,1000,14,1,$
14,392,2001,2520,2520,1000,14,1,$
14,392,2001,2610,2610,1000,14,1,$
14,392,2001,269,269,1000,14,1,$
14,392,2001,2691,2691,1000,14,1,$
14,392,2001,2692,2692,1000,14,1,$
14,392,2001,2693,2693,1000,14,1,$
14,392,2001,2694,2694,1000,14,1,$
14,392,2001,2695,2695,1000,14,1,$
14,392,2001,2696,2696,1000,14,1,$
14,392,2001,2699,2699,1000,14,1,$
14,392,2001,2710,2710,1000,14,1,$
14,392,2001,2720,2720,1000,14,1,$
14,392,2001,273,273,1000,14,1,$
14,392,2001,2731,2731,1000,14,1,$
14,392,2001,2732,2732,1000,14,1,$
14,392,2001,281,281,1000,14,1,$
14,392,2001,2811,2811,1000,14,1,$
14,392,2001,2812,2812,1000,14,1,$
14,392,2001,2813,2813,1000,14,1,$
14,392,2001,289,289,1000,14,1,$
14,392,2001,2891,2891,1000,14,1,$
14,392,2001,2892,2892,1000,14,1,$
14,392,2001,2893,2893,1000,14,1,$
14,392,2001,2899,2899,1000,14,1,$
14,392,2001,291,291,1000,14,1,$
14,392,2001,2911,2911,1000,14,1,$
14,392,2001,2912,2912,1000,14,1,$
14,392,2001,2913,2913,1000,14,1,$
14,392,2001,2914,2914,1000,14,1,$
14,392,2001,2915,2915,1000,14,1,$
14,392,2001,2919,2919,1000,14,1,$
14,392,2001,292,292,1000,14,1,$
14,392,2001,2921,2921,1000,14,1,$
14,392,2001,2922,2922,1000,14,1,$
14,392,2001,2923,2923,1000,14,1,$
14,392,2001,2924,2924,1000,14,1,$
14,392,2001,2925,2925,1000,14,1,$
14,392,2001,2926,2926,1000,14,1,$
14,392,2001,2927,2927,1000,14,1,$
14,392,2001,2929,2929,1000,14,1,$
14,392,2001,2930,2930,1000,14,1,$
14,392,2001,3000,3000,1000,14,1,$
14,392,2001,3110,3110,1000,14,1,$
14,392,2001,3120,3120,1000,14,1,$
14,392,2001,3130,3130,1000,14,1,$
14,392,2001,3140,3140,1000,14,1,$
14,392,2001,3150,3150,1000,14,1,$
14,392,2001,3190,3190,1000,14,1,$
14,392,2001,3210,3210,1000,14,1,$
14,392,2001,3220,3220,1000,14,1,$
14,392,2001,3230,3230,1000,14,1,$
14,392,2001,331,331,1000,14,1,$
14,392,2001,3311,3311,1000,14,1,$
14,392,2001,3312,3312,1000,14,1,$
14,392,2001,3313,3313,1000,14,1,$
14,392,2001,3320,3320,1000,14,1,$
14,392,2001,3330,3330,1000,14,1,$
14,392,2001,3410,3410,1000,14,1,$
14,392,2001,3420,3420,1000,14,1,$
14,392,2001,3430,3430,1000,14,1,$
14,392,2001,351,351,1000,14,1,$
14,392,2001,3511,3511,1000,14,1,$
14,392,2001,3512,3512,NA,14,0,$
14,392,2001,3520,3520,1000,14,1,$
14,392,2001,3530,3530,1000,14,1,$
14,392,2001,359,359,1000,14,1,$
14,392,2001,3591,3591,NA,14,0,$
14,392,2001,3592,3592,1000,14,1,$
14,392,2001,3599,3599,1000,14,1,$
14,392,2001,3610,3610,1000,14,1,$
14,392,2001,369,369,1000,14,1,$
14,392,2001,3691,3691,1000,14,1,$
14,392,2001,3692,3692,1000,14,1,$
14,392,2001,3693,3693,1000,14,1,$
14,392,2001,3694,3694,1000,14,1,$
14,392,2001,3699,3699,1000,14,1,$
14,392,2001,3710,3710A,1000,14,1,$
14,392,2001,3720,3710A,NA,14,1,$
14,392,2002,151,151,1000,14,1,$
14,392,2002,1511,1511,1000,14,1,$
14,392,2002,1512,1512,1000,14,1,$
14,392,2002,1513,1513,1000,14,1,$
14,392,2002,1514,1514,1000,14,1,$
14,392,2002,1520,1520,1000,14,1,$
14,392,2002,153,153,1000,14,1,$
14,392,2002,1531,1531,1000,14,1,$
14,392,2002,1532,1532,1000,14,1,$
14,392,2002,1533,1533,1000,14,1,$
14,392,2002,154,154,1000,14,1,$
14,392,2002,1541,1541,1000,14,1,$
14,392,2002,1542,1542,1000,14,1,$
14,392,2002,1543,1543,1000,14,1,$
14,392,2002,1544,1544,1000,14,1,$
14,392,2002,1549,1549,1000,14,1,$
14,392,2002,155,155,1000,14,1,$
14,392,2002,1551,1551,1000,14,1,$
14,392,2002,1552,1552,1000,14,1,$
14,392,2002,1553,1553,1000,14,1,$
14,392,2002,1554,1554,1000,14,1,$
14,392,2002,1600,1600,1000,14,1,$
14,392,2002,171,171,1000,14,1,$
14,392,2002,1711,1711,1000,14,1,$
14,392,2002,1712,1712,1000,14,1,$
14,392,2002,172,172,1000,14,1,$
14,392,2002,1721,1721,1000,14,1,$
14,392,2002,1722,1722,1000,14,1,$
14,392,2002,1723,1723,1000,14,1,$
14,392,2002,1729,1729,1000,14,1,$
14,392,2002,1730,1730,1000,14,1,$
14,392,2002,1810,1810,1000,14,1,$
14,392,2002,1820,1820,1000,14,1,$
14,392,2002,191,191,1000,14,1,$
14,392,2002,1911,1911,1000,14,1,$
14,392,2002,1912,1912,1000,14,1,$
14,392,2002,1920,1920,1000,14,1,$
14,392,2002,2010,2010,1000,14,1,$
14,392,2002,202,202,1000,14,1,$
14,392,2002,2021,2021,1000,14,1,$
14,392,2002,2022,2022,1000,14,1,$
14,392,2002,2023,2023,1000,14,1,$
14,392,2002,2029,2029,1000,14,1,$
14,392,2002,210,210,1000,14,1,$
14,392,2002,2101,2101,1000,14,1,$
14,392,2002,2102,2102,1000,14,1,$
14,392,2002,2109,2109,1000,14,1,$
14,392,2002,221,221,NA,14,0,$
14,392,2002,2211,2211,NA,14,0,$
14,392,2002,2212,2212,NA,14,0,$
14,392,2002,2213,2213,NA,14,0,$
14,392,2002,2219,2219,NA,14,0,$
14,392,2002,222,222,1000,14,1,$
14,392,2002,2221,2221,1000,14,1,$
14,392,2002,2222,2222,1000,14,1,$
14,392,2002,2230,2230,1000,14,1,$
14,392,2002,2310,2310,1000,14,1,$
14,392,2002,2320,2320,1000,14,1,$
14,392,2002,2330,2330,1000,14,1,$
14,392,2002,241,241,1000,14,1,$
14,392,2002,2411,2411,1000,14,1,$
14,392,2002,2412,2412,1000,14,1,$
14,392,2002,2413,2413,1000,14,1,$
14,392,2002,242,242,1000,14,1,$
14,392,2002,2421,2421,1000,14,1,$
14,392,2002,2422,2422,1000,14,1,$
14,392,2002,2423,2423,1000,14,1,$
14,392,2002,2424,2424,1000,14,1,$
14,392,2002,2429,2429,1000,14,1,$
14,392,2002,2430,2430,1000,14,1,$
14,392,2002,251,251,1000,14,1,$
14,392,2002,2511,2511,1000,14,1,$
14,392,2002,2519,2519,1000,14,1,$
14,392,2002,2520,2520,1000,14,1,$
14,392,2002,2610,2610,1000,14,1,$
14,392,2002,269,269,1000,14,1,$
14,392,2002,2691,2691,1000,14,1,$
14,392,2002,2692,2692,1000,14,1,$
14,392,2002,2693,2693,1000,14,1,$
14,392,2002,2694,2694,1000,14,1,$
14,392,2002,2695,2695,1000,14,1,$
14,392,2002,2696,2696,1000,14,1,$
14,392,2002,2699,2699,1000,14,1,$
14,392,2002,2710,2710,1000,14,1,$
14,392,2002,2720,2720,1000,14,1,$
14,392,2002,273,273,1000,14,1,$
14,392,2002,2731,2731,1000,14,1,$
14,392,2002,2732,2732,1000,14,1,$
14,392,2002,281,281,1000,14,1,$
14,392,2002,2811,2811,1000,14,1,$
14,392,2002,2812,2812,1000,14,1,$
14,392,2002,2813,2813,1000,14,1,$
14,392,2002,289,289,1000,14,1,$
14,392,2002,2891,2891,1000,14,1,$
14,392,2002,2892,2892,1000,14,1,$
14,392,2002,2893,2893,1000,14,1,$
14,392,2002,2899,2899,1000,14,1,$
14,392,2002,291,291,1000,14,1,$
14,392,2002,2911,2911,1000,14,1,$
14,392,2002,2912,2912,1000,14,1,$
14,392,2002,2913,2913,1000,14,1,$
14,392,2002,2914,2914,1000,14,1,$
14,392,2002,2915,2915,1000,14,1,$
14,392,2002,2919,2919,1000,14,1,$
14,392,2002,292,292,1000,14,1,$
14,392,2002,2921,2921,1000,14,1,$
14,392,2002,2922,2922,1000,14,1,$
14,392,2002,2923,2923,1000,14,1,$
14,392,2002,2924,2924,1000,14,1,$
14,392,2002,2925,2925,1000,14,1,$
14,392,2002,2926,2926,1000,14,1,$
14,392,2002,2927,2927,1000,14,1,$
14,392,2002,2929,2929,1000,14,1,$
14,392,2002,2930,2930,1000,14,1,$
14,392,2002,3000,3000,1000,14,1,$
14,392,2002,3110,3110,1000,14,1,$
14,392,2002,3120,3120,1000,14,1,$
14,392,2002,3130,3130,1000,14,1,$
14,392,2002,3140,3140,1000,14,1,$
14,392,2002,3150,3150,1000,14,1,$
14,392,2002,3190,3190,1000,14,1,$
14,392,2002,3210,3210,1000,14,1,$
14,392,2002,3220,3220,1000,14,1,$
14,392,2002,3230,3230,1000,14,1,$
14,392,2002,331,331,1000,14,1,$
14,392,2002,3311,3311,1000,14,1,$
14,392,2002,3312,3312,1000,14,1,$
14,392,2002,3313,3313,1000,14,1,$
14,392,2002,3320,3320,1000,14,1,$
14,392,2002,3330,3330,1000,14,1,$
14,392,2002,3410,3410,1000,14,1,$
14,392,2002,3420,3420,1000,14,1,$
14,392,2002,3430,3430,1000,14,1,$
14,392,2002,351,351,1000,14,1,$
14,392,2002,3511,3511,1000,14,1,$
14,392,2002,3512,3512,NA,14,0,$
14,392,2002,3520,3520,1000,14,1,$
14,392,2002,3530,3530,1000,14,1,$
14,392,2002,359,359,1000,14,1,$
14,392,2002,3591,3591,NA,14,0,$
14,392,2002,3592,3592,1000,14,1,$
14,392,2002,3599,3599,1000,14,1,$
14,392,2002,3610,3610,1000,14,1,$
14,392,2002,369,369,1000,14,1,$
14,392,2002,3691,3691,1000,14,1,$
14,392,2002,3692,3692,1000,14,1,$
14,392,2002,3693,3693,1000,14,1,$
14,392,2002,3694,3694,1000,14,1,$
14,392,2002,3699,3699,1000,14,1,$
14,392,2002,3710,3710A,1000,14,1,$
14,392,2002,3720,3710A,NA,14,1,$
14,392,2003,151,151,1000,14,1,$
14,392,2003,1511,1511,1000,14,1,$
14,392,2003,1512,1512,1000,14,1,$
14,392,2003,1513,1513,1000,14,1,$
14,392,2003,1514,1514,1000,14,1,$
14,392,2003,1520,1520,1000,14,1,$
14,392,2003,153,153,1000,14,1,$
14,392,2003,1531,1531,1000,14,1,$
14,392,2003,1532,1532,1000,14,1,$
14,392,2003,1533,1533,1000,14,1,$
14,392,2003,154,154,1000,14,1,$
14,392,2003,1541,1541,1000,14,1,$
14,392,2003,1542,1542,1000,14,1,$
14,392,2003,1543,1543,1000,14,1,$
14,392,2003,1544,1544,1000,14,1,$
14,392,2003,1549,1549,1000,14,1,$
14,392,2003,155,155,1000,14,1,$
14,392,2003,1551,1551,1000,14,1,$
14,392,2003,1552,1552,1000,14,1,$
14,392,2003,1553,1553,1000,14,1,$
14,392,2003,1554,1554,1000,14,1,$
14,392,2003,1600,1600,1000,14,1,$
14,392,2003,171,171,1000,14,1,$
14,392,2003,1711,1711,1000,14,1,$
14,392,2003,1712,1712,1000,14,1,$
14,392,2003,172,172,1000,14,1,$
14,392,2003,1721,1721,1000,14,1,$
14,392,2003,1722,1722,1000,14,1,$
14,392,2003,1723,1723,1000,14,1,$
14,392,2003,1729,1729,1000,14,1,$
14,392,2003,1730,1730,1000,14,1,$
14,392,2003,1810,1810,1000,14,1,$
14,392,2003,1820,1820,1000,14,1,$
14,392,2003,191,191,1000,14,1,$
14,392,2003,1911,1911,1000,14,1,$
14,392,2003,1912,1912,1000,14,1,$
14,392,2003,1920,1920,1000,14,1,$
14,392,2003,2010,2010,1000,14,1,$
14,392,2003,202,202,1000,14,1,$
14,392,2003,2021,2021,1000,14,1,$
14,392,2003,2022,2022,1000,14,1,$
14,392,2003,2023,2023,1000,14,1,$
14,392,2003,2029,2029,1000,14,1,$
14,392,2003,210,210,1000,14,1,$
14,392,2003,2101,2101,1000,14,1,$
14,392,2003,2102,2102,1000,14,1,$
14,392,2003,2109,2109,1000,14,1,$
14,392,2003,221,221,NA,14,0,$
14,392,2003,2211,2211,NA,14,0,$
14,392,2003,2212,2212,NA,14,0,$
14,392,2003,2213,2213,NA,14,0,$
14,392,2003,2219,2219,NA,14,0,$
14,392,2003,222,222,1000,14,1,$
14,392,2003,2221,2221,1000,14,1,$
14,392,2003,2222,2222,1000,14,1,$
14,392,2003,2230,2230,1000,14,1,$
14,392,2003,2310,2310,1000,14,1,$
14,392,2003,2320,2320,1000,14,1,$
14,392,2003,2330,2330,1000,14,1,$
14,392,2003,241,241,1000,14,1,$
14,392,2003,2411,2411,1000,14,1,$
14,392,2003,2412,2412,1000,14,1,$
14,392,2003,2413,2413,1000,14,1,$
14,392,2003,242,242,1000,14,1,$
14,392,2003,2421,2421,1000,14,1,$
14,392,2003,2422,2422,1000,14,1,$
14,392,2003,2423,2423,1000,14,1,$
14,392,2003,2424,2424,1000,14,1,$
14,392,2003,2429,2429,1000,14,1,$
14,392,2003,2430,2430,1000,14,1,$
14,392,2003,251,251,1000,14,1,$
14,392,2003,2511,2511,1000,14,1,$
14,392,2003,2519,2519,1000,14,1,$
14,392,2003,2520,2520,1000,14,1,$
14,392,2003,2610,2610,1000,14,1,$
14,392,2003,269,269,1000,14,1,$
14,392,2003,2691,2691,1000,14,1,$
14,392,2003,2692,2692,1000,14,1,$
14,392,2003,2693,2693,1000,14,1,$
14,392,2003,2694,2694,1000,14,1,$
14,392,2003,2695,2695,1000,14,1,$
14,392,2003,2696,2696,1000,14,1,$
14,392,2003,2699,2699,1000,14,1,$
14,392,2003,2710,2710,1000,14,1,$
14,392,2003,2720,2720,1000,14,1,$
14,392,2003,273,273,1000,14,1,$
14,392,2003,2731,2731,1000,14,1,$
14,392,2003,2732,2732,1000,14,1,$
14,392,2003,281,281,1000,14,1,$
14,392,2003,2811,2811,1000,14,1,$
14,392,2003,2812,2812,1000,14,1,$
14,392,2003,2813,2813,1000,14,1,$
14,392,2003,289,289,1000,14,1,$
14,392,2003,2891,2891,1000,14,1,$
14,392,2003,2892,2892,1000,14,1,$
14,392,2003,2893,2893,1000,14,1,$
14,392,2003,2899,2899,1000,14,1,$
14,392,2003,291,291,1000,14,1,$
14,392,2003,2911,2911,1000,14,1,$
14,392,2003,2912,2912,1000,14,1,$
14,392,2003,2913,2913,1000,14,1,$
14,392,2003,2914,2914,1000,14,1,$
14,392,2003,2915,2915,1000,14,1,$
14,392,2003,2919,2919,1000,14,1,$
14,392,2003,292,292,1000,14,1,$
14,392,2003,2921,2921,1000,14,1,$
14,392,2003,2922,2922,1000,14,1,$
14,392,2003,2923,2923,1000,14,1,$
14,392,2003,2924,2924,1000,14,1,$
14,392,2003,2925,2925,1000,14,1,$
14,392,2003,2926,2926,1000,14,1,$
14,392,2003,2927,2927,1000,14,1,$
14,392,2003,2929,2929,1000,14,1,$
14,392,2003,2930,2930,1000,14,1,$
14,392,2003,3000,3000,1000,14,1,$
14,392,2003,3110,3110,1000,14,1,$
14,392,2003,3120,3120,1000,14,1,$
14,392,2003,3130,3130,1000,14,1,$
14,392,2003,3140,3140,1000,14,1,$
14,392,2003,3150,3150,1000,14,1,$
14,392,2003,3190,3190,1000,14,1,$
14,392,2003,3210,3210,1000,14,1,$
14,392,2003,3220,3220,1000,14,1,$
14,392,2003,3230,3230,1000,14,1,$
14,392,2003,331,331,1000,14,1,$
14,392,2003,3311,3311,1000,14,1,$
14,392,2003,3312,3312,1000,14,1,$
14,392,2003,3313,3313,1000,14,1,$
14,392,2003,3320,3320,1000,14,1,$
14,392,2003,3330,3330,1000,14,1,$
14,392,2003,3410,3410,1000,14,1,$
14,392,2003,3420,3420,1000,14,1,$
14,392,2003,3430,3430,1000,14,1,$
14,392,2003,351,351,1000,14,1,$
14,392,2003,3511,3511,1000,14,1,$
14,392,2003,3512,3512,NA,14,0,$
14,392,2003,3520,3520,1000,14,1,$
14,392,2003,3530,3530,1000,14,1,$
14,392,2003,359,359,1000,14,1,$
14,392,2003,3591,3591,NA,14,0,$
14,392,2003,3592,3592,1000,14,1,$
14,392,2003,3599,3599,1000,14,1,$
14,392,2003,3610,3610,1000,14,1,$
14,392,2003,369,369,1000,14,1,$
14,392,2003,3691,3691,1000,14,1,$
14,392,2003,3692,3692,1000,14,1,$
14,392,2003,3693,3693,1000,14,1,$
14,392,2003,3694,3694,1000,14,1,$
14,392,2003,3699,3699,1000,14,1,$
14,392,2003,3710,3710A,1000,14,1,$
14,392,2003,3720,3710A,NA,14,1,$
14,392,2004,151,151,1000,14,1,$
14,392,2004,1511,1511,1000,14,1,$
14,392,2004,1512,1512,1000,14,1,$
14,392,2004,1513,1513,1000,14,1,$
14,392,2004,1514,1514,1000,14,1,$
14,392,2004,1520,1520,1000,14,1,$
14,392,2004,153,153,1000,14,1,$
14,392,2004,1531,1531,1000,14,1,$
14,392,2004,1532,1532,1000,14,1,$
14,392,2004,1533,1533,1000,14,1,$
14,392,2004,154,154,1000,14,1,$
14,392,2004,1541,1541,1000,14,1,$
14,392,2004,1542,1542,1000,14,1,$
14,392,2004,1543,1543,1000,14,1,$
14,392,2004,1544,1544,1000,14,1,$
14,392,2004,1549,1549,1000,14,1,$
14,392,2004,155,155,1000,14,1,$
14,392,2004,1551,1551,1000,14,1,$
14,392,2004,1552,1552,1000,14,1,$
14,392,2004,1553,1553,1000,14,1,$
14,392,2004,1554,1554,1000,14,1,$
14,392,2004,1600,1600,1000,14,1,$
14,392,2004,171,171,1000,14,1,$
14,392,2004,1711,1711,1000,14,1,$
14,392,2004,1712,1712,1000,14,1,$
14,392,2004,172,172,1000,14,1,$
14,392,2004,1721,1721,1000,14,1,$
14,392,2004,1722,1722,1000,14,1,$
14,392,2004,1723,1723,1000,14,1,$
14,392,2004,1729,1729,1000,14,1,$
14,392,2004,1730,1730,1000,14,1,$
14,392,2004,1810,1810,1000,14,1,$
14,392,2004,1820,1820,1000,14,1,$
14,392,2004,191,191,1000,14,1,$
14,392,2004,1911,1911,1000,14,1,$
14,392,2004,1912,1912,1000,14,1,$
14,392,2004,1920,1920,1000,14,1,$
14,392,2004,2010,2010,1000,14,1,$
14,392,2004,202,202,1000,14,1,$
14,392,2004,2021,2021,1000,14,1,$
14,392,2004,2022,2022,1000,14,1,$
14,392,2004,2023,2023,1000,14,1,$
14,392,2004,2029,2029,1000,14,1,$
14,392,2004,210,210,1000,14,1,$
14,392,2004,2101,2101,1000,14,1,$
14,392,2004,2102,2102,1000,14,1,$
14,392,2004,2109,2109,1000,14,1,$
14,392,2004,221,221,NA,14,0,$
14,392,2004,2211,2211,NA,14,0,$
14,392,2004,2212,2212,NA,14,0,$
14,392,2004,2213,2213,NA,14,0,$
14,392,2004,2219,2219,NA,14,0,$
14,392,2004,222,222,1000,14,1,$
14,392,2004,2221,2221,1000,14,1,$
14,392,2004,2222,2222,1000,14,1,$
14,392,2004,2230,2230,1000,14,1,$
14,392,2004,2310,2310,1000,14,1,$
14,392,2004,2320,2320,1000,14,1,$
14,392,2004,2330,2330,1000,14,1,$
14,392,2004,241,241,1000,14,1,$
14,392,2004,2411,2411,1000,14,1,$
14,392,2004,2412,2412,1000,14,1,$
14,392,2004,2413,2413,1000,14,1,$
14,392,2004,242,242,1000,14,1,$
14,392,2004,2421,2421,1000,14,1,$
14,392,2004,2422,2422,1000,14,1,$
14,392,2004,2423,2423,1000,14,1,$
14,392,2004,2424,2424,1000,14,1,$
14,392,2004,2429,2429,1000,14,1,$
14,392,2004,2430,2430,1000,14,1,$
14,392,2004,251,251,1000,14,1,$
14,392,2004,2511,2511,1000,14,1,$
14,392,2004,2519,2519,1000,14,1,$
14,392,2004,2520,2520,1000,14,1,$
14,392,2004,2610,2610,1000,14,1,$
14,392,2004,269,269,1000,14,1,$
14,392,2004,2691,2691,1000,14,1,$
14,392,2004,2692,2692,1000,14,1,$
14,392,2004,2693,2693,1000,14,1,$
14,392,2004,2694,2694,1000,14,1,$
14,392,2004,2695,2695,1000,14,1,$
14,392,2004,2696,2696,1000,14,1,$
14,392,2004,2699,2699,1000,14,1,$
14,392,2004,2710,2710,1000,14,1,$
14,392,2004,2720,2720,1000,14,1,$
14,392,2004,273,273,1000,14,1,$
14,392,2004,2731,2731,1000,14,1,$
14,392,2004,2732,2732,1000,14,1,$
14,392,2004,281,281,1000,14,1,$
14,392,2004,2811,2811,1000,14,1,$
14,392,2004,2812,2812,1000,14,1,$
14,392,2004,2813,2813,1000,14,1,$
14,392,2004,289,289,1000,14,1,$
14,392,2004,2891,2891,1000,14,1,$
14,392,2004,2892,2892,1000,14,1,$
14,392,2004,2893,2893,1000,14,1,$
14,392,2004,2899,2899,1000,14,1,$
14,392,2004,291,291,1000,14,1,$
14,392,2004,2911,2911,1000,14,1,$
14,392,2004,2912,2912,1000,14,1,$
14,392,2004,2913,2913,1000,14,1,$
14,392,2004,2914,2914,1000,14,1,$
14,392,2004,2915,2915,1000,14,1,$
14,392,2004,2919,2919,1000,14,1,$
14,392,2004,292,292,1000,14,1,$
14,392,2004,2921,2921,1000,14,1,$
14,392,2004,2922,2922,1000,14,1,$
14,392,2004,2923,2923,1000,14,1,$
14,392,2004,2924,2924,1000,14,1,$
14,392,2004,2925,2925,1000,14,1,$
14,392,2004,2926,2926,1000,14,1,$
14,392,2004,2927,2927,1000,14,1,$
14,392,2004,2929,2929,1000,14,1,$
14,392,2004,2930,2930,1000,14,1,$
14,392,2004,3000,3000,1000,14,1,$
14,392,2004,3110,3110,1000,14,1,$
14,392,2004,3120,3120,1000,14,1,$
14,392,2004,3130,3130,1000,14,1,$
14,392,2004,3140,3140,1000,14,1,$
14,392,2004,3150,3150,1000,14,1,$
14,392,2004,3190,3190,1000,14,1,$
14,392,2004,3210,3210,1000,14,1,$
14,392,2004,3220,3220,1000,14,1,$
14,392,2004,3230,3230,1000,14,1,$
14,392,2004,331,331,1000,14,1,$
14,392,2004,3311,3311,1000,14,1,$
14,392,2004,3312,3312,1000,14,1,$
14,392,2004,3313,3313,1000,14,1,$
14,392,2004,3320,3320,1000,14,1,$
14,392,2004,3330,3330,1000,14,1,$
14,392,2004,3410,3410,1000,14,1,$
14,392,2004,3420,3420,1000,14,1,$
14,392,2004,3430,3430,1000,14,1,$
14,392,2004,351,351,1000,14,1,$
14,392,2004,3511,3511,1000,14,1,$
14,392,2004,3512,3512,NA,14,0,$
14,392,2004,3520,3520,1000,14,1,$
14,392,2004,3530,3530,1000,14,1,$
14,392,2004,359,359,1000,14,1,$
14,392,2004,3591,3591,NA,14,0,$
14,392,2004,3592,3592,1000,14,1,$
14,392,2004,3599,3599,1000,14,1,$
14,392,2004,3610,3610,1000,14,1,$
14,392,2004,369,369,1000,14,1,$
14,392,2004,3691,3691,1000,14,1,$
14,392,2004,3692,3692,1000,14,1,$
14,392,2004,3693,3693,1000,14,1,$
14,392,2004,3694,3694,1000,14,1,$
14,392,2004,3699,3699,1000,14,1,$
14,392,2004,3710,3710A,1000,14,1,$
14,392,2004,3720,3710A,NA,14,1,$
14,392,2005,151,151,1000,14,1,$
14,392,2005,1511,1511,1000,14,1,$
14,392,2005,1512,1512,1000,14,1,$
14,392,2005,1513,1513,1000,14,1,$
14,392,2005,1514,1514,1000,14,1,$
14,392,2005,1520,1520,1000,14,1,$
14,392,2005,153,153,1000,14,1,$
14,392,2005,1531,1531,1000,14,1,$
14,392,2005,1532,1532,1000,14,1,$
14,392,2005,1533,1533,1000,14,1,$
14,392,2005,154,154,1000,14,1,$
14,392,2005,1541,1541,1000,14,1,$
14,392,2005,1542,1542,1000,14,1,$
14,392,2005,1543,1543,1000,14,1,$
14,392,2005,1544,1544,1000,14,1,$
14,392,2005,1549,1549,1000,14,1,$
14,392,2005,155,155,1000,14,1,$
14,392,2005,1551,1551,1000,14,1,$
14,392,2005,1552,1552,1000,14,1,$
14,392,2005,1553,1553,1000,14,1,$
14,392,2005,1554,1554,1000,14,1,$
14,392,2005,1600,1600,1000,14,1,$
14,392,2005,171,171,1000,14,1,$
14,392,2005,1711,1711,1000,14,1,$
14,392,2005,1712,1712,1000,14,1,$
14,392,2005,172,172,1000,14,1,$
14,392,2005,1721,1721,1000,14,1,$
14,392,2005,1722,1722,1000,14,1,$
14,392,2005,1723,1723,1000,14,1,$
14,392,2005,1729,1729,1000,14,1,$
14,392,2005,1730,1730,1000,14,1,$
14,392,2005,1810,1810,1000,14,1,$
14,392,2005,1820,1820,1000,14,1,$
14,392,2005,191,191,1000,14,1,$
14,392,2005,1911,1911,1000,14,1,$
14,392,2005,1912,1912,1000,14,1,$
14,392,2005,1920,1920,1000,14,1,$
14,392,2005,2010,2010,1000,14,1,$
14,392,2005,202,202,1000,14,1,$
14,392,2005,2021,2021,1000,14,1,$
14,392,2005,2022,2022,1000,14,1,$
14,392,2005,2023,2023,1000,14,1,$
14,392,2005,2029,2029,1000,14,1,$
14,392,2005,210,210,1000,14,1,$
14,392,2005,2101,2101,1000,14,1,$
14,392,2005,2102,2102,1000,14,1,$
14,392,2005,2109,2109,1000,14,1,$
14,392,2005,221,221,NA,14,0,$
14,392,2005,2211,2211,NA,14,0,$
14,392,2005,2212,2212,NA,14,0,$
14,392,2005,2213,2213,NA,14,0,$
14,392,2005,2219,2219,NA,14,0,$
14,392,2005,222,222,1000,14,1,$
14,392,2005,2221,2221,1000,14,1,$
14,392,2005,2222,2222,1000,14,1,$
14,392,2005,2230,2230,1000,14,1,$
14,392,2005,2310,2310,1000,14,1,$
14,392,2005,2320,2320,1000,14,1,$
14,392,2005,2330,2330,1000,14,1,$
14,392,2005,241,241,1000,14,1,$
14,392,2005,2411,2411,1000,14,1,$
14,392,2005,2412,2412,1000,14,1,$
14,392,2005,2413,2413,1000,14,1,$
14,392,2005,242,242,1000,14,1,$
14,392,2005,2421,2421,1000,14,1,$
14,392,2005,2422,2422,1000,14,1,$
14,392,2005,2423,2423,1000,14,1,$
14,392,2005,2424,2424,1000,14,1,$
14,392,2005,2429,2429,1000,14,1,$
14,392,2005,2430,2430,1000,14,1,$
14,392,2005,251,251,1000,14,1,$
14,392,2005,2511,2511,1000,14,1,$
14,392,2005,2519,2519,1000,14,1,$
14,392,2005,2520,2520,1000,14,1,$
14,392,2005,2610,2610,1000,14,1,$
14,392,2005,269,269,1000,14,1,$
14,392,2005,2691,2691,1000,14,1,$
14,392,2005,2692,2692,1000,14,1,$
14,392,2005,2693,2693,1000,14,1,$
14,392,2005,2694,2694,1000,14,1,$
14,392,2005,2695,2695,1000,14,1,$
14,392,2005,2696,2696,1000,14,1,$
14,392,2005,2699,2699,1000,14,1,$
14,392,2005,2710,2710,1000,14,1,$
14,392,2005,2720,2720,1000,14,1,$
14,392,2005,273,273,1000,14,1,$
14,392,2005,2731,2731,1000,14,1,$
14,392,2005,2732,2732,1000,14,1,$
14,392,2005,281,281,1000,14,1,$
14,392,2005,2811,2811,1000,14,1,$
14,392,2005,2812,2812,1000,14,1,$
14,392,2005,2813,2813,1000,14,1,$
14,392,2005,289,289,1000,14,1,$
14,392,2005,2891,2891,1000,14,1,$
14,392,2005,2892,2892,1000,14,1,$
14,392,2005,2893,2893,1000,14,1,$
14,392,2005,2899,2899,1000,14,1,$
14,392,2005,291,291,1000,14,1,$
14,392,2005,2911,2911,1000,14,1,$
14,392,2005,2912,2912,1000,14,1,$
14,392,2005,2913,2913,1000,14,1,$
14,392,2005,2914,2914,1000,14,1,$
14,392,2005,2915,2915,1000,14,1,$
14,392,2005,2919,2919,1000,14,1,$
14,392,2005,292,292,1000,14,1,$
14,392,2005,2921,2921,1000,14,1,$
14,392,2005,2922,2922,1000,14,1,$
14,392,2005,2923,2923,1000,14,1,$
14,392,2005,2924,2924,1000,14,1,$
14,392,2005,2925,2925,1000,14,1,$
14,392,2005,2926,2926,1000,14,1,$
14,392,2005,2927,2927,1000,14,1,$
14,392,2005,2929,2929,1000,14,1,$
14,392,2005,2930,2930,1000,14,1,$
14,392,2005,3000,3000,1000,14,1,$
14,392,2005,3110,3110,1000,14,1,$
14,392,2005,3120,3120,1000,14,1,$
14,392,2005,3130,3130,1000,14,1,$
14,392,2005,3140,3140,1000,14,1,$
14,392,2005,3150,3150,1000,14,1,$
14,392,2005,3190,3190,1000,14,1,$
14,392,2005,3210,3210,1000,14,1,$
14,392,2005,3220,3220,1000,14,1,$
14,392,2005,3230,3230,1000,14,1,$
14,392,2005,331,331,1000,14,1,$
14,392,2005,3311,3311,1000,14,1,$
14,392,2005,3312,3312,1000,14,1,$
14,392,2005,3313,3313,1000,14,1,$
14,392,2005,3320,3320,1000,14,1,$
14,392,2005,3330,3330,1000,14,1,$
14,392,2005,3410,3410,1000,14,1,$
14,392,2005,3420,3420,1000,14,1,$
14,392,2005,3430,3430,1000,14,1,$
14,392,2005,351,351,1000,14,1,$
14,392,2005,3511,3511,1000,14,1,$
14,392,2005,3512,3512,NA,14,0,$
14,392,2005,3520,3520,1000,14,1,$
14,392,2005,3530,3530,1000,14,1,$
14,392,2005,359,359,1000,14,1,$
14,392,2005,3591,3591,NA,14,0,$
14,392,2005,3592,3592,1000,14,1,$
14,392,2005,3599,3599,1000,14,1,$
14,392,2005,3610,3610,1000,14,1,$
14,392,2005,369,369,1000,14,1,$
14,392,2005,3691,3691,1000,14,1,$
14,392,2005,3692,3692,1000,14,1,$
14,392,2005,3693,3693,1000,14,1,$
14,392,2005,3694,3694,1000,14,1,$
14,392,2005,3699,3699,1000,14,1,$
14,392,2005,3710,3710A,1000,14,1,$
14,392,2005,3720,3710A,NA,14,1,$
14,392,2006,151,151,1000,14,1,$
14,392,2006,1511,1511,1000,14,1,$
14,392,2006,1512,1512,1000,14,1,$
14,392,2006,1513,1513,1000,14,1,$
14,392,2006,1514,1514,1000,14,1,$
14,392,2006,1520,1520,1000,14,1,$
14,392,2006,153,153,1000,14,1,$
14,392,2006,1531,1531,1000,14,1,$
14,392,2006,1532,1532,1000,14,1,$
14,392,2006,1533,1533,1000,14,1,$
14,392,2006,154,154,1000,14,1,$
14,392,2006,1541,1541,1000,14,1,$
14,392,2006,1542,1542,1000,14,1,$
14,392,2006,1543,1543,1000,14,1,$
14,392,2006,1544,1544,1000,14,1,$
14,392,2006,1549,1549,1000,14,1,$
14,392,2006,155,155,1000,14,1,$
14,392,2006,1551,1551,1000,14,1,$
14,392,2006,1552,1552,1000,14,1,$
14,392,2006,1553,1553,1000,14,1,$
14,392,2006,1554,1554,1000,14,1,$
14,392,2006,1600,1600,1000,14,1,$
14,392,2006,171,171,1000,14,1,$
14,392,2006,1711,1711,1000,14,1,$
14,392,2006,1712,1712,1000,14,1,$
14,392,2006,172,172,1000,14,1,$
14,392,2006,1721,1721,1000,14,1,$
14,392,2006,1722,1722,1000,14,1,$
14,392,2006,1723,1723,1000,14,1,$
14,392,2006,1729,1729,1000,14,1,$
14,392,2006,1730,1730,1000,14,1,$
14,392,2006,1810,1810,1000,14,1,$
14,392,2006,1820,1820,1000,14,1,$
14,392,2006,191,191,1000,14,1,$
14,392,2006,1911,1911,1000,14,1,$
14,392,2006,1912,1912,1000,14,1,$
14,392,2006,1920,1920,1000,14,1,$
14,392,2006,2010,2010,1000,14,1,$
14,392,2006,202,202,1000,14,1,$
14,392,2006,2021,2021,1000,14,1,$
14,392,2006,2022,2022,1000,14,1,$
14,392,2006,2023,2023,1000,14,1,$
14,392,2006,2029,2029,1000,14,1,$
14,392,2006,210,210,1000,14,1,$
14,392,2006,2101,2101,1000,14,1,$
14,392,2006,2102,2102,1000,14,1,$
14,392,2006,2109,2109,1000,14,1,$
14,392,2006,221,221,NA,14,0,$
14,392,2006,2211,2211,NA,14,0,$
14,392,2006,2212,2212,NA,14,0,$
14,392,2006,2213,2213,NA,14,0,$
14,392,2006,2219,2219,NA,14,0,$
14,392,2006,222,222,1000,14,1,$
14,392,2006,2221,2221,1000,14,1,$
14,392,2006,2222,2222,1000,14,1,$
14,392,2006,2230,2230,1000,14,1,$
14,392,2006,2310,2310,1000,14,1,$
14,392,2006,2320,2320,1000,14,1,$
14,392,2006,2330,2330,1000,14,1,$
14,392,2006,241,241,1000,14,1,$
14,392,2006,2411,2411,1000,14,1,$
14,392,2006,2412,2412,1000,14,1,$
14,392,2006,2413,2413,1000,14,1,$
14,392,2006,242,242,1000,14,1,$
14,392,2006,2421,2421,1000,14,1,$
14,392,2006,2422,2422,1000,14,1,$
14,392,2006,2423,2423,1000,14,1,$
14,392,2006,2424,2424,1000,14,1,$
14,392,2006,2429,2429,1000,14,1,$
14,392,2006,2430,2430,1000,14,1,$
14,392,2006,251,251,1000,14,1,$
14,392,2006,2511,2511,1000,14,1,$
14,392,2006,2519,2519,1000,14,1,$
14,392,2006,2520,2520,1000,14,1,$
14,392,2006,2610,2610,1000,14,1,$
14,392,2006,269,269,1000,14,1,$
14,392,2006,2691,2691,1000,14,1,$
14,392,2006,2692,2692,1000,14,1,$
14,392,2006,2693,2693,1000,14,1,$
14,392,2006,2694,2694,1000,14,1,$
14,392,2006,2695,2695,1000,14,1,$
14,392,2006,2696,2696,1000,14,1,$
14,392,2006,2699,2699,1000,14,1,$
14,392,2006,2710,2710,1000,14,1,$
14,392,2006,2720,2720,1000,14,1,$
14,392,2006,273,273,1000,14,1,$
14,392,2006,2731,2731,1000,14,1,$
14,392,2006,2732,2732,1000,14,1,$
14,392,2006,281,281,1000,14,1,$
14,392,2006,2811,2811,1000,14,1,$
14,392,2006,2812,2812,1000,14,1,$
14,392,2006,2813,2813,1000,14,1,$
14,392,2006,289,289,1000,14,1,$
14,392,2006,2891,2891,1000,14,1,$
14,392,2006,2892,2892,1000,14,1,$
14,392,2006,2893,2893,1000,14,1,$
14,392,2006,2899,2899,1000,14,1,$
14,392,2006,291,291,1000,14,1,$
14,392,2006,2911,2911,1000,14,1,$
14,392,2006,2912,2912,1000,14,1,$
14,392,2006,2913,2913,1000,14,1,$
14,392,2006,2914,2914,1000,14,1,$
14,392,2006,2915,2915,1000,14,1,$
14,392,2006,2919,2919,1000,14,1,$
14,392,2006,292,292,1000,14,1,$
14,392,2006,2921,2921,1000,14,1,$
14,392,2006,2922,2922,1000,14,1,$
14,392,2006,2923,2923,1000,14,1,$
14,392,2006,2924,2924,1000,14,1,$
14,392,2006,2925,2925,1000,14,1,$
14,392,2006,2926,2926,1000,14,1,$
14,392,2006,2927,2927,1000,14,1,$
14,392,2006,2929,2929,1000,14,1,$
14,392,2006,2930,2930,1000,14,1,$
14,392,2006,3000,3000,NA,14,0,$
14,392,2006,3110,3110,1000,14,1,$
14,392,2006,3120,3120,1000,14,1,$
14,392,2006,3130,3130,1000,14,1,$
14,392,2006,3140,3140,1000,14,1,$
14,392,2006,3150,3150,1000,14,1,$
14,392,2006,3190,3190,1000,14,1,$
14,392,2006,3210,3210,1000,14,1,$
14,392,2006,3220,3220,1000,14,1,$
14,392,2006,3230,3230,1000,14,1,$
14,392,2006,331,331,1000,14,1,$
14,392,2006,3311,3311,1000,14,1,$
14,392,2006,3312,3312,1000,14,1,$
14,392,2006,3313,3313,1000,14,1,$
14,392,2006,3320,3320,1000,14,1,$
14,392,2006,3330,3330,1000,14,1,$
14,392,2006,3410,3410,1000,14,1,$
14,392,2006,3420,3420,1000,14,1,$
14,392,2006,3430,3430,1000,14,1,$
14,392,2006,351,351,1000,14,1,$
14,392,2006,3511,3511,1000,14,1,$
14,392,2006,3512,3512,NA,14,0,$
14,392,2006,3520,3520,1000,14,1,$
14,392,2006,3530,3530,1000,14,1,$
14,392,2006,359,359,1000,14,1,$
14,392,2006,3591,3591,NA,14,0,$
14,392,2006,3592,3592,1000,14,1,$
14,392,2006,3599,3599,1000,14,1,$
14,392,2006,3610,3610,1000,14,1,$
14,392,2006,369,369,1000,14,1,$
14,392,2006,3691,3691,1000,14,1,$
14,392,2006,3692,3692,1000,14,1,$
14,392,2006,3693,3693,1000,14,1,$
14,392,2006,3694,3694,1000,14,1,$
14,392,2006,3699,3699,1000,14,1,$
14,392,2006,3710,3710A,1000,14,1,$
14,392,2006,3720,3710A,NA,14,1,$
14,392,2007,151,151,1000,14,1,$
14,392,2007,1511,1511,1000,14,1,$
14,392,2007,1512,1512,1000,14,1,$
14,392,2007,1513,1513,1000,14,1,$
14,392,2007,1514,1514,1000,14,1,$
14,392,2007,1520,1520,1000,14,1,$
14,392,2007,153,153,1000,14,1,$
14,392,2007,1531,1531,1000,14,1,$
14,392,2007,1532,1532,1000,14,1,$
14,392,2007,1533,1533,1000,14,1,$
14,392,2007,154,154,1000,14,1,$
14,392,2007,1541,1541,1000,14,1,$
14,392,2007,1542,1542,1000,14,1,$
14,392,2007,1543,1543,1000,14,1,$
14,392,2007,1544,1544,1000,14,1,$
14,392,2007,1549,1549,1000,14,1,$
14,392,2007,155,155,1000,14,1,$
14,392,2007,1551,1551,1000,14,1,$
14,392,2007,1552,1552,1000,14,1,$
14,392,2007,1553,1553,1000,14,1,$
14,392,2007,1554,1554,1000,14,1,$
14,392,2007,1600,1600,1000,14,1,$
14,392,2007,171,171,1000,14,1,$
14,392,2007,1711,1711,1000,14,1,$
14,392,2007,1712,1712,1000,14,1,$
14,392,2007,172,172,1000,14,1,$
14,392,2007,1721,1721,1000,14,1,$
14,392,2007,1722,1722,1000,14,1,$
14,392,2007,1723,1723,1000,14,1,$
14,392,2007,1729,1729,1000,14,1,$
14,392,2007,1730,1730,1000,14,1,$
14,392,2007,1810,1810,1000,14,1,$
14,392,2007,1820,1820,1000,14,1,$
14,392,2007,191,191,1000,14,1,$
14,392,2007,1911,1911,1000,14,1,$
14,392,2007,1912,1912,1000,14,1,$
14,392,2007,1920,1920,1000,14,1,$
14,392,2007,2010,2010,1000,14,1,$
14,392,2007,202,202,1000,14,1,$
14,392,2007,2021,2021,1000,14,1,$
14,392,2007,2022,2022,1000,14,1,$
14,392,2007,2023,2023,1000,14,1,$
14,392,2007,2029,2029,1000,14,1,$
14,392,2007,210,210,1000,14,1,$
14,392,2007,2101,2101,1000,14,1,$
14,392,2007,2102,2102,1000,14,1,$
14,392,2007,2109,2109,1000,14,1,$
14,392,2007,221,221,NA,14,0,$
14,392,2007,2211,2211,NA,14,0,$
14,392,2007,2212,2212,NA,14,0,$
14,392,2007,2213,2213,NA,14,0,$
14,392,2007,2219,2219,NA,14,0,$
14,392,2007,222,222,1000,14,1,$
14,392,2007,2221,2221,1000,14,1,$
14,392,2007,2222,2222,1000,14,1,$
14,392,2007,2230,2230,1000,14,1,$
14,392,2007,2310,2310,1000,14,1,$
14,392,2007,2320,2320,1000,14,1,$
14,392,2007,2330,2330,1000,14,1,$
14,392,2007,241,241,1000,14,1,$
14,392,2007,2411,2411,1000,14,1,$
14,392,2007,2412,2412,1000,14,1,$
14,392,2007,2413,2413,1000,14,1,$
14,392,2007,242,242,1000,14,1,$
14,392,2007,2421,2421,1000,14,1,$
14,392,2007,2422,2422,1000,14,1,$
14,392,2007,2423,2423,1000,14,1,$
14,392,2007,2424,2424,1000,14,1,$
14,392,2007,2429,2429,1000,14,1,$
14,392,2007,2430,2430,1000,14,1,$
14,392,2007,251,251,1000,14,1,$
14,392,2007,2511,2511,1000,14,1,$
14,392,2007,2519,2519,1000,14,1,$
14,392,2007,2520,2520,1000,14,1,$
14,392,2007,2610,2610,1000,14,1,$
14,392,2007,269,269,1000,14,1,$
14,392,2007,2691,2691,1000,14,1,$
14,392,2007,2692,2692,1000,14,1,$
14,392,2007,2693,2693,1000,14,1,$
14,392,2007,2694,2694,1000,14,1,$
14,392,2007,2695,2695,1000,14,1,$
14,392,2007,2696,2696,1000,14,1,$
14,392,2007,2699,2699,1000,14,1,$
14,392,2007,2710,2710,1000,14,1,$
14,392,2007,2720,2720,1000,14,1,$
14,392,2007,273,273,1000,14,1,$
14,392,2007,2731,2731,1000,14,1,$
14,392,2007,2732,2732,1000,14,1,$
14,392,2007,281,281,1000,14,1,$
14,392,2007,2811,2811,1000,14,1,$
14,392,2007,2812,2812,1000,14,1,$
14,392,2007,2813,2813,1000,14,1,$
14,392,2007,289,289,1000,14,1,$
14,392,2007,2891,2891,1000,14,1,$
14,392,2007,2892,2892,1000,14,1,$
14,392,2007,2893,2893,1000,14,1,$
14,392,2007,2899,2899,1000,14,1,$
14,392,2007,291,291,1000,14,1,$
14,392,2007,2911,2911,1000,14,1,$
14,392,2007,2912,2912,1000,14,1,$
14,392,2007,2913,2913,1000,14,1,$
14,392,2007,2914,2914,1000,14,1,$
14,392,2007,2915,2915,1000,14,1,$
14,392,2007,2919,2919,1000,14,1,$
14,392,2007,292,292,1000,14,1,$
14,392,2007,2921,2921,1000,14,1,$
14,392,2007,2922,2922,1000,14,1,$
14,392,2007,2923,2923,1000,14,1,$
14,392,2007,2924,2924,1000,14,1,$
14,392,2007,2925,2925,1000,14,1,$
14,392,2007,2926,2926,1000,14,1,$
14,392,2007,2927,2927,1000,14,1,$
14,392,2007,2929,2929,1000,14,1,$
14,392,2007,2930,2930,1000,14,1,$
14,392,2007,3000,3000,NA,14,0,$
14,392,2007,3110,3110,1000,14,1,$
14,392,2007,3120,3120,1000,14,1,$
14,392,2007,3130,3130,1000,14,1,$
14,392,2007,3140,3140,1000,14,1,$
14,392,2007,3150,3150,1000,14,1,$
14,392,2007,3190,3190,1000,14,1,$
14,392,2007,3210,3210,1000,14,1,$
14,392,2007,3220,3220,1000,14,1,$
14,392,2007,3230,3230,1000,14,1,$
14,392,2007,331,331,1000,14,1,$
14,392,2007,3311,3311,1000,14,1,$
14,392,2007,3312,3312,1000,14,1,$
14,392,2007,3313,3313,1000,14,1,$
14,392,2007,3320,3320,1000,14,1,$
14,392,2007,3330,3330,1000,14,1,$
14,392,2007,3410,3410,1000,14,1,$
14,392,2007,3420,3420,1000,14,1,$
14,392,2007,3430,3430,1000,14,1,$
14,392,2007,351,351,1000,14,1,$
14,392,2007,3511,3511,1000,14,1,$
14,392,2007,3512,3512,NA,14,0,$
14,392,2007,3520,3520,1000,14,1,$
14,392,2007,3530,3530,1000,14,1,$
14,392,2007,359,359,1000,14,1,$
14,392,2007,3591,3591,NA,14,0,$
14,392,2007,3592,3592,1000,14,1,$
14,392,2007,3599,3599,1000,14,1,$
14,392,2007,3610,3610,1000,14,1,$
14,392,2007,369,369,1000,14,1,$
14,392,2007,3691,3691,1000,14,1,$
14,392,2007,3692,3692,1000,14,1,$
14,392,2007,3693,3693,1000,14,1,$
14,392,2007,3694,3694,1000,14,1,$
14,392,2007,3699,3699,1000,14,1,$
14,392,2007,3710,3710A,1000,14,1,$
14,392,2007,3720,3710A,NA,14,1,$
14,840,1997,151,151,1000,14,1,$
14,840,1997,1511,1511,1000,14,1,$
14,840,1997,1512,1512,1000,14,1,$
14,840,1997,1513,1513,1000,14,1,$
14,840,1997,1514,1514,1000,14,1,$
14,840,1997,1520,1520,1000,14,1,$
14,840,1997,153,153,1000,14,1,$
14,840,1997,1531,1531,1000,14,1,$
14,840,1997,1532,1532,1000,14,1,$
14,840,1997,1533,1533,1000,14,1,$
14,840,1997,154,154,1000,14,1,$
14,840,1997,1541,1541,1000,14,1,$
14,840,1997,1542,1542,1000,14,1,$
14,840,1997,1543,1543,1000,14,1,$
14,840,1997,1544,1544,1000,14,1,$
14,840,1997,1549,1549,1000,14,1,$
14,840,1997,155,155,1000,14,1,$
14,840,1997,1551,1551,1000,14,1,$
14,840,1997,1552,1552,1000,14,1,$
14,840,1997,1553,1553,1000,14,1,$
14,840,1997,1554,1554,1000,14,1,$
14,840,1997,1600,1600,1000,14,1,$
14,840,1997,171,171,1000,14,1,$
14,840,1997,1711,1711,1000,14,1,$
14,840,1997,1712,1712,1000,14,1,$
14,840,1997,172,172,1000,14,1,$
14,840,1997,1721,1721,1000,14,1,$
14,840,1997,1722,1722,1000,14,1,$
14,840,1997,1723,1723,1000,14,1,$
14,840,1997,1729,1729,1000,14,1,$
14,840,1997,1730,1730,1000,14,1,$
14,840,1997,1810,1810,1000,14,1,$
14,840,1997,1820,1820,NA,14,0,$
14,840,1997,191,191,1000,14,1,$
14,840,1997,1911,1911,1000,14,1,$
14,840,1997,1912,1912,1000,14,1,$
14,840,1997,1920,1920,1000,14,1,$
14,840,1997,2010,2010,1000,14,1,$
14,840,1997,202,202,1000,14,1,$
14,840,1997,2021,2021,1000,14,1,$
14,840,1997,2022,2022,1000,14,1,$
14,840,1997,2023,2023,1000,14,1,$
14,840,1997,2029,2029,1000,14,1,$
14,840,1997,210,210,1000,14,1,$
14,840,1997,2101,2101,1000,14,1,$
14,840,1997,2102,2102,1000,14,1,$
14,840,1997,2109,2109,1000,14,1,$
14,840,1997,221,221,NA,14,0,$
14,840,1997,2211,2211,NA,14,0,$
14,840,1997,2212,2212,NA,14,0,$
14,840,1997,2213,2213,NA,14,0,$
14,840,1997,2219,2219,NA,14,0,$
14,840,1997,222,222,1000,14,1,$
14,840,1997,2221,2221,1000,14,1,$
14,840,1997,2222,2222,1000,14,1,$
14,840,1997,2230,2230,1000,14,1,$
14,840,1997,2310,2310,NA,14,0,$
14,840,1997,2320,2320,1000,14,1,$
14,840,1997,2330,2330,NA,14,0,$
14,840,1997,241,241,1000,14,1,$
14,840,1997,2411,2411,1000,14,1,$
14,840,1997,2412,2412,1000,14,1,$
14,840,1997,2413,2413,1000,14,1,$
14,840,1997,242,242,1000,14,1,$
14,840,1997,2421,2421,1000,14,1,$
14,840,1997,2422,2422,1000,14,1,$
14,840,1997,2423,2423,1000,14,1,$
14,840,1997,2424,2424,1000,14,1,$
14,840,1997,2429,2429,1000,14,1,$
14,840,1997,2430,2430,1000,14,1,$
14,840,1997,251,251,1000,14,1,$
14,840,1997,2511,2511,1000,14,1,$
14,840,1997,2519,2519,1000,14,1,$
14,840,1997,2520,2520,1000,14,1,$
14,840,1997,2610,2610,1000,14,1,$
14,840,1997,269,269,1000,14,1,$
14,840,1997,2691,2691,1000,14,1,$
14,840,1997,2692,2692,1000,14,1,$
14,840,1997,2693,2693,1000,14,1,$
14,840,1997,2694,2694,1000,14,1,$
14,840,1997,2695,2695,1000,14,1,$
14,840,1997,2696,2696,1000,14,1,$
14,840,1997,2699,2699,1000,14,1,$
14,840,1997,2710,2710,1000,14,1,$
14,840,1997,2720,2720,1000,14,1,$
14,840,1997,273,273,1000,14,1,$
14,840,1997,2731,2731,1000,14,1,$
14,840,1997,2732,2732,1000,14,1,$
14,840,1997,281,281,1000,14,1,$
14,840,1997,2811,2811,1000,14,1,$
14,840,1997,2812,2812,1000,14,1,$
14,840,1997,2813,2813,1000,14,1,$
14,840,1997,289,289,1000,14,1,$
14,840,1997,2891,2891,1000,14,1,$
14,840,1997,2892,2892,1000,14,1,$
14,840,1997,2893,2893,1000,14,1,$
14,840,1997,2899,2899,1000,14,1,$
14,840,1997,291,291,1000,14,1,$
14,840,1997,2911,2911,1000,14,1,$
14,840,1997,2912,2912,1000,14,1,$
14,840,1997,2913,2913,1000,14,1,$
14,840,1997,2914,2914,1000,14,1,$
14,840,1997,2915,2915,1000,14,1,$
14,840,1997,2919,2919,1000,14,1,$
14,840,1997,292,292,1000,14,1,$
14,840,1997,2921,2921,1000,14,1,$
14,840,1997,2922,2922,1000,14,1,$
14,840,1997,2923,2923,1000,14,1,$
14,840,1997,2924,2924,1000,14,1,$
14,840,1997,2925,2925,1000,14,1,$
14,840,1997,2926,2926,1000,14,1,$
14,840,1997,2927,2927,1000,14,1,$
14,840,1997,2929,2929,1000,14,1,$
14,840,1997,2930,2930,1000,14,1,$
14,840,1997,3000,3000,1000,14,1,$
14,840,1997,3110,3110,1000,14,1,$
14,840,1997,3120,3120,1000,14,1,$
14,840,1997,3130,3130,1000,14,1,$
14,840,1997,3140,3140,1000,14,1,$
14,840,1997,3150,3150,1000,14,1,$
14,840,1997,3190,3190,1000,14,1,$
14,840,1997,3210,3210,1000,14,1,$
14,840,1997,3220,3220,1000,14,1,$
14,840,1997,3230,3230,1000,14,1,$
14,840,1997,331,331,1000,14,1,$
14,840,1997,3311,3311,1000,14,1,$
14,840,1997,3312,3312,1000,14,1,$
14,840,1997,3313,3313,1000,14,1,$
14,840,1997,3320,3320,1000,14,1,$
14,840,1997,3330,3330,1000,14,1,$
14,840,1997,3410,3410,1000,14,1,$
14,840,1997,3420,3420,1000,14,1,$
14,840,1997,3430,3430,1000,14,1,$
14,840,1997,351,351,1000,14,1,$
14,840,1997,3511,3511,1000,14,1,$
14,840,1997,3512,3512,1000,14,1,$
14,840,1997,3520,3520,1000,14,1,$
14,840,1997,3530,3530,1000,14,1,$
14,840,1997,359,359,1000,14,1,$
14,840,1997,3591,3591,1000,14,1,$
14,840,1997,3592,3592,NA,14,0,$
14,840,1997,3599,3599,NA,14,0,$
14,840,1997,3610,3610,1000,14,1,$
14,840,1997,369,369,1000,14,1,$
14,840,1997,3691,3691,1000,14,1,$
14,840,1997,3692,3692,1000,14,1,$
14,840,1997,3693,3693,1000,14,1,$
14,840,1997,3694,3694,1000,14,1,$
14,840,1997,3699,3699,1000,14,1,$
14,840,1997,3710,3710,NA,14,0,$
14,840,1997,3720,3720,NA,14,0,$
14,840,1998,151,151,1000,14,1,$
14,840,1998,1511,1511,1000,14,1,$
14,840,1998,1512,1512,1000,14,1,$
14,840,1998,1513,1513,1000,14,1,$
14,840,1998,1514,1514,1000,14,1,$
14,840,1998,1520,1520,1000,14,1,$
14,840,1998,153,153,1000,14,1,$
14,840,1998,1531,1531,1000,14,1,$
14,840,1998,1532,1532,1000,14,1,$
14,840,1998,1533,1533,1000,14,1,$
14,840,1998,154,154,1000,14,1,$
14,840,1998,1541,1541,1000,14,1,$
14,840,1998,1542,1542,1000,14,1,$
14,840,1998,1543,1543,1000,14,1,$
14,840,1998,1544,1544,1000,14,1,$
14,840,1998,1549,1549,1000,14,1,$
14,840,1998,155,155,1000,14,1,$
14,840,1998,1551,1551,1000,14,1,$
14,840,1998,1552,1552,1000,14,1,$
14,840,1998,1553,1553,1000,14,1,$
14,840,1998,1554,1554,1000,14,1,$
14,840,1998,1600,1600,1000,14,1,$
14,840,1998,171,171,1000,14,1,$
14,840,1998,1711,1711,1000,14,1,$
14,840,1998,1712,1712,1000,14,1,$
14,840,1998,172,172,1000,14,1,$
14,840,1998,1721,1721,1000,14,1,$
14,840,1998,1722,1722,1000,14,1,$
14,840,1998,1723,1723,1000,14,1,$
14,840,1998,1729,1729,1000,14,1,$
14,840,1998,1730,1730,1000,14,1,$
14,840,1998,1810,1810,1000,14,1,$
14,840,1998,1820,1820,NA,14,0,$
14,840,1998,191,191,1000,14,1,$
14,840,1998,1911,1911,1000,14,1,$
14,840,1998,1912,1912,1000,14,1,$
14,840,1998,1920,1920,1000,14,1,$
14,840,1998,2010,2010,1000,14,1,$
14,840,1998,202,202,1000,14,1,$
14,840,1998,2021,2021,1000,14,1,$
14,840,1998,2022,2022,1000,14,1,$
14,840,1998,2023,2023,1000,14,1,$
14,840,1998,2029,2029,1000,14,1,$
14,840,1998,210,210,1000,14,1,$
14,840,1998,2101,2101,1000,14,1,$
14,840,1998,2102,2102,1000,14,1,$
14,840,1998,2109,2109,1000,14,1,$
14,840,1998,221,221,NA,14,0,$
14,840,1998,2211,2211,NA,14,0,$
14,840,1998,2212,2212,NA,14,0,$
14,840,1998,2213,2213,NA,14,0,$
14,840,1998,2219,2219,NA,14,0,$
14,840,1998,222,222,1000,14,1,$
14,840,1998,2221,2221,1000,14,1,$
14,840,1998,2222,2222,1000,14,1,$
14,840,1998,2230,2230,1000,14,1,$
14,840,1998,2310,2310,NA,14,0,$
14,840,1998,2320,2320,1000,14,1,$
14,840,1998,2330,2330,NA,14,0,$
14,840,1998,241,241,1000,14,1,$
14,840,1998,2411,2411,1000,14,1,$
14,840,1998,2412,2412,1000,14,1,$
14,840,1998,2413,2413,1000,14,1,$
14,840,1998,242,242,1000,14,1,$
14,840,1998,2421,2421,1000,14,1,$
14,840,1998,2422,2422,1000,14,1,$
14,840,1998,2423,2423,1000,14,1,$
14,840,1998,2424,2424,1000,14,1,$
14,840,1998,2429,2429,1000,14,1,$
14,840,1998,2430,2430,1000,14,1,$
14,840,1998,251,251,1000,14,1,$
14,840,1998,2511,2511,1000,14,1,$
14,840,1998,2519,2519,1000,14,1,$
14,840,1998,2520,2520,1000,14,1,$
14,840,1998,2610,2610,1000,14,1,$
14,840,1998,269,269,1000,14,1,$
14,840,1998,2691,2691,1000,14,1,$
14,840,1998,2692,2692,1000,14,1,$
14,840,1998,2693,2693,1000,14,1,$
14,840,1998,2694,2694,1000,14,1,$
14,840,1998,2695,2695,1000,14,1,$
14,840,1998,2696,2696,1000,14,1,$
14,840,1998,2699,2699,1000,14,1,$
14,840,1998,2710,2710,1000,14,1,$
14,840,1998,2720,2720,1000,14,1,$
14,840,1998,273,273,1000,14,1,$
14,840,1998,2731,2731,1000,14,1,$
14,840,1998,2732,2732,1000,14,1,$
14,840,1998,281,281,1000,14,1,$
14,840,1998,2811,2811,1000,14,1,$
14,840,1998,2812,2812,1000,14,1,$
14,840,1998,2813,2813,1000,14,1,$
14,840,1998,289,289,1000,14,1,$
14,840,1998,2891,2891,1000,14,1,$
14,840,1998,2892,2892,1000,14,1,$
14,840,1998,2893,2893,1000,14,1,$
14,840,1998,2899,2899,1000,14,1,$
14,840,1998,291,291,1000,14,1,$
14,840,1998,2911,2911,1000,14,1,$
14,840,1998,2912,2912,1000,14,1,$
14,840,1998,2913,2913,1000,14,1,$
14,840,1998,2914,2914,1000,14,1,$
14,840,1998,2915,2915,1000,14,1,$
14,840,1998,2919,2919,1000,14,1,$
14,840,1998,292,292,1000,14,1,$
14,840,1998,2921,2921,1000,14,1,$
14,840,1998,2922,2922,1000,14,1,$
14,840,1998,2923,2923,1000,14,1,$
14,840,1998,2924,2924,1000,14,1,$
14,840,1998,2925,2925,1000,14,1,$
14,840,1998,2926,2926,1000,14,1,$
14,840,1998,2927,2927,1000,14,1,$
14,840,1998,2929,2929,1000,14,1,$
14,840,1998,2930,2930,1000,14,1,$
14,840,1998,3000,3000,1000,14,1,$
14,840,1998,3110,3110,1000,14,1,$
14,840,1998,3120,3120,1000,14,1,$
14,840,1998,3130,3130,1000,14,1,$
14,840,1998,3140,3140,1000,14,1,$
14,840,1998,3150,3150,1000,14,1,$
14,840,1998,3190,3190,1000,14,1,$
14,840,1998,3210,3210,1000,14,1,$
14,840,1998,3220,3220,1000,14,1,$
14,840,1998,3230,3230,1000,14,1,$
14,840,1998,331,331,1000,14,1,$
14,840,1998,3311,3311,1000,14,1,$
14,840,1998,3312,3312,1000,14,1,$
14,840,1998,3313,3313,1000,14,1,$
14,840,1998,3320,3320,1000,14,1,$
14,840,1998,3330,3330,1000,14,1,$
14,840,1998,3410,3410,1000,14,1,$
14,840,1998,3420,3420,1000,14,1,$
14,840,1998,3430,3430,1000,14,1,$
14,840,1998,351,351,1000,14,1,$
14,840,1998,3511,3511,1000,14,1,$
14,840,1998,3512,3512,1000,14,1,$
14,840,1998,3520,3520,1000,14,1,$
14,840,1998,3530,3530,1000,14,1,$
14,840,1998,359,359,1000,14,1,$
14,840,1998,3591,3591,1000,14,1,$
14,840,1998,3592,3592,NA,14,0,$
14,840,1998,3599,3599,NA,14,0,$
14,840,1998,3610,3610,1000,14,1,$
14,840,1998,369,369,1000,14,1,$
14,840,1998,3691,3691,1000,14,1,$
14,840,1998,3692,3692,1000,14,1,$
14,840,1998,3693,3693,1000,14,1,$
14,840,1998,3694,3694,1000,14,1,$
14,840,1998,3699,3699,1000,14,1,$
14,840,1998,3710,3710,NA,14,0,$
14,840,1998,3720,3720,NA,14,0,$
14,840,1999,151,151,1000,14,1,$
14,840,1999,1511,1511,1000,14,1,$
14,840,1999,1512,1512,1000,14,1,$
14,840,1999,1513,1513,1000,14,1,$
14,840,1999,1514,1514,1000,14,1,$
14,840,1999,1520,1520,1000,14,1,$
14,840,1999,153,153,1000,14,1,$
14,840,1999,1531,1531,1000,14,1,$
14,840,1999,1532,1532,1000,14,1,$
14,840,1999,1533,1533,1000,14,1,$
14,840,1999,154,154,1000,14,1,$
14,840,1999,1541,1541,1000,14,1,$
14,840,1999,1542,1542,1000,14,1,$
14,840,1999,1543,1543,1000,14,1,$
14,840,1999,1544,1544,1000,14,1,$
14,840,1999,1549,1549,1000,14,1,$
14,840,1999,155,155,1000,14,1,$
14,840,1999,1551,1551,1000,14,1,$
14,840,1999,1552,1552,1000,14,1,$
14,840,1999,1553,1553,1000,14,1,$
14,840,1999,1554,1554,1000,14,1,$
14,840,1999,1600,1600,1000,14,1,$
14,840,1999,171,171,1000,14,1,$
14,840,1999,1711,1711,1000,14,1,$
14,840,1999,1712,1712,1000,14,1,$
14,840,1999,172,172,1000,14,1,$
14,840,1999,1721,1721,1000,14,1,$
14,840,1999,1722,1722,1000,14,1,$
14,840,1999,1723,1723,1000,14,1,$
14,840,1999,1729,1729,1000,14,1,$
14,840,1999,1730,1730,1000,14,1,$
14,840,1999,1810,1810,1000,14,1,$
14,840,1999,1820,1820,NA,14,0,$
14,840,1999,191,191,1000,14,1,$
14,840,1999,1911,1911,1000,14,1,$
14,840,1999,1912,1912,1000,14,1,$
14,840,1999,1920,1920,1000,14,1,$
14,840,1999,2010,2010,1000,14,1,$
14,840,1999,202,202,1000,14,1,$
14,840,1999,2021,2021,1000,14,1,$
14,840,1999,2022,2022,1000,14,1,$
14,840,1999,2023,2023,1000,14,1,$
14,840,1999,2029,2029,1000,14,1,$
14,840,1999,210,210,1000,14,1,$
14,840,1999,2101,2101,1000,14,1,$
14,840,1999,2102,2102,1000,14,1,$
14,840,1999,2109,2109,1000,14,1,$
14,840,1999,221,221,NA,14,0,$
14,840,1999,2211,2211,NA,14,0,$
14,840,1999,2212,2212,NA,14,0,$
14,840,1999,2213,2213,NA,14,0,$
14,840,1999,2219,2219,NA,14,0,$
14,840,1999,222,222,1000,14,1,$
14,840,1999,2221,2221,1000,14,1,$
14,840,1999,2222,2222,1000,14,1,$
14,840,1999,2230,2230,1000,14,1,$
14,840,1999,2310,2310,NA,14,0,$
14,840,1999,2320,2320,1000,14,1,$
14,840,1999,2330,2330,NA,14,0,$
14,840,1999,241,241,1000,14,1,$
14,840,1999,2411,2411,1000,14,1,$
14,840,1999,2412,2412,1000,14,1,$
14,840,1999,2413,2413,1000,14,1,$
14,840,1999,242,242,1000,14,1,$
14,840,1999,2421,2421,1000,14,1,$
14,840,1999,2422,2422,1000,14,1,$
14,840,1999,2423,2423,1000,14,1,$
14,840,1999,2424,2424,1000,14,1,$
14,840,1999,2429,2429,1000,14,1,$
14,840,1999,2430,2430,1000,14,1,$
14,840,1999,251,251,1000,14,1,$
14,840,1999,2511,2511,1000,14,1,$
14,840,1999,2519,2519,1000,14,1,$
14,840,1999,2520,2520,1000,14,1,$
14,840,1999,2610,2610,1000,14,1,$
14,840,1999,269,269,1000,14,1,$
14,840,1999,2691,2691,1000,14,1,$
14,840,1999,2692,2692,1000,14,1,$
14,840,1999,2693,2693,1000,14,1,$
14,840,1999,2694,2694,1000,14,1,$
14,840,1999,2695,2695,1000,14,1,$
14,840,1999,2696,2696,1000,14,1,$
14,840,1999,2699,2699,1000,14,1,$
14,840,1999,2710,2710,1000,14,1,$
14,840,1999,2720,2720,1000,14,1,$
14,840,1999,273,273,1000,14,1,$
14,840,1999,2731,2731,1000,14,1,$
14,840,1999,2732,2732,1000,14,1,$
14,840,1999,281,281,1000,14,1,$
14,840,1999,2811,2811,1000,14,1,$
14,840,1999,2812,2812,1000,14,1,$
14,840,1999,2813,2813,1000,14,1,$
14,840,1999,289,289,1000,14,1,$
14,840,1999,2891,2891,1000,14,1,$
14,840,1999,2892,2892,1000,14,1,$
14,840,1999,2893,2893,1000,14,1,$
14,840,1999,2899,2899,1000,14,1,$
14,840,1999,291,291,1000,14,1,$
14,840,1999,2911,2911,1000,14,1,$
14,840,1999,2912,2912,1000,14,1,$
14,840,1999,2913,2913,1000,14,1,$
14,840,1999,2914,2914,1000,14,1,$
14,840,1999,2915,2915,1000,14,1,$
14,840,1999,2919,2919,1000,14,1,$
14,840,1999,292,292,1000,14,1,$
14,840,1999,2921,2921,1000,14,1,$
14,840,1999,2922,2922,1000,14,1,$
14,840,1999,2923,2923,1000,14,1,$
14,840,1999,2924,2924,1000,14,1,$
14,840,1999,2925,2925,1000,14,1,$
14,840,1999,2926,2926,1000,14,1,$
14,840,1999,2927,2927,1000,14,1,$
14,840,1999,2929,2929,1000,14,1,$
14,840,1999,2930,2930,1000,14,1,$
14,840,1999,3000,3000,1000,14,1,$
14,840,1999,3110,3110,1000,14,1,$
14,840,1999,3120,3120,1000,14,1,$
14,840,1999,3130,3130,1000,14,1,$
14,840,1999,3140,3140,1000,14,1,$
14,840,1999,3150,3150,1000,14,1,$
14,840,1999,3190,3190,1000,14,1,$
14,840,1999,3210,3210,1000,14,1,$
14,840,1999,3220,3220,1000,14,1,$
14,840,1999,3230,3230,1000,14,1,$
14,840,1999,331,331,1000,14,1,$
14,840,1999,3311,3311,1000,14,1,$
14,840,1999,3312,3312,1000,14,1,$
14,840,1999,3313,3313,1000,14,1,$
14,840,1999,3320,3320,1000,14,1,$
14,840,1999,3330,3330,1000,14,1,$
14,840,1999,3410,3410,1000,14,1,$
14,840,1999,3420,3420,1000,14,1,$
14,840,1999,3430,3430,1000,14,1,$
14,840,1999,351,351,1000,14,1,$
14,840,1999,3511,3511,1000,14,1,$
14,840,1999,3512,3512,1000,14,1,$
14,840,1999,3520,3520,1000,14,1,$
14,840,1999,3530,3530,1000,14,1,$
14,840,1999,359,359,1000,14,1,$
14,840,1999,3591,3591,1000,14,1,$
14,840,1999,3592,3592,NA,14,0,$
14,840,1999,3599,3599,NA,14,0,$
14,840,1999,3610,3610,1000,14,1,$
14,840,1999,369,369,1000,14,1,$
14,840,1999,3691,3691,1000,14,1,$
14,840,1999,3692,3692,1000,14,1,$
14,840,1999,3693,3693,1000,14,1,$
14,840,1999,3694,3694,1000,14,1,$
14,840,1999,3699,3699,1000,14,1,$
14,840,1999,3710,3710,NA,14,0,$
14,840,1999,3720,3720,NA,14,0,$
14,840,2000,151,151,1000,14,1,$
14,840,2000,1511,1511,1000,14,1,$
14,840,2000,1512,1512,1000,14,1,$
14,840,2000,1513,1513,1000,14,1,$
14,840,2000,1514,1514,1000,14,1,$
14,840,2000,1520,1520,1000,14,1,$
14,840,2000,153,153,1000,14,1,$
14,840,2000,1531,1531,1000,14,1,$
14,840,2000,1532,1532,1000,14,1,$
14,840,2000,1533,1533,1000,14,1,$
14,840,2000,154,154,1000,14,1,$
14,840,2000,1541,1541,1000,14,1,$
14,840,2000,1542,1542,1000,14,1,$
14,840,2000,1543,1543,1000,14,1,$
14,840,2000,1544,1544,1000,14,1,$
14,840,2000,1549,1549,1000,14,1,$
14,840,2000,155,155,1000,14,1,$
14,840,2000,1551,1551,1000,14,1,$
14,840,2000,1552,1552,1000,14,1,$
14,840,2000,1553,1553,1000,14,1,$
14,840,2000,1554,1554,1000,14,1,$
14,840,2000,1600,1600,1000,14,1,$
14,840,2000,171,171,1000,14,1,$
14,840,2000,1711,1711,1000,14,1,$
14,840,2000,1712,1712,1000,14,1,$
14,840,2000,172,172,1000,14,1,$
14,840,2000,1721,1721,1000,14,1,$
14,840,2000,1722,1722,1000,14,1,$
14,840,2000,1723,1723,1000,14,1,$
14,840,2000,1729,1729,1000,14,1,$
14,840,2000,1730,1730,1000,14,1,$
14,840,2000,1810,1810,1000,14,1,$
14,840,2000,1820,1820,NA,14,0,$
14,840,2000,191,191,1000,14,1,$
14,840,2000,1911,1911,1000,14,1,$
14,840,2000,1912,1912,1000,14,1,$
14,840,2000,1920,1920,1000,14,1,$
14,840,2000,2010,2010,1000,14,1,$
14,840,2000,202,202,1000,14,1,$
14,840,2000,2021,2021,1000,14,1,$
14,840,2000,2022,2022,1000,14,1,$
14,840,2000,2023,2023,1000,14,1,$
14,840,2000,2029,2029,1000,14,1,$
14,840,2000,210,210,1000,14,1,$
14,840,2000,2101,2101,1000,14,1,$
14,840,2000,2102,2102,1000,14,1,$
14,840,2000,2109,2109,1000,14,1,$
14,840,2000,221,221,NA,14,0,$
14,840,2000,2211,2211,NA,14,0,$
14,840,2000,2212,2212,NA,14,0,$
14,840,2000,2213,2213,NA,14,0,$
14,840,2000,2219,2219,NA,14,0,$
14,840,2000,222,222,1000,14,1,$
14,840,2000,2221,2221,1000,14,1,$
14,840,2000,2222,2222,1000,14,1,$
14,840,2000,2230,2230,1000,14,1,$
14,840,2000,2310,2310,NA,14,0,$
14,840,2000,2320,2320,1000,14,1,$
14,840,2000,2330,2330,NA,14,0,$
14,840,2000,241,241,1000,14,1,$
14,840,2000,2411,2411,1000,14,1,$
14,840,2000,2412,2412,1000,14,1,$
14,840,2000,2413,2413,1000,14,1,$
14,840,2000,242,242,1000,14,1,$
14,840,2000,2421,2421,1000,14,1,$
14,840,2000,2422,2422,1000,14,1,$
14,840,2000,2423,2423,1000,14,1,$
14,840,2000,2424,2424,1000,14,1,$
14,840,2000,2429,2429,1000,14,1,$
14,840,2000,2430,2430,1000,14,1,$
14,840,2000,251,251,1000,14,1,$
14,840,2000,2511,2511,1000,14,1,$
14,840,2000,2519,2519,1000,14,1,$
14,840,2000,2520,2520,1000,14,1,$
14,840,2000,2610,2610,1000,14,1,$
14,840,2000,269,269,1000,14,1,$
14,840,2000,2691,2691,1000,14,1,$
14,840,2000,2692,2692,1000,14,1,$
14,840,2000,2693,2693,1000,14,1,$
14,840,2000,2694,2694,1000,14,1,$
14,840,2000,2695,2695,1000,14,1,$
14,840,2000,2696,2696,1000,14,1,$
14,840,2000,2699,2699,1000,14,1,$
14,840,2000,2710,2710,1000,14,1,$
14,840,2000,2720,2720,1000,14,1,$
14,840,2000,273,273,1000,14,1,$
14,840,2000,2731,2731,1000,14,1,$
14,840,2000,2732,2732,1000,14,1,$
14,840,2000,281,281,1000,14,1,$
14,840,2000,2811,2811,1000,14,1,$
14,840,2000,2812,2812,1000,14,1,$
14,840,2000,2813,2813,1000,14,1,$
14,840,2000,289,289,1000,14,1,$
14,840,2000,2891,2891,1000,14,1,$
14,840,2000,2892,2892,1000,14,1,$
14,840,2000,2893,2893,1000,14,1,$
14,840,2000,2899,2899,1000,14,1,$
14,840,2000,291,291,1000,14,1,$
14,840,2000,2911,2911,1000,14,1,$
14,840,2000,2912,2912,1000,14,1,$
14,840,2000,2913,2913,1000,14,1,$
14,840,2000,2914,2914,1000,14,1,$
14,840,2000,2915,2915,1000,14,1,$
14,840,2000,2919,2919,1000,14,1,$
14,840,2000,292,292,1000,14,1,$
14,840,2000,2921,2921,1000,14,1,$
14,840,2000,2922,2922,1000,14,1,$
14,840,2000,2923,2923,1000,14,1,$
14,840,2000,2924,2924,1000,14,1,$
14,840,2000,2925,2925,1000,14,1,$
14,840,2000,2926,2926,1000,14,1,$
14,840,2000,2927,2927,1000,14,1,$
14,840,2000,2929,2929,1000,14,1,$
14,840,2000,2930,2930,1000,14,1,$
14,840,2000,3000,3000,1000,14,1,$
14,840,2000,3110,3110,1000,14,1,$
14,840,2000,3120,3120,1000,14,1,$
14,840,2000,3130,3130,1000,14,1,$
14,840,2000,3140,3140,1000,14,1,$
14,840,2000,3150,3150,1000,14,1,$
14,840,2000,3190,3190,1000,14,1,$
14,840,2000,3210,3210,1000,14,1,$
14,840,2000,3220,3220,1000,14,1,$
14,840,2000,3230,3230,1000,14,1,$
14,840,2000,331,331,1000,14,1,$
14,840,2000,3311,3311,1000,14,1,$
14,840,2000,3312,3312,1000,14,1,$
14,840,2000,3313,3313,1000,14,1,$
14,840,2000,3320,3320,1000,14,1,$
14,840,2000,3330,3330,1000,14,1,$
14,840,2000,3410,3410,1000,14,1,$
14,840,2000,3420,3420,1000,14,1,$
14,840,2000,3430,3430,1000,14,1,$
14,840,2000,351,351,1000,14,1,$
14,840,2000,3511,3511,1000,14,1,$
14,840,2000,3512,3512,1000,14,1,$
14,840,2000,3520,3520,1000,14,1,$
14,840,2000,3530,3530,1000,14,1,$
14,840,2000,359,359,1000,14,1,$
14,840,2000,3591,3591,1000,14,1,$
14,840,2000,3592,3592,NA,14,0,$
14,840,2000,3599,3599,NA,14,0,$
14,840,2000,3610,3610,1000,14,1,$
14,840,2000,369,369,1000,14,1,$
14,840,2000,3691,3691,1000,14,1,$
14,840,2000,3692,3692,1000,14,1,$
14,840,2000,3693,3693,1000,14,1,$
14,840,2000,3694,3694,1000,14,1,$
14,840,2000,3699,3699,1000,14,1,$
14,840,2000,3710,3710,NA,14,0,$
14,840,2000,3720,3720,NA,14,0,$
14,840,2001,151,151,1000,14,1,$
14,840,2001,1511,1511,1000,14,1,$
14,840,2001,1512,1512,1000,14,1,$
14,840,2001,1513,1513,1000,14,1,$
14,840,2001,1514,1514,1000,14,1,$
14,840,2001,1520,1520,1000,14,1,$
14,840,2001,153,153,1000,14,1,$
14,840,2001,1531,1531,1000,14,1,$
14,840,2001,1532,1532,1000,14,1,$
14,840,2001,1533,1533,1000,14,1,$
14,840,2001,154,154,1000,14,1,$
14,840,2001,1541,1541,1000,14,1,$
14,840,2001,1542,1542,1000,14,1,$
14,840,2001,1543,1543,1000,14,1,$
14,840,2001,1544,1544,1000,14,1,$
14,840,2001,1549,1549,1000,14,1,$
14,840,2001,155,155,1000,14,1,$
14,840,2001,1551,1551,1000,14,1,$
14,840,2001,1552,1552,1000,14,1,$
14,840,2001,1553,1553,1000,14,1,$
14,840,2001,1554,1554,1000,14,1,$
14,840,2001,1600,1600,1000,14,1,$
14,840,2001,171,171,1000,14,1,$
14,840,2001,1711,1711,1000,14,1,$
14,840,2001,1712,1712,1000,14,1,$
14,840,2001,172,172,1000,14,1,$
14,840,2001,1721,1721,1000,14,1,$
14,840,2001,1722,1722,1000,14,1,$
14,840,2001,1723,1723,1000,14,1,$
14,840,2001,1729,1729,1000,14,1,$
14,840,2001,1730,1730,1000,14,1,$
14,840,2001,1810,1810,1000,14,1,$
14,840,2001,1820,1820,NA,14,0,$
14,840,2001,191,191,1000,14,1,$
14,840,2001,1911,1911,1000,14,1,$
14,840,2001,1912,1912,1000,14,1,$
14,840,2001,1920,1920,1000,14,1,$
14,840,2001,2010,2010,1000,14,1,$
14,840,2001,202,202,1000,14,1,$
14,840,2001,2021,2021,1000,14,1,$
14,840,2001,2022,2022,1000,14,1,$
14,840,2001,2023,2023,1000,14,1,$
14,840,2001,2029,2029,1000,14,1,$
14,840,2001,210,210,1000,14,1,$
14,840,2001,2101,2101,1000,14,1,$
14,840,2001,2102,2102,1000,14,1,$
14,840,2001,2109,2109,1000,14,1,$
14,840,2001,221,221,NA,14,0,$
14,840,2001,2211,2211,NA,14,0,$
14,840,2001,2212,2212,NA,14,0,$
14,840,2001,2213,2213,NA,14,0,$
14,840,2001,2219,2219,NA,14,0,$
14,840,2001,222,222,1000,14,1,$
14,840,2001,2221,2221,1000,14,1,$
14,840,2001,2222,2222,1000,14,1,$
14,840,2001,2230,2230,1000,14,1,$
14,840,2001,2310,2310,NA,14,0,$
14,840,2001,2320,2320,1000,14,1,$
14,840,2001,2330,2330,NA,14,0,$
14,840,2001,241,241,1000,14,1,$
14,840,2001,2411,2411,1000,14,1,$
14,840,2001,2412,2412,1000,14,1,$
14,840,2001,2413,2413,1000,14,1,$
14,840,2001,242,242,1000,14,1,$
14,840,2001,2421,2421,1000,14,1,$
14,840,2001,2422,2422,1000,14,1,$
14,840,2001,2423,2423,1000,14,1,$
14,840,2001,2424,2424,1000,14,1,$
14,840,2001,2429,2429,1000,14,1,$
14,840,2001,2430,2430,1000,14,1,$
14,840,2001,251,251,1000,14,1,$
14,840,2001,2511,2511,1000,14,1,$
14,840,2001,2519,2519,1000,14,1,$
14,840,2001,2520,2520,1000,14,1,$
14,840,2001,2610,2610,1000,14,1,$
14,840,2001,269,269,1000,14,1,$
14,840,2001,2691,2691,1000,14,1,$
14,840,2001,2692,2692,1000,14,1,$
14,840,2001,2693,2693,1000,14,1,$
14,840,2001,2694,2694,1000,14,1,$
14,840,2001,2695,2695,1000,14,1,$
14,840,2001,2696,2696,1000,14,1,$
14,840,2001,2699,2699,1000,14,1,$
14,840,2001,2710,2710,1000,14,1,$
14,840,2001,2720,2720,1000,14,1,$
14,840,2001,273,273,1000,14,1,$
14,840,2001,2731,2731,1000,14,1,$
14,840,2001,2732,2732,1000,14,1,$
14,840,2001,281,281,1000,14,1,$
14,840,2001,2811,2811,1000,14,1,$
14,840,2001,2812,2812,1000,14,1,$
14,840,2001,2813,2813,1000,14,1,$
14,840,2001,289,289,1000,14,1,$
14,840,2001,2891,2891,1000,14,1,$
14,840,2001,2892,2892,1000,14,1,$
14,840,2001,2893,2893,1000,14,1,$
14,840,2001,2899,2899,1000,14,1,$
14,840,2001,291,291,1000,14,1,$
14,840,2001,2911,2911,1000,14,1,$
14,840,2001,2912,2912,1000,14,1,$
14,840,2001,2913,2913,1000,14,1,$
14,840,2001,2914,2914,1000,14,1,$
14,840,2001,2915,2915,1000,14,1,$
14,840,2001,2919,2919,1000,14,1,$
14,840,2001,292,292,1000,14,1,$
14,840,2001,2921,2921,1000,14,1,$
14,840,2001,2922,2922,1000,14,1,$
14,840,2001,2923,2923,1000,14,1,$
14,840,2001,2924,2924,1000,14,1,$
14,840,2001,2925,2925,1000,14,1,$
14,840,2001,2926,2926,1000,14,1,$
14,840,2001,2927,2927,1000,14,1,$
14,840,2001,2929,2929,1000,14,1,$
14,840,2001,2930,2930,1000,14,1,$
14,840,2001,3000,3000,1000,14,1,$
14,840,2001,3110,3110,1000,14,1,$
14,840,2001,3120,3120,1000,14,1,$
14,840,2001,3130,3130,1000,14,1,$
14,840,2001,3140,3140,1000,14,1,$
14,840,2001,3150,3150,1000,14,1,$
14,840,2001,3190,3190,1000,14,1,$
14,840,2001,3210,3210,1000,14,1,$
14,840,2001,3220,3220,1000,14,1,$
14,840,2001,3230,3230,1000,14,1,$
14,840,2001,331,331,1000,14,1,$
14,840,2001,3311,3311,1000,14,1,$
14,840,2001,3312,3312,1000,14,1,$
14,840,2001,3313,3313,1000,14,1,$
14,840,2001,3320,3320,1000,14,1,$
14,840,2001,3330,3330,1000,14,1,$
14,840,2001,3410,3410,1000,14,1,$
14,840,2001,3420,3420,1000,14,1,$
14,840,2001,3430,3430,1000,14,1,$
14,840,2001,351,351,1000,14,1,$
14,840,2001,3511,3511,1000,14,1,$
14,840,2001,3512,3512,1000,14,1,$
14,840,2001,3520,3520,1000,14,1,$
14,840,2001,3530,3530,1000,14,1,$
14,840,2001,359,359,1000,14,1,$
14,840,2001,3591,3591,1000,14,1,$
14,840,2001,3592,3592,NA,14,0,$
14,840,2001,3599,3599,NA,14,0,$
14,840,2001,3610,3610,1000,14,1,$
14,840,2001,369,369,1000,14,1,$
14,840,2001,3691,3691,1000,14,1,$
14,840,2001,3692,3692,1000,14,1,$
14,840,2001,3693,3693,1000,14,1,$
14,840,2001,3694,3694,1000,14,1,$
14,840,2001,3699,3699,1000,14,1,$
14,840,2001,3710,3710,NA,14,0,$
14,840,2001,3720,3720,NA,14,0,$
14,840,2002,151,151,1000,14,1,$
14,840,2002,1511,1511,1000,14,1,$
14,840,2002,1512,1512,1000,14,1,$
14,840,2002,1513,1513,1000,14,1,$
14,840,2002,1514,1514,1000,14,1,$
14,840,2002,1520,1520,1000,14,1,$
14,840,2002,153,153,1000,14,1,$
14,840,2002,1531,1531,1000,14,1,$
14,840,2002,1532,1532,1000,14,1,$
14,840,2002,1533,1533,1000,14,1,$
14,840,2002,154,154,1000,14,1,$
14,840,2002,1541,1541,1000,14,1,$
14,840,2002,1542,1542,1000,14,1,$
14,840,2002,1543,1543,1000,14,1,$
14,840,2002,1544,1544,1000,14,1,$
14,840,2002,1549,1549,1000,14,1,$
14,840,2002,155,155,1000,14,1,$
14,840,2002,1551,1551,1000,14,1,$
14,840,2002,1552,1552,1000,14,1,$
14,840,2002,1553,1553,1000,14,1,$
14,840,2002,1554,1554,1000,14,1,$
14,840,2002,1600,1600,1000,14,1,$
14,840,2002,171,171,1000,14,1,$
14,840,2002,1711,1711,1000,14,1,$
14,840,2002,1712,1712,1000,14,1,$
14,840,2002,172,172,1000,14,1,$
14,840,2002,1721,1721,1000,14,1,$
14,840,2002,1722,1722,1000,14,1,$
14,840,2002,1723,1723,1000,14,1,$
14,840,2002,1729,1729,1000,14,1,$
14,840,2002,1730,1730,1000,14,1,$
14,840,2002,1810,1810,1000,14,1,$
14,840,2002,1820,1820,NA,14,0,$
14,840,2002,191,191,1000,14,1,$
14,840,2002,1911,1911,1000,14,1,$
14,840,2002,1912,1912,1000,14,1,$
14,840,2002,1920,1920,1000,14,1,$
14,840,2002,2010,2010,1000,14,1,$
14,840,2002,202,202,1000,14,1,$
14,840,2002,2021,2021,1000,14,1,$
14,840,2002,2022,2022,1000,14,1,$
14,840,2002,2023,2023,1000,14,1,$
14,840,2002,2029,2029,1000,14,1,$
14,840,2002,210,210,1000,14,1,$
14,840,2002,2101,2101,1000,14,1,$
14,840,2002,2102,2102,1000,14,1,$
14,840,2002,2109,2109,1000,14,1,$
14,840,2002,221,221,NA,14,0,$
14,840,2002,2211,2211,NA,14,0,$
14,840,2002,2212,2212,NA,14,0,$
14,840,2002,2213,2213,NA,14,0,$
14,840,2002,2219,2219,NA,14,0,$
14,840,2002,222,222,1000,14,1,$
14,840,2002,2221,2221,1000,14,1,$
14,840,2002,2222,2222,1000,14,1,$
14,840,2002,2230,2230,1000,14,1,$
14,840,2002,2310,2310,NA,14,0,$
14,840,2002,2320,2320,1000,14,1,$
14,840,2002,2330,2330,NA,14,0,$
14,840,2002,241,241,1000,14,1,$
14,840,2002,2411,2411,1000,14,1,$
14,840,2002,2412,2412,1000,14,1,$
14,840,2002,2413,2413,1000,14,1,$
14,840,2002,242,242,1000,14,1,$
14,840,2002,2421,2421,1000,14,1,$
14,840,2002,2422,2422,1000,14,1,$
14,840,2002,2423,2423,1000,14,1,$
14,840,2002,2424,2424,1000,14,1,$
14,840,2002,2429,2429,1000,14,1,$
14,840,2002,2430,2430,1000,14,1,$
14,840,2002,251,251,1000,14,1,$
14,840,2002,2511,2511,1000,14,1,$
14,840,2002,2519,2519,1000,14,1,$
14,840,2002,2520,2520,1000,14,1,$
14,840,2002,2610,2610,1000,14,1,$
14,840,2002,269,269,1000,14,1,$
14,840,2002,2691,2691,1000,14,1,$
14,840,2002,2692,2692,1000,14,1,$
14,840,2002,2693,2693,1000,14,1,$
14,840,2002,2694,2694,1000,14,1,$
14,840,2002,2695,2695,1000,14,1,$
14,840,2002,2696,2696,1000,14,1,$
14,840,2002,2699,2699,1000,14,1,$
14,840,2002,2710,2710,1000,14,1,$
14,840,2002,2720,2720,1000,14,1,$
14,840,2002,273,273,1000,14,1,$
14,840,2002,2731,2731,1000,14,1,$
14,840,2002,2732,2732,1000,14,1,$
14,840,2002,281,281,1000,14,1,$
14,840,2002,2811,2811,1000,14,1,$
14,840,2002,2812,2812,1000,14,1,$
14,840,2002,2813,2813,1000,14,1,$
14,840,2002,289,289,1000,14,1,$
14,840,2002,2891,2891,1000,14,1,$
14,840,2002,2892,2892,1000,14,1,$
14,840,2002,2893,2893,1000,14,1,$
14,840,2002,2899,2899,1000,14,1,$
14,840,2002,291,291,1000,14,1,$
14,840,2002,2911,2911,1000,14,1,$
14,840,2002,2912,2912,1000,14,1,$
14,840,2002,2913,2913,1000,14,1,$
14,840,2002,2914,2914,1000,14,1,$
14,840,2002,2915,2915,1000,14,1,$
14,840,2002,2919,2919,1000,14,1,$
14,840,2002,292,292,1000,14,1,$
14,840,2002,2921,2921,1000,14,1,$
14,840,2002,2922,2922,1000,14,1,$
14,840,2002,2923,2923,1000,14,1,$
14,840,2002,2924,2924,1000,14,1,$
14,840,2002,2925,2925,1000,14,1,$
14,840,2002,2926,2926,1000,14,1,$
14,840,2002,2927,2927,1000,14,1,$
14,840,2002,2929,2929,1000,14,1,$
14,840,2002,2930,2930,1000,14,1,$
14,840,2002,3000,3000,1000,14,1,$
14,840,2002,3110,3110,1000,14,1,$
14,840,2002,3120,3120,1000,14,1,$
14,840,2002,3130,3130,1000,14,1,$
14,840,2002,3140,3140,1000,14,1,$
14,840,2002,3150,3150,1000,14,1,$
14,840,2002,3190,3190,1000,14,1,$
14,840,2002,3210,3210,1000,14,1,$
14,840,2002,3220,3220,1000,14,1,$
14,840,2002,3230,3230,1000,14,1,$
14,840,2002,331,331,1000,14,1,$
14,840,2002,3311,3311,1000,14,1,$
14,840,2002,3312,3312,1000,14,1,$
14,840,2002,3313,3313,1000,14,1,$
14,840,2002,3320,3320,1000,14,1,$
14,840,2002,3330,3330,1000,14,1,$
14,840,2002,3410,3410,1000,14,1,$
14,840,2002,3420,3420,1000,14,1,$
14,840,2002,3430,3430,1000,14,1,$
14,840,2002,351,351,1000,14,1,$
14,840,2002,3511,3511,1000,14,1,$
14,840,2002,3512,3512,1000,14,1,$
14,840,2002,3520,3520,1000,14,1,$
14,840,2002,3530,3530,1000,14,1,$
14,840,2002,359,359,1000,14,1,$
14,840,2002,3591,3591,1000,14,1,$
14,840,2002,3592,3592,NA,14,0,$
14,840,2002,3599,3599,NA,14,0,$
14,840,2002,3610,3610,1000,14,1,$
14,840,2002,369,369,1000,14,1,$
14,840,2002,3691,3691,1000,14,1,$
14,840,2002,3692,3692,1000,14,1,$
14,840,2002,3693,3693,1000,14,1,$
14,840,2002,3694,3694,1000,14,1,$
14,840,2002,3699,3699,1000,14,1,$
14,840,2002,3710,3710,NA,14,0,$
14,840,2002,3720,3720,NA,14,0,$
14,840,2003,151,151,1000,14,1,$
14,840,2003,1511,1511,1000,14,1,$
14,840,2003,1512,1512,1000,14,1,$
14,840,2003,1513,1513,1000,14,1,$
14,840,2003,1514,1514,1000,14,1,$
14,840,2003,1520,1520,1000,14,1,$
14,840,2003,153,153,1000,14,1,$
14,840,2003,1531,1531,1000,14,1,$
14,840,2003,1532,1532,1000,14,1,$
14,840,2003,1533,1533,1000,14,1,$
14,840,2003,154,154,1000,14,1,$
14,840,2003,1541,1541,1000,14,1,$
14,840,2003,1542,1542,1000,14,1,$
14,840,2003,1543,1543,1000,14,1,$
14,840,2003,1544,1544,1000,14,1,$
14,840,2003,1549,1549,1000,14,1,$
14,840,2003,155,155,1000,14,1,$
14,840,2003,1551,1551,1000,14,1,$
14,840,2003,1552,1552,1000,14,1,$
14,840,2003,1553,1553,1000,14,1,$
14,840,2003,1554,1554,1000,14,1,$
14,840,2003,1600,1600,1000,14,1,$
14,840,2003,171,171,1000,14,1,$
14,840,2003,1711,1711,1000,14,1,$
14,840,2003,1712,1712,1000,14,1,$
14,840,2003,172,172,1000,14,1,$
14,840,2003,1721,1721,1000,14,1,$
14,840,2003,1722,1722,1000,14,1,$
14,840,2003,1723,1723,1000,14,1,$
14,840,2003,1729,1729,1000,14,1,$
14,840,2003,1730,1730,1000,14,1,$
14,840,2003,1810,1810,1000,14,1,$
14,840,2003,1820,1820,NA,14,0,$
14,840,2003,191,191,1000,14,1,$
14,840,2003,1911,1911,1000,14,1,$
14,840,2003,1912,1912,1000,14,1,$
14,840,2003,1920,1920,1000,14,1,$
14,840,2003,2010,2010,1000,14,1,$
14,840,2003,202,202,1000,14,1,$
14,840,2003,2021,2021,1000,14,1,$
14,840,2003,2022,2022,1000,14,1,$
14,840,2003,2023,2023,1000,14,1,$
14,840,2003,2029,2029,1000,14,1,$
14,840,2003,210,210,1000,14,1,$
14,840,2003,2101,2101,1000,14,1,$
14,840,2003,2102,2102,1000,14,1,$
14,840,2003,2109,2109,1000,14,1,$
14,840,2003,221,221,NA,14,0,$
14,840,2003,2211,2211,NA,14,0,$
14,840,2003,2212,2212,NA,14,0,$
14,840,2003,2213,2213,NA,14,0,$
14,840,2003,2219,2219,NA,14,0,$
14,840,2003,222,222,1000,14,1,$
14,840,2003,2221,2221,1000,14,1,$
14,840,2003,2222,2222,1000,14,1,$
14,840,2003,2230,2230,1000,14,1,$
14,840,2003,2310,2310,NA,14,0,$
14,840,2003,2320,2320,1000,14,1,$
14,840,2003,2330,2330,NA,14,0,$
14,840,2003,241,241,1000,14,1,$
14,840,2003,2411,2411,1000,14,1,$
14,840,2003,2412,2412,1000,14,1,$
14,840,2003,2413,2413,1000,14,1,$
14,840,2003,242,242,1000,14,1,$
14,840,2003,2421,2421,1000,14,1,$
14,840,2003,2422,2422,1000,14,1,$
14,840,2003,2423,2423,1000,14,1,$
14,840,2003,2424,2424,1000,14,1,$
14,840,2003,2429,2429,1000,14,1,$
14,840,2003,2430,2430,1000,14,1,$
14,840,2003,251,251,1000,14,1,$
14,840,2003,2511,2511,1000,14,1,$
14,840,2003,2519,2519,1000,14,1,$
14,840,2003,2520,2520,1000,14,1,$
14,840,2003,2610,2610,1000,14,1,$
14,840,2003,269,269,1000,14,1,$
14,840,2003,2691,2691,1000,14,1,$
14,840,2003,2692,2692,1000,14,1,$
14,840,2003,2693,2693,1000,14,1,$
14,840,2003,2694,2694,1000,14,1,$
14,840,2003,2695,2695,1000,14,1,$
14,840,2003,2696,2696,1000,14,1,$
14,840,2003,2699,2699,1000,14,1,$
14,840,2003,2710,2710,1000,14,1,$
14,840,2003,2720,2720,1000,14,1,$
14,840,2003,273,273,1000,14,1,$
14,840,2003,2731,2731,1000,14,1,$
14,840,2003,2732,2732,1000,14,1,$
14,840,2003,281,281,1000,14,1,$
14,840,2003,2811,2811,1000,14,1,$
14,840,2003,2812,2812,1000,14,1,$
14,840,2003,2813,2813,1000,14,1,$
14,840,2003,289,289,1000,14,1,$
14,840,2003,2891,2891,1000,14,1,$
14,840,2003,2892,2892,1000,14,1,$
14,840,2003,2893,2893,1000,14,1,$
14,840,2003,2899,2899,1000,14,1,$
14,840,2003,291,291,1000,14,1,$
14,840,2003,2911,2911,1000,14,1,$
14,840,2003,2912,2912,1000,14,1,$
14,840,2003,2913,2913,1000,14,1,$
14,840,2003,2914,2914,1000,14,1,$
14,840,2003,2915,2915,1000,14,1,$
14,840,2003,2919,2919,1000,14,1,$
14,840,2003,292,292,1000,14,1,$
14,840,2003,2921,2921,1000,14,1,$
14,840,2003,2922,2922,1000,14,1,$
14,840,2003,2923,2923,1000,14,1,$
14,840,2003,2924,2924,1000,14,1,$
14,840,2003,2925,2925,1000,14,1,$
14,840,2003,2926,2926,1000,14,1,$
14,840,2003,2927,2927,1000,14,1,$
14,840,2003,2929,2929,1000,14,1,$
14,840,2003,2930,2930,1000,14,1,$
14,840,2003,3000,3000,1000,14,1,$
14,840,2003,3110,3110,1000,14,1,$
14,840,2003,3120,3120,1000,14,1,$
14,840,2003,3130,3130,1000,14,1,$
14,840,2003,3140,3140,1000,14,1,$
14,840,2003,3150,3150,1000,14,1,$
14,840,2003,3190,3190,1000,14,1,$
14,840,2003,3210,3210,1000,14,1,$
14,840,2003,3220,3220,1000,14,1,$
14,840,2003,3230,3230,1000,14,1,$
14,840,2003,331,331,1000,14,1,$
14,840,2003,3311,3311,1000,14,1,$
14,840,2003,3312,3312,1000,14,1,$
14,840,2003,3313,3313,1000,14,1,$
14,840,2003,3320,3320,1000,14,1,$
14,840,2003,3330,3330,1000,14,1,$
14,840,2003,3410,3410,1000,14,1,$
14,840,2003,3420,3420,1000,14,1,$
14,840,2003,3430,3430,1000,14,1,$
14,840,2003,351,351,1000,14,1,$
14,840,2003,3511,3511,1000,14,1,$
14,840,2003,3512,3512,1000,14,1,$
14,840,2003,3520,3520,1000,14,1,$
14,840,2003,3530,3530,1000,14,1,$
14,840,2003,359,359,1000,14,1,$
14,840,2003,3591,3591,1000,14,1,$
14,840,2003,3592,3592,NA,14,0,$
14,840,2003,3599,3599,NA,14,0,$
14,840,2003,3610,3610,1000,14,1,$
14,840,2003,369,369,1000,14,1,$
14,840,2003,3691,3691,1000,14,1,$
14,840,2003,3692,3692,1000,14,1,$
14,840,2003,3693,3693,1000,14,1,$
14,840,2003,3694,3694,1000,14,1,$
14,840,2003,3699,3699,1000,14,1,$
14,840,2003,3710,3710,NA,14,0,$
14,840,2003,3720,3720,NA,14,0,$
14,840,2004,151,151,1000,14,1,$
14,840,2004,1511,1511,1000,14,1,$
14,840,2004,1512,1512,1000,14,1,$
14,840,2004,1513,1513,1000,14,1,$
14,840,2004,1514,1514,1000,14,1,$
14,840,2004,1520,1520,1000,14,1,$
14,840,2004,153,153,1000,14,1,$
14,840,2004,1531,1531,1000,14,1,$
14,840,2004,1532,1532,1000,14,1,$
14,840,2004,1533,1533,1000,14,1,$
14,840,2004,154,154,1000,14,1,$
14,840,2004,1541,1541,1000,14,1,$
14,840,2004,1542,1542,1000,14,1,$
14,840,2004,1543,1543,1000,14,1,$
14,840,2004,1544,1544,NA,14,0,$
14,840,2004,1549,1549,1000,14,1,$
14,840,2004,155,155,1000,14,1,$
14,840,2004,1551,1551,1000,14,1,$
14,840,2004,1552,1552,1000,14,1,$
14,840,2004,1553,1553,1000,14,1,$
14,840,2004,1554,1554,1000,14,1,$
14,840,2004,1600,1600,1000,14,1,$
14,840,2004,171,171,1000,14,1,$
14,840,2004,1711,1711,1000,14,1,$
14,840,2004,1712,1712,1000,14,1,$
14,840,2004,172,172,1000,14,1,$
14,840,2004,1721,1721,1000,14,1,$
14,840,2004,1722,1722,1000,14,1,$
14,840,2004,1723,1723,1000,14,1,$
14,840,2004,1729,1729,1000,14,1,$
14,840,2004,1730,1730,1000,14,1,$
14,840,2004,1810,1810,1000,14,1,$
14,840,2004,1820,1820,NA,14,0,$
14,840,2004,191,191,1000,14,1,$
14,840,2004,1911,1911,1000,14,1,$
14,840,2004,1912,1912,1000,14,1,$
14,840,2004,1920,1920,1000,14,1,$
14,840,2004,2010,2010,1000,14,1,$
14,840,2004,202,202,1000,14,1,$
14,840,2004,2021,2021,1000,14,1,$
14,840,2004,2022,2022,1000,14,1,$
14,840,2004,2023,2023,1000,14,1,$
14,840,2004,2029,2029,1000,14,1,$
14,840,2004,210,210,1000,14,1,$
14,840,2004,2101,2101,1000,14,1,$
14,840,2004,2102,2102,1000,14,1,$
14,840,2004,2109,2109,1000,14,1,$
14,840,2004,221,221,NA,14,0,$
14,840,2004,2211,2211,NA,14,0,$
14,840,2004,2212,2212,NA,14,0,$
14,840,2004,2213,2213,NA,14,0,$
14,840,2004,2219,2219,NA,14,0,$
14,840,2004,222,222,1000,14,1,$
14,840,2004,2221,2221,1000,14,1,$
14,840,2004,2222,2222,1000,14,1,$
14,840,2004,2230,2230,1000,14,1,$
14,840,2004,2310,2310,NA,14,0,$
14,840,2004,2320,2320,1000,14,1,$
14,840,2004,2330,2330,NA,14,0,$
14,840,2004,241,241,1000,14,1,$
14,840,2004,2411,2411,1000,14,1,$
14,840,2004,2412,2412,1000,14,1,$
14,840,2004,2413,2413,1000,14,1,$
14,840,2004,242,242,1000,14,1,$
14,840,2004,2421,2421,1000,14,1,$
14,840,2004,2422,2422,1000,14,1,$
14,840,2004,2423,2423,1000,14,1,$
14,840,2004,2424,2424,1000,14,1,$
14,840,2004,2429,2429,1000,14,1,$
14,840,2004,2430,2430,1000,14,1,$
14,840,2004,251,251,1000,14,1,$
14,840,2004,2511,2511,1000,14,1,$
14,840,2004,2519,2519,1000,14,1,$
14,840,2004,2520,2520,1000,14,1,$
14,840,2004,2610,2610,1000,14,1,$
14,840,2004,269,269,1000,14,1,$
14,840,2004,2691,2691,1000,14,1,$
14,840,2004,2692,2692,1000,14,1,$
14,840,2004,2693,2693,1000,14,1,$
14,840,2004,2694,2694,1000,14,1,$
14,840,2004,2695,2695,1000,14,1,$
14,840,2004,2696,2696,1000,14,1,$
14,840,2004,2699,2699,1000,14,1,$
14,840,2004,2710,2710,1000,14,1,$
14,840,2004,2720,2720,1000,14,1,$
14,840,2004,273,273,1000,14,1,$
14,840,2004,2731,2731,1000,14,1,$
14,840,2004,2732,2732,1000,14,1,$
14,840,2004,281,281,1000,14,1,$
14,840,2004,2811,2811,1000,14,1,$
14,840,2004,2812,2812,1000,14,1,$
14,840,2004,2813,2813,1000,14,1,$
14,840,2004,289,289,1000,14,1,$
14,840,2004,2891,2891,1000,14,1,$
14,840,2004,2892,2892,1000,14,1,$
14,840,2004,2893,2893,1000,14,1,$
14,840,2004,2899,2899,1000,14,1,$
14,840,2004,291,291,1000,14,1,$
14,840,2004,2911,2911,1000,14,1,$
14,840,2004,2912,2912,1000,14,1,$
14,840,2004,2913,2913,1000,14,1,$
14,840,2004,2914,2914,1000,14,1,$
14,840,2004,2915,2915,1000,14,1,$
14,840,2004,2919,2919,1000,14,1,$
14,840,2004,292,292,1000,14,1,$
14,840,2004,2921,2921,1000,14,1,$
14,840,2004,2922,2922,1000,14,1,$
14,840,2004,2923,2923,1000,14,1,$
14,840,2004,2924,2924,1000,14,1,$
14,840,2004,2925,2925,NA,14,0,$
14,840,2004,2926,2926,NA,14,0,$
14,840,2004,2927,2927,1000,14,1,$
14,840,2004,2929,2929,1000,14,1,$
14,840,2004,2930,2930,1000,14,1,$
14,840,2004,3000,3000,1000,14,1,$
14,840,2004,3110,3110,1000,14,1,$
14,840,2004,3120,3120,1000,14,1,$
14,840,2004,3130,3130,1000,14,1,$
14,840,2004,3140,3140,1000,14,1,$
14,840,2004,3150,3150,1000,14,1,$
14,840,2004,3190,3190,1000,14,1,$
14,840,2004,3210,3210,1000,14,1,$
14,840,2004,3220,3220,1000,14,1,$
14,840,2004,3230,3230,1000,14,1,$
14,840,2004,331,331,1000,14,1,$
14,840,2004,3311,3311,1000,14,1,$
14,840,2004,3312,3312,1000,14,1,$
14,840,2004,3313,3313,1000,14,1,$
14,840,2004,3320,3320,1000,14,1,$
14,840,2004,3330,3330,1000,14,1,$
14,840,2004,3410,3410,1000,14,1,$
14,840,2004,3420,3420,1000,14,1,$
14,840,2004,3430,3430,1000,14,1,$
14,840,2004,351,351,1000,14,1,$
14,840,2004,3511,3511,1000,14,1,$
14,840,2004,3512,3512,1000,14,1,$
14,840,2004,3520,3520,1000,14,1,$
14,840,2004,3530,3530,1000,14,1,$
14,840,2004,359,359,1000,14,1,$
14,840,2004,3591,3591,1000,14,1,$
14,840,2004,3592,3592,NA,14,0,$
14,840,2004,3599,3599,NA,14,0,$
14,840,2004,3610,3610,1000,14,1,$
14,840,2004,369,369,1000,14,1,$
14,840,2004,3691,3691,1000,14,1,$
14,840,2004,3692,3692,1000,14,1,$
14,840,2004,3693,3693,1000,14,1,$
14,840,2004,3694,3694,1000,14,1,$
14,840,2004,3699,3699,1000,14,1,$
14,840,2004,3710,3710,NA,14,0,$
14,840,2004,3720,3720,NA,14,0,$
14,840,2005,151,151,1000,14,1,$
14,840,2005,1511,1511,1000,14,1,$
14,840,2005,1512,1512,1000,14,1,$
14,840,2005,1513,1513,1000,14,1,$
14,840,2005,1514,1514,1000,14,1,$
14,840,2005,1520,1520,1000,14,1,$
14,840,2005,153,153,1000,14,1,$
14,840,2005,1531,1531,1000,14,1,$
14,840,2005,1532,1532,1000,14,1,$
14,840,2005,1533,1533,1000,14,1,$
14,840,2005,154,154,1000,14,1,$
14,840,2005,1541,1541,1000,14,1,$
14,840,2005,1542,1542,1000,14,1,$
14,840,2005,1543,1543,1000,14,1,$
14,840,2005,1544,1544,NA,14,0,$
14,840,2005,1549,1549,1000,14,1,$
14,840,2005,155,155,1000,14,1,$
14,840,2005,1551,1551,1000,14,1,$
14,840,2005,1552,1552,1000,14,1,$
14,840,2005,1553,1553,1000,14,1,$
14,840,2005,1554,1554,1000,14,1,$
14,840,2005,1600,1600,1000,14,1,$
14,840,2005,171,171,1000,14,1,$
14,840,2005,1711,1711,1000,14,1,$
14,840,2005,1712,1712,1000,14,1,$
14,840,2005,172,172,1000,14,1,$
14,840,2005,1721,1721,1000,14,1,$
14,840,2005,1722,1722,1000,14,1,$
14,840,2005,1723,1723,1000,14,1,$
14,840,2005,1729,1729,1000,14,1,$
14,840,2005,1730,1730,1000,14,1,$
14,840,2005,1810,1810,1000,14,1,$
14,840,2005,1820,1820,NA,14,0,$
14,840,2005,191,191,1000,14,1,$
14,840,2005,1911,1911,1000,14,1,$
14,840,2005,1912,1912,1000,14,1,$
14,840,2005,1920,1920,1000,14,1,$
14,840,2005,2010,2010,1000,14,1,$
14,840,2005,202,202,1000,14,1,$
14,840,2005,2021,2021,1000,14,1,$
14,840,2005,2022,2022,1000,14,1,$
14,840,2005,2023,2023,1000,14,1,$
14,840,2005,2029,2029,1000,14,1,$
14,840,2005,210,210,1000,14,1,$
14,840,2005,2101,2101,1000,14,1,$
14,840,2005,2102,2102,1000,14,1,$
14,840,2005,2109,2109,1000,14,1,$
14,840,2005,221,221,NA,14,0,$
14,840,2005,2211,2211,NA,14,0,$
14,840,2005,2212,2212,NA,14,0,$
14,840,2005,2213,2213,NA,14,0,$
14,840,2005,2219,2219,NA,14,0,$
14,840,2005,222,222,1000,14,1,$
14,840,2005,2221,2221,1000,14,1,$
14,840,2005,2222,2222,1000,14,1,$
14,840,2005,2230,2230,1000,14,1,$
14,840,2005,2310,2310,NA,14,0,$
14,840,2005,2320,2320,1000,14,1,$
14,840,2005,2330,2330,NA,14,0,$
14,840,2005,241,241,1000,14,1,$
14,840,2005,2411,2411,1000,14,1,$
14,840,2005,2412,2412,1000,14,1,$
14,840,2005,2413,2413,1000,14,1,$
14,840,2005,242,242,1000,14,1,$
14,840,2005,2421,2421,1000,14,1,$
14,840,2005,2422,2422,1000,14,1,$
14,840,2005,2423,2423,1000,14,1,$
14,840,2005,2424,2424,1000,14,1,$
14,840,2005,2429,2429,1000,14,1,$
14,840,2005,2430,2430,1000,14,1,$
14,840,2005,251,251,1000,14,1,$
14,840,2005,2511,2511,1000,14,1,$
14,840,2005,2519,2519,1000,14,1,$
14,840,2005,2520,2520,1000,14,1,$
14,840,2005,2610,2610,1000,14,1,$
14,840,2005,269,269,1000,14,1,$
14,840,2005,2691,2691,1000,14,1,$
14,840,2005,2692,2692,1000,14,1,$
14,840,2005,2693,2693,1000,14,1,$
14,840,2005,2694,2694,1000,14,1,$
14,840,2005,2695,2695,1000,14,1,$
14,840,2005,2696,2696,1000,14,1,$
14,840,2005,2699,2699,1000,14,1,$
14,840,2005,2710,2710,1000,14,1,$
14,840,2005,2720,2720,1000,14,1,$
14,840,2005,273,273,1000,14,1,$
14,840,2005,2731,2731,1000,14,1,$
14,840,2005,2732,2732,1000,14,1,$
14,840,2005,281,281,1000,14,1,$
14,840,2005,2811,2811,1000,14,1,$
14,840,2005,2812,2812,1000,14,1,$
14,840,2005,2813,2813,1000,14,1,$
14,840,2005,289,289,1000,14,1,$
14,840,2005,2891,2891,1000,14,1,$
14,840,2005,2892,2892,1000,14,1,$
14,840,2005,2893,2893,1000,14,1,$
14,840,2005,2899,2899,1000,14,1,$
14,840,2005,291,291,1000,14,1,$
14,840,2005,2911,2911,1000,14,1,$
14,840,2005,2912,2912,1000,14,1,$
14,840,2005,2913,2913,1000,14,1,$
14,840,2005,2914,2914,1000,14,1,$
14,840,2005,2915,2915,1000,14,1,$
14,840,2005,2919,2919,1000,14,1,$
14,840,2005,292,292,1000,14,1,$
14,840,2005,2921,2921,1000,14,1,$
14,840,2005,2922,2922,1000,14,1,$
14,840,2005,2923,2923,1000,14,1,$
14,840,2005,2924,2924,1000,14,1,$
14,840,2005,2925,2925,NA,14,0,$
14,840,2005,2926,2926,NA,14,0,$
14,840,2005,2927,2927,1000,14,1,$
14,840,2005,2929,2929,1000,14,1,$
14,840,2005,2930,2930,1000,14,1,$
14,840,2005,3000,3000,1000,14,1,$
14,840,2005,3110,3110,1000,14,1,$
14,840,2005,3120,3120,1000,14,1,$
14,840,2005,3130,3130,1000,14,1,$
14,840,2005,3140,3140,1000,14,1,$
14,840,2005,3150,3150,1000,14,1,$
14,840,2005,3190,3190,1000,14,1,$
14,840,2005,3210,3210,1000,14,1,$
14,840,2005,3220,3220,1000,14,1,$
14,840,2005,3230,3230,1000,14,1,$
14,840,2005,331,331,1000,14,1,$
14,840,2005,3311,3311,1000,14,1,$
14,840,2005,3312,3312,1000,14,1,$
14,840,2005,3313,3313,1000,14,1,$
14,840,2005,3320,3320,1000,14,1,$
14,840,2005,3330,3330,1000,14,1,$
14,840,2005,3410,3410,1000,14,1,$
14,840,2005,3420,3420,1000,14,1,$
14,840,2005,3430,3430,1000,14,1,$
14,840,2005,351,351,1000,14,1,$
14,840,2005,3511,3511,1000,14,1,$
14,840,2005,3512,3512,1000,14,1,$
14,840,2005,3520,3520,1000,14,1,$
14,840,2005,3530,3530,1000,14,1,$
14,840,2005,359,359,1000,14,1,$
14,840,2005,3591,3591,1000,14,1,$
14,840,2005,3592,3592,NA,14,0,$
14,840,2005,3599,3599,NA,14,0,$
14,840,2005,3610,3610,1000,14,1,$
14,840,2005,369,369,1000,14,1,$
14,840,2005,3691,3691,1000,14,1,$
14,840,2005,3692,3692,1000,14,1,$
14,840,2005,3693,3693,1000,14,1,$
14,840,2005,3694,3694,1000,14,1,$
14,840,2005,3699,3699,1000,14,1,$
14,840,2005,3710,3710,NA,14,0,$
14,840,2005,3720,3720,NA,14,0,$
14,840,2006,151,151,1000,14,1,$
14,840,2006,1511,1511,1000,14,1,$
14,840,2006,1512,1512,1000,14,1,$
14,840,2006,1513,1513,1000,14,1,$
14,840,2006,1514,1514,1000,14,1,$
14,840,2006,1520,1520,1000,14,1,$
14,840,2006,153,153,1000,14,1,$
14,840,2006,1531,1531,1000,14,1,$
14,840,2006,1532,1532,1000,14,1,$
14,840,2006,1533,1533,1000,14,1,$
14,840,2006,154,154,1000,14,1,$
14,840,2006,1541,1541,1000,14,1,$
14,840,2006,1542,1542,1000,14,1,$
14,840,2006,1543,1543,1000,14,1,$
14,840,2006,1544,1544,NA,14,0,$
14,840,2006,1549,1549,1000,14,1,$
14,840,2006,155,155,1000,14,1,$
14,840,2006,1551,1551,1000,14,1,$
14,840,2006,1552,1552,1000,14,1,$
14,840,2006,1553,1553,1000,14,1,$
14,840,2006,1554,1554,1000,14,1,$
14,840,2006,1600,1600,1000,14,1,$
14,840,2006,171,171,1000,14,1,$
14,840,2006,1711,1711,1000,14,1,$
14,840,2006,1712,1712,1000,14,1,$
14,840,2006,172,172,1000,14,1,$
14,840,2006,1721,1721,1000,14,1,$
14,840,2006,1722,1722,1000,14,1,$
14,840,2006,1723,1723,1000,14,1,$
14,840,2006,1729,1729,1000,14,1,$
14,840,2006,1730,1730,1000,14,1,$
14,840,2006,1810,1810,1000,14,1,$
14,840,2006,1820,1820,NA,14,0,$
14,840,2006,191,191,1000,14,1,$
14,840,2006,1911,1911,1000,14,1,$
14,840,2006,1912,1912,1000,14,1,$
14,840,2006,1920,1920,1000,14,1,$
14,840,2006,2010,2010,1000,14,1,$
14,840,2006,202,202,1000,14,1,$
14,840,2006,2021,2021,1000,14,1,$
14,840,2006,2022,2022,1000,14,1,$
14,840,2006,2023,2023,1000,14,1,$
14,840,2006,2029,2029,1000,14,1,$
14,840,2006,210,210,1000,14,1,$
14,840,2006,2101,2101,1000,14,1,$
14,840,2006,2102,2102,1000,14,1,$
14,840,2006,2109,2109,1000,14,1,$
14,840,2006,221,221,NA,14,0,$
14,840,2006,2211,2211,NA,14,0,$
14,840,2006,2212,2212,NA,14,0,$
14,840,2006,2213,2213,NA,14,0,$
14,840,2006,2219,2219,NA,14,0,$
14,840,2006,222,222,1000,14,1,$
14,840,2006,2221,2221,1000,14,1,$
14,840,2006,2222,2222,1000,14,1,$
14,840,2006,2230,2230,1000,14,1,$
14,840,2006,2310,2310,NA,14,0,$
14,840,2006,2320,2320,1000,14,1,$
14,840,2006,2330,2330,NA,14,0,$
14,840,2006,241,241,1000,14,1,$
14,840,2006,2411,2411,1000,14,1,$
14,840,2006,2412,2412,1000,14,1,$
14,840,2006,2413,2413,1000,14,1,$
14,840,2006,242,242,1000,14,1,$
14,840,2006,2421,2421,1000,14,1,$
14,840,2006,2422,2422,1000,14,1,$
14,840,2006,2423,2423,1000,14,1,$
14,840,2006,2424,2424,1000,14,1,$
14,840,2006,2429,2429,1000,14,1,$
14,840,2006,2430,2430,1000,14,1,$
14,840,2006,251,251,1000,14,1,$
14,840,2006,2511,2511,1000,14,1,$
14,840,2006,2519,2519,1000,14,1,$
14,840,2006,2520,2520,1000,14,1,$
14,840,2006,2610,2610,1000,14,1,$
14,840,2006,269,269,1000,14,1,$
14,840,2006,2691,2691,1000,14,1,$
14,840,2006,2692,2692,1000,14,1,$
14,840,2006,2693,2693,1000,14,1,$
14,840,2006,2694,2694,1000,14,1,$
14,840,2006,2695,2695,1000,14,1,$
14,840,2006,2696,2696,1000,14,1,$
14,840,2006,2699,2699,1000,14,1,$
14,840,2006,2710,2710,1000,14,1,$
14,840,2006,2720,2720,1000,14,1,$
14,840,2006,273,273,1000,14,1,$
14,840,2006,2731,2731,1000,14,1,$
14,840,2006,2732,2732,1000,14,1,$
14,840,2006,281,281,1000,14,1,$
14,840,2006,2811,2811,1000,14,1,$
14,840,2006,2812,2812,1000,14,1,$
14,840,2006,2813,2813,1000,14,1,$
14,840,2006,289,289,1000,14,1,$
14,840,2006,2891,2891,1000,14,1,$
14,840,2006,2892,2892,1000,14,1,$
14,840,2006,2893,2893,1000,14,1,$
14,840,2006,2899,2899,1000,14,1,$
14,840,2006,291,291,1000,14,1,$
14,840,2006,2911,2911,1000,14,1,$
14,840,2006,2912,2912,1000,14,1,$
14,840,2006,2913,2913,1000,14,1,$
14,840,2006,2914,2914,1000,14,1,$
14,840,2006,2915,2915,1000,14,1,$
14,840,2006,2919,2919,1000,14,1,$
14,840,2006,292,292,1000,14,1,$
14,840,2006,2921,2921,1000,14,1,$
14,840,2006,2922,2922,1000,14,1,$
14,840,2006,2923,2923,1000,14,1,$
14,840,2006,2924,2924,1000,14,1,$
14,840,2006,2925,2925,NA,14,0,$
14,840,2006,2926,2926,NA,14,0,$
14,840,2006,2927,2927,1000,14,1,$
14,840,2006,2929,2929,1000,14,1,$
14,840,2006,2930,2930,1000,14,1,$
14,840,2006,3000,3000,1000,14,1,$
14,840,2006,3110,3110,1000,14,1,$
14,840,2006,3120,3120,1000,14,1,$
14,840,2006,3130,3130,1000,14,1,$
14,840,2006,3140,3140,1000,14,1,$
14,840,2006,3150,3150,1000,14,1,$
14,840,2006,3190,3190,1000,14,1,$
14,840,2006,3210,3210,1000,14,1,$
14,840,2006,3220,3220,1000,14,1,$
14,840,2006,3230,3230,1000,14,1,$
14,840,2006,331,331,1000,14,1,$
14,840,2006,3311,3311,1000,14,1,$
14,840,2006,3312,3312,1000,14,1,$
14,840,2006,3313,3313,1000,14,1,$
14,840,2006,3320,3320,1000,14,1,$
14,840,2006,3330,3330,1000,14,1,$
14,840,2006,3410,3410,1000,14,1,$
14,840,2006,3420,3420,1000,14,1,$
14,840,2006,3430,3430,1000,14,1,$
14,840,2006,351,351,1000,14,1,$
14,840,2006,3511,3511,1000,14,1,$
14,840,2006,3512,3512,1000,14,1,$
14,840,2006,3520,3520,1000,14,1,$
14,840,2006,3530,3530,1000,14,1,$
14,840,2006,359,359,1000,14,1,$
14,840,2006,3591,3591,1000,14,1,$
14,840,2006,3592,3592,NA,14,0,$
14,840,2006,3599,3599,NA,14,0,$
14,840,2006,3610,3610,1000,14,1,$
14,840,2006,369,369,1000,14,1,$
14,840,2006,3691,3691,1000,14,1,$
14,840,2006,3692,3692,1000,14,1,$
14,840,2006,3693,3693,1000,14,1,$
14,840,2006,3694,3694,1000,14,1,$
14,840,2006,3699,3699,1000,14,1,$
14,840,2006,3710,3710,NA,14,0,$
14,840,2006,3720,3720,NA,14,0,$
14,840,2007,151,151,1000,14,1,$
14,840,2007,1511,1511,1000,14,1,$
14,840,2007,1512,1512,1000,14,1,$
14,840,2007,1513,1513,1000,14,1,$
14,840,2007,1514,1514,1000,14,1,$
14,840,2007,1520,1520,1000,14,1,$
14,840,2007,153,153,1000,14,1,$
14,840,2007,1531,1531,1000,14,1,$
14,840,2007,1532,1532,1000,14,1,$
14,840,2007,1533,1533,1000,14,1,$
14,840,2007,154,154,1000,14,1,$
14,840,2007,1541,1541,1000,14,1,$
14,840,2007,1542,1542,1000,14,1,$
14,840,2007,1543,1543,1000,14,1,$
14,840,2007,1544,1544,NA,14,0,$
14,840,2007,1549,1549,1000,14,1,$
14,840,2007,155,155,1000,14,1,$
14,840,2007,1551,1551,1000,14,1,$
14,840,2007,1552,1552,1000,14,1,$
14,840,2007,1553,1553,1000,14,1,$
14,840,2007,1554,1554,1000,14,1,$
14,840,2007,1600,1600,1000,14,1,$
14,840,2007,171,171,1000,14,1,$
14,840,2007,1711,1711,1000,14,1,$
14,840,2007,1712,1712,1000,14,1,$
14,840,2007,172,172,1000,14,1,$
14,840,2007,1721,1721,1000,14,1,$
14,840,2007,1722,1722,1000,14,1,$
14,840,2007,1723,1723,1000,14,1,$
14,840,2007,1729,1729,1000,14,1,$
14,840,2007,1730,1730,1000,14,1,$
14,840,2007,1810,1810,1000,14,1,$
14,840,2007,1820,1820,NA,14,0,$
14,840,2007,191,191,1000,14,1,$
14,840,2007,1911,1911,1000,14,1,$
14,840,2007,1912,1912,1000,14,1,$
14,840,2007,1920,1920,1000,14,1,$
14,840,2007,2010,2010,1000,14,1,$
14,840,2007,202,202,1000,14,1,$
14,840,2007,2021,2021,1000,14,1,$
14,840,2007,2022,2022,1000,14,1,$
14,840,2007,2023,2023,1000,14,1,$
14,840,2007,2029,2029,1000,14,1,$
14,840,2007,210,210,1000,14,1,$
14,840,2007,2101,2101,1000,14,1,$
14,840,2007,2102,2102,1000,14,1,$
14,840,2007,2109,2109,1000,14,1,$
14,840,2007,221,221,NA,14,0,$
14,840,2007,2211,2211,NA,14,0,$
14,840,2007,2212,2212,NA,14,0,$
14,840,2007,2213,2213,NA,14,0,$
14,840,2007,2219,2219,NA,14,0,$
14,840,2007,222,222,1000,14,1,$
14,840,2007,2221,2221,1000,14,1,$
14,840,2007,2222,2222,1000,14,1,$
14,840,2007,2230,2230,1000,14,1,$
14,840,2007,2310,2310,NA,14,0,$
14,840,2007,2320,2320,1000,14,1,$
14,840,2007,2330,2330,NA,14,0,$
14,840,2007,241,241,1000,14,1,$
14,840,2007,2411,2411,1000,14,1,$
14,840,2007,2412,2412,1000,14,1,$
14,840,2007,2413,2413,1000,14,1,$
14,840,2007,242,242,1000,14,1,$
14,840,2007,2421,2421,1000,14,1,$
14,840,2007,2422,2422,1000,14,1,$
14,840,2007,2423,2423,1000,14,1,$
14,840,2007,2424,2424,1000,14,1,$
14,840,2007,2429,2429,1000,14,1,$
14,840,2007,2430,2430,1000,14,1,$
14,840,2007,251,251,1000,14,1,$
14,840,2007,2511,2511,1000,14,1,$
14,840,2007,2519,2519,1000,14,1,$
14,840,2007,2520,2520,1000,14,1,$
14,840,2007,2610,2610,1000,14,1,$
14,840,2007,269,269,1000,14,1,$
14,840,2007,2691,2691,1000,14,1,$
14,840,2007,2692,2692,1000,14,1,$
14,840,2007,2693,2693,1000,14,1,$
14,840,2007,2694,2694,1000,14,1,$
14,840,2007,2695,2695,1000,14,1,$
14,840,2007,2696,2696,1000,14,1,$
14,840,2007,2699,2699,1000,14,1,$
14,840,2007,2710,2710,1000,14,1,$
14,840,2007,2720,2720,1000,14,1,$
14,840,2007,273,273,1000,14,1,$
14,840,2007,2731,2731,1000,14,1,$
14,840,2007,2732,2732,1000,14,1,$
14,840,2007,281,281,1000,14,1,$
14,840,2007,2811,2811,1000,14,1,$
14,840,2007,2812,2812,1000,14,1,$
14,840,2007,2813,2813,1000,14,1,$
14,840,2007,289,289,1000,14,1,$
14,840,2007,2891,2891,1000,14,1,$
14,840,2007,2892,2892,1000,14,1,$
14,840,2007,2893,2893,1000,14,1,$
14,840,2007,2899,2899,1000,14,1,$
14,840,2007,291,291,1000,14,1,$
14,840,2007,2911,2911,1000,14,1,$
14,840,2007,2912,2912,1000,14,1,$
14,840,2007,2913,2913,1000,14,1,$
14,840,2007,2914,2914,1000,14,1,$
14,840,2007,2915,2915,1000,14,1,$
14,840,2007,2919,2919,1000,14,1,$
14,840,2007,292,292,1000,14,1,$
14,840,2007,2921,2921,1000,14,1,$
14,840,2007,2922,2922,1000,14,1,$
14,840,2007,2923,2923,1000,14,1,$
14,840,2007,2924,2924,1000,14,1,$
14,840,2007,2925,2925,NA,14,0,$
14,840,2007,2926,2926,NA,14,0,$
14,840,2007,2927,2927,1000,14,1,$
14,840,2007,2929,2929,1000,14,1,$
14,840,2007,2930,2930,1000,14,1,$
14,840,2007,3000,3000,1000,14,1,$
14,840,2007,3110,3110,1000,14,1,$
14,840,2007,3120,3120,1000,14,1,$
14,840,2007,3130,3130,1000,14,1,$
14,840,2007,3140,3140,1000,14,1,$
14,840,2007,3150,3150,1000,14,1,$
14,840,2007,3190,3190,1000,14,1,$
14,840,2007,3210,3210,1000,14,1,$
14,840,2007,3220,3220,1000,14,1,$
14,840,2007,3230,3230,1000,14,1,$
14,840,2007,331,331,1000,14,1,$
14,840,2007,3311,3311,1000,14,1,$
14,840,2007,3312,3312,1000,14,1,$
14,840,2007,3313,3313,1000,14,1,$
14,840,2007,3320,3320,1000,14,1,$
14,840,2007,3330,3330,1000,14,1,$
14,840,2007,3410,3410,1000,14,1,$
14,840,2007,3420,3420,1000,14,1,$
14,840,2007,3430,3430,1000,14,1,$
14,840,2007,351,351,1000,14,1,$
14,840,2007,3511,3511,1000,14,1,$
14,840,2007,3512,3512,1000,14,1,$
14,840,2007,3520,3520,1000,14,1,$
14,840,2007,3530,3530,1000,14,1,$
14,840,2007,359,359,1000,14,1,$
14,840,2007,3591,3591,1000,14,1,$
14,840,2007,3592,3592,NA,14,0,$
14,840,2007,3599,3599,NA,14,0,$
14,840,2007,3610,3610,1000,14,1,$
14,840,2007,369,369,1000,14,1,$
14,840,2007,3691,3691,1000,14,1,$
14,840,2007,3692,3692,1000,14,1,$
14,840,2007,3693,3693,1000,14,1,$
14,840,2007,3694,3694,1000,14,1,$
14,840,2007,3699,3699,1000,14,1,$
14,840,2007,3710,3710,NA,14,0,$
14,840,2007,3720,3720,NA,14,0,$
14,840,2008,151,151,1000,14,1,$
14,840,2008,1511,1511,1000,14,1,$
14,840,2008,1512,1512,1000,14,1,$
14,840,2008,1513,1513,1000,14,1,$
14,840,2008,1514,1514,1000,14,1,$
14,840,2008,1520,1520,1000,14,1,$
14,840,2008,153,153,1000,14,1,$
14,840,2008,1531,1531,1000,14,1,$
14,840,2008,1532,1532,1000,14,1,$
14,840,2008,1533,1533,1000,14,1,$
14,840,2008,154,154,1000,14,1,$
14,840,2008,1541,1541,1000,14,1,$
14,840,2008,1542,1542,1000,14,1,$
14,840,2008,1543,1543,1000,14,1,$
14,840,2008,1544,1544,NA,14,0,$
14,840,2008,1549,1549,1000,14,1,$
14,840,2008,155,155,1000,14,1,$
14,840,2008,1551,1551,1000,14,1,$
14,840,2008,1552,1552,1000,14,1,$
14,840,2008,1553,1553,1000,14,1,$
14,840,2008,1554,1554,1000,14,1,$
14,840,2008,1600,1600,1000,14,1,$
14,840,2008,171,171,1000,14,1,$
14,840,2008,1711,1711,1000,14,1,$
14,840,2008,1712,1712,1000,14,1,$
14,840,2008,172,172,1000,14,1,$
14,840,2008,1721,1721,1000,14,1,$
14,840,2008,1722,1722,1000,14,1,$
14,840,2008,1723,1723,1000,14,1,$
14,840,2008,1729,1729,1000,14,1,$
14,840,2008,1730,1730,1000,14,1,$
14,840,2008,1810,1810,1000,14,1,$
14,840,2008,1820,1820,NA,14,0,$
14,840,2008,191,191,1000,14,1,$
14,840,2008,1911,1911,1000,14,1,$
14,840,2008,1912,1912,1000,14,1,$
14,840,2008,1920,1920,1000,14,1,$
14,840,2008,2010,2010,1000,14,1,$
14,840,2008,202,202,1000,14,1,$
14,840,2008,2021,2021,1000,14,1,$
14,840,2008,2022,2022,1000,14,1,$
14,840,2008,2023,2023,1000,14,1,$
14,840,2008,2029,2029,1000,14,1,$
14,840,2008,210,210,1000,14,1,$
14,840,2008,2101,2101,1000,14,1,$
14,840,2008,2102,2102,1000,14,1,$
14,840,2008,2109,2109,1000,14,1,$
14,840,2008,221,221,NA,14,0,$
14,840,2008,2211,2211,NA,14,0,$
14,840,2008,2212,2212,NA,14,0,$
14,840,2008,2213,2213,NA,14,0,$
14,840,2008,2219,2219,NA,14,0,$
14,840,2008,222,222,1000,14,1,$
14,840,2008,2221,2221,1000,14,1,$
14,840,2008,2222,2222,1000,14,1,$
14,840,2008,2230,2230,1000,14,1,$
14,840,2008,2310,2310,NA,14,0,$
14,840,2008,2320,2320,1000,14,1,$
14,840,2008,2330,2330,NA,14,0,$
14,840,2008,241,241,1000,14,1,$
14,840,2008,2411,2411,1000,14,1,$
14,840,2008,2412,2412,1000,14,1,$
14,840,2008,2413,2413,1000,14,1,$
14,840,2008,242,242,1000,14,1,$
14,840,2008,2421,2421,1000,14,1,$
14,840,2008,2422,2422,1000,14,1,$
14,840,2008,2423,2423,1000,14,1,$
14,840,2008,2424,2424,1000,14,1,$
14,840,2008,2429,2429,1000,14,1,$
14,840,2008,2430,2430,1000,14,1,$
14,840,2008,251,251,1000,14,1,$
14,840,2008,2511,2511,1000,14,1,$
14,840,2008,2519,2519,1000,14,1,$
14,840,2008,2520,2520,1000,14,1,$
14,840,2008,2610,2610,1000,14,1,$
14,840,2008,269,269,1000,14,1,$
14,840,2008,2691,2691,1000,14,1,$
14,840,2008,2692,2692,1000,14,1,$
14,840,2008,2693,2693,1000,14,1,$
14,840,2008,2694,2694,1000,14,1,$
14,840,2008,2695,2695,1000,14,1,$
14,840,2008,2696,2696,1000,14,1,$
14,840,2008,2699,2699,1000,14,1,$
14,840,2008,2710,2710,1000,14,1,$
14,840,2008,2720,2720,1000,14,1,$
14,840,2008,273,273,1000,14,1,$
14,840,2008,2731,2731,1000,14,1,$
14,840,2008,2732,2732,1000,14,1,$
14,840,2008,281,281,1000,14,1,$
14,840,2008,2811,2811,1000,14,1,$
14,840,2008,2812,2812,1000,14,1,$
14,840,2008,2813,2813,1000,14,1,$
14,840,2008,289,289,1000,14,1,$
14,840,2008,2891,2891,1000,14,1,$
14,840,2008,2892,2892,1000,14,1,$
14,840,2008,2893,2893,1000,14,1,$
14,840,2008,2899,2899,1000,14,1,$
14,840,2008,291,291,1000,14,1,$
14,840,2008,2911,2911,1000,14,1,$
14,840,2008,2912,2912,1000,14,1,$
14,840,2008,2913,2913,1000,14,1,$
14,840,2008,2914,2914,1000,14,1,$
14,840,2008,2915,2915,1000,14,1,$
14,840,2008,2919,2919,1000,14,1,$
14,840,2008,292,292,1000,14,1,$
14,840,2008,2921,2921,1000,14,1,$
14,840,2008,2922,2922,1000,14,1,$
14,840,2008,2923,2923,1000,14,1,$
14,840,2008,2924,2924,1000,14,1,$
14,840,2008,2925,2925,NA,14,0,$
14,840,2008,2926,2926,NA,14,0,$
14,840,2008,2927,2927,1000,14,1,$
14,840,2008,2929,2929,1000,14,1,$
14,840,2008,2930,2930,1000,14,1,$
14,840,2008,3000,3000,1000,14,1,$
14,840,2008,3110,3110,1000,14,1,$
14,840,2008,3120,3120,1000,14,1,$
14,840,2008,3130,3130,1000,14,1,$
14,840,2008,3140,3140,1000,14,1,$
14,840,2008,3150,3150,1000,14,1,$
14,840,2008,3190,3190,1000,14,1,$
14,840,2008,3210,3210,1000,14,1,$
14,840,2008,3220,3220,1000,14,1,$
14,840,2008,3230,3230,1000,14,1,$
14,840,2008,331,331,1000,14,1,$
14,840,2008,3311,3311,1000,14,1,$
14,840,2008,3312,3312,1000,14,1,$
14,840,2008,3313,3313,1000,14,1,$
14,840,2008,3320,3320,1000,14,1,$
14,840,2008,3330,3330,1000,14,1,$
14,840,2008,3410,3410,1000,14,1,$
14,840,2008,3420,3420,1000,14,1,$
14,840,2008,3430,3430,1000,14,1,$
14,840,2008,351,351,1000,14,1,$
14,840,2008,3511,3511,1000,14,1,$
14,840,2008,3512,3512,1000,14,1,$
14,840,2008,3520,3520,1000,14,1,$
14,840,2008,3530,3530,1000,14,1,$
14,840,2008,359,359,1000,14,1,$
14,840,2008,3591,3591,1000,14,1,$
14,840,2008,3592,3592,NA,14,0,$
14,840,2008,3599,3599,NA,14,0,$
14,840,2008,3610,3610,1000,14,1,$
14,840,2008,369,369,1000,14,1,$
14,840,2008,3691,3691,1000,14,1,$
14,840,2008,3692,3692,1000,14,1,$
14,840,2008,3693,3693,1000,14,1,$
14,840,2008,3694,3694,1000,14,1,$
14,840,2008,3699,3699,1000,14,1,$
14,840,2008,3710,3710,NA,14,0,$
14,840,2008,3720,3720,NA,14,0,$
14,840,2009,151,151,NA,14,0,$
14,840,2009,1511,1511,NA,14,0,$
14,840,2009,1512,1512,NA,14,0,$
14,840,2009,1513,1513,NA,14,0,$
14,840,2009,1514,1514,NA,14,0,$
14,840,2009,1520,1520,NA,14,0,$
14,840,2009,153,153,NA,14,0,$
14,840,2009,1531,1531,NA,14,0,$
14,840,2009,1532,1532,NA,14,0,$
14,840,2009,1533,1533,NA,14,0,$
14,840,2009,154,154,NA,14,0,$
14,840,2009,1541,1541,NA,14,0,$
14,840,2009,1542,1542,NA,14,0,$
14,840,2009,1543,1543,NA,14,0,$
14,840,2009,1544,1544,NA,14,0,$
14,840,2009,1549,1549,NA,14,0,$
14,840,2009,155,155,NA,14,0,$
14,840,2009,1551,1551,NA,14,0,$
14,840,2009,1552,1552,NA,14,0,$
14,840,2009,1553,1553,NA,14,0,$
14,840,2009,1554,1554,NA,14,0,$
14,840,2009,1600,1600,NA,14,0,$
14,840,2009,171,171,NA,14,0,$
14,840,2009,1711,1711,NA,14,0,$
14,840,2009,1712,1712,NA,14,0,$
14,840,2009,172,172,NA,14,0,$
14,840,2009,1721,1721,NA,14,0,$
14,840,2009,1722,1722,NA,14,0,$
14,840,2009,1723,1723,NA,14,0,$
14,840,2009,1729,1729,NA,14,0,$
14,840,2009,1730,1730,NA,14,0,$
14,840,2009,1810,1810,NA,14,0,$
14,840,2009,1820,1820,NA,14,0,$
14,840,2009,191,191,NA,14,0,$
14,840,2009,1911,1911,NA,14,0,$
14,840,2009,1912,1912,NA,14,0,$
14,840,2009,1920,1920,NA,14,0,$
14,840,2009,2010,2010,NA,14,0,$
14,840,2009,202,202,NA,14,0,$
14,840,2009,2021,2021,NA,14,0,$
14,840,2009,2022,2022,NA,14,0,$
14,840,2009,2023,2023,NA,14,0,$
14,840,2009,2029,2029,NA,14,0,$
14,840,2009,210,210,NA,14,0,$
14,840,2009,2101,2101,NA,14,0,$
14,840,2009,2102,2102,NA,14,0,$
14,840,2009,2109,2109,NA,14,0,$
14,840,2009,221,221,NA,14,0,$
14,840,2009,2211,2211,NA,14,0,$
14,840,2009,2212,2212,NA,14,0,$
14,840,2009,2213,2213,NA,14,0,$
14,840,2009,2219,2219,NA,14,0,$
14,840,2009,222,222,NA,14,0,$
14,840,2009,2221,2221,NA,14,0,$
14,840,2009,2222,2222,NA,14,0,$
14,840,2009,2230,2230,NA,14,0,$
14,840,2009,2310,2310,NA,14,0,$
14,840,2009,2320,2320,NA,14,0,$
14,840,2009,2330,2330,NA,14,0,$
14,840,2009,241,241,NA,14,0,$
14,840,2009,2411,2411,NA,14,0,$
14,840,2009,2412,2412,NA,14,0,$
14,840,2009,2413,2413,NA,14,0,$
14,840,2009,242,242,NA,14,0,$
14,840,2009,2421,2421,NA,14,0,$
14,840,2009,2422,2422,NA,14,0,$
14,840,2009,2423,2423,NA,14,0,$
14,840,2009,2424,2424,NA,14,0,$
14,840,2009,2429,2429,NA,14,0,$
14,840,2009,2430,2430,NA,14,0,$
14,840,2009,251,251,NA,14,0,$
14,840,2009,2511,2511,NA,14,0,$
14,840,2009,2519,2519,NA,14,0,$
14,840,2009,2520,2520,NA,14,0,$
14,840,2009,2610,2610,NA,14,0,$
14,840,2009,269,269,NA,14,0,$
14,840,2009,2691,2691,NA,14,0,$
14,840,2009,2692,2692,NA,14,0,$
14,840,2009,2693,2693,NA,14,0,$
14,840,2009,2694,2694,NA,14,0,$
14,840,2009,2695,2695,NA,14,0,$
14,840,2009,2696,2696,NA,14,0,$
14,840,2009,2699,2699,NA,14,0,$
14,840,2009,2710,2710,NA,14,0,$
14,840,2009,2720,2720,NA,14,0,$
14,840,2009,273,273,NA,14,0,$
14,840,2009,2731,2731,NA,14,0,$
14,840,2009,2732,2732,NA,14,0,$
14,840,2009,281,281,NA,14,0,$
14,840,2009,2811,2811,NA,14,0,$
14,840,2009,2812,2812,NA,14,0,$
14,840,2009,2813,2813,NA,14,0,$
14,840,2009,289,289,NA,14,0,$
14,840,2009,2891,2891,NA,14,0,$
14,840,2009,2892,2892,NA,14,0,$
14,840,2009,2893,2893,NA,14,0,$
14,840,2009,2899,2899,NA,14,0,$
14,840,2009,291,291,NA,14,0,$
14,840,2009,2911,2911,NA,14,0,$
14,840,2009,2912,2912,NA,14,0,$
14,840,2009,2913,2913,NA,14,0,$
14,840,2009,2914,2914,NA,14,0,$
14,840,2009,2915,2915,NA,14,0,$
14,840,2009,2919,2919,NA,14,0,$
14,840,2009,292,292,NA,14,0,$
14,840,2009,2921,2921,NA,14,0,$
14,840,2009,2922,2922,NA,14,0,$
14,840,2009,2923,2923,NA,14,0,$
14,840,2009,2924,2924,NA,14,0,$
14,840,2009,2925,2925,NA,14,0,$
14,840,2009,2926,2926,NA,14,0,$
14,840,2009,2927,2927,NA,14,0,$
14,840,2009,2929,2929,NA,14,0,$
14,840,2009,2930,2930,NA,14,0,$
14,840,2009,3000,3000,NA,14,0,$
14,840,2009,3110,3110,NA,14,0,$
14,840,2009,3120,3120,NA,14,0,$
14,840,2009,3130,3130,NA,14,0,$
14,840,2009,3140,3140,NA,14,0,$
14,840,2009,3150,3150,NA,14,0,$
14,840,2009,3190,3190,NA,14,0,$
14,840,2009,3210,3210,NA,14,0,$
14,840,2009,3220,3220,NA,14,0,$
14,840,2009,3230,3230,NA,14,0,$
14,840,2009,331,331,NA,14,0,$
14,840,2009,3311,3311,NA,14,0,$
14,840,2009,3312,3312,NA,14,0,$
14,840,2009,3313,3313,NA,14,0,$
14,840,2009,3320,3320,NA,14,0,$
14,840,2009,3330,3330,NA,14,0,$
14,840,2009,3410,3410,NA,14,0,$
14,840,2009,3420,3420,NA,14,0,$
14,840,2009,3430,3430,NA,14,0,$
14,840,2009,351,351,NA,14,0,$
14,840,2009,3511,3511,NA,14,0,$
14,840,2009,3512,3512,NA,14,0,$
14,840,2009,3520,3520,NA,14,0,$
14,840,2009,3530,3530,NA,14,0,$
14,840,2009,359,359,NA,14,0,$
14,840,2009,3591,3591,NA,14,0,$
14,840,2009,3592,3592,NA,14,0,$
14,840,2009,3599,3599,NA,14,0,$
14,840,2009,3610,3610,NA,14,0,$
14,840,2009,369,369,NA,14,0,$
14,840,2009,3691,3691,NA,14,0,$
14,840,2009,3692,3692,NA,14,0,$
14,840,2009,3693,3693,NA,14,0,$
14,840,2009,3694,3694,NA,14,0,$
14,840,2009,3699,3699,NA,14,0,$
14,840,2009,3710,3710,NA,14,0,$
14,840,2009,3720,3720,NA,14,0,$
14,840,2010,151,151,NA,14,0,$
14,840,2010,1511,1511,NA,14,0,$
14,840,2010,1512,1512,NA,14,0,$
14,840,2010,1513,1513,NA,14,0,$
14,840,2010,1514,1514,NA,14,0,$
14,840,2010,1520,1520,NA,14,0,$
14,840,2010,153,153,NA,14,0,$
14,840,2010,1531,1531,NA,14,0,$
14,840,2010,1532,1532,NA,14,0,$
14,840,2010,1533,1533,NA,14,0,$
14,840,2010,154,154,NA,14,0,$
14,840,2010,1541,1541,NA,14,0,$
14,840,2010,1542,1542,NA,14,0,$
14,840,2010,1543,1543,NA,14,0,$
14,840,2010,1544,1544,NA,14,0,$
14,840,2010,1549,1549,NA,14,0,$
14,840,2010,155,155,NA,14,0,$
14,840,2010,1551,1551,NA,14,0,$
14,840,2010,1552,1552,NA,14,0,$
14,840,2010,1553,1553,NA,14,0,$
14,840,2010,1554,1554,NA,14,0,$
14,840,2010,1600,1600,NA,14,0,$
14,840,2010,171,171,NA,14,0,$
14,840,2010,1711,1711,NA,14,0,$
14,840,2010,1712,1712,NA,14,0,$
14,840,2010,172,172,NA,14,0,$
14,840,2010,1721,1721,NA,14,0,$
14,840,2010,1722,1722,NA,14,0,$
14,840,2010,1723,1723,NA,14,0,$
14,840,2010,1729,1729,NA,14,0,$
14,840,2010,1730,1730,NA,14,0,$
14,840,2010,1810,1810,NA,14,0,$
14,840,2010,1820,1820,NA,14,0,$
14,840,2010,191,191,NA,14,0,$
14,840,2010,1911,1911,NA,14,0,$
14,840,2010,1912,1912,NA,14,0,$
14,840,2010,1920,1920,NA,14,0,$
14,840,2010,2010,2010,NA,14,0,$
14,840,2010,202,202,NA,14,0,$
14,840,2010,2021,2021,NA,14,0,$
14,840,2010,2022,2022,NA,14,0,$
14,840,2010,2023,2023,NA,14,0,$
14,840,2010,2029,2029,NA,14,0,$
14,840,2010,210,210,NA,14,0,$
14,840,2010,2101,2101,NA,14,0,$
14,840,2010,2102,2102,NA,14,0,$
14,840,2010,2109,2109,NA,14,0,$
14,840,2010,221,221,NA,14,0,$
14,840,2010,2211,2211,NA,14,0,$
14,840,2010,2212,2212,NA,14,0,$
14,840,2010,2213,2213,NA,14,0,$
14,840,2010,2219,2219,NA,14,0,$
14,840,2010,222,222,NA,14,0,$
14,840,2010,2221,2221,NA,14,0,$
14,840,2010,2222,2222,NA,14,0,$
14,840,2010,2230,2230,NA,14,0,$
14,840,2010,2310,2310,NA,14,0,$
14,840,2010,2320,2320,NA,14,0,$
14,840,2010,2330,2330,NA,14,0,$
14,840,2010,241,241,NA,14,0,$
14,840,2010,2411,2411,NA,14,0,$
14,840,2010,2412,2412,NA,14,0,$
14,840,2010,2413,2413,NA,14,0,$
14,840,2010,242,242,NA,14,0,$
14,840,2010,2421,2421,NA,14,0,$
14,840,2010,2422,2422,NA,14,0,$
14,840,2010,2423,2423,NA,14,0,$
14,840,2010,2424,2424,NA,14,0,$
14,840,2010,2429,2429,NA,14,0,$
14,840,2010,2430,2430,NA,14,0,$
14,840,2010,251,251,NA,14,0,$
14,840,2010,2511,2511,NA,14,0,$
14,840,2010,2519,2519,NA,14,0,$
14,840,2010,2520,2520,NA,14,0,$
14,840,2010,2610,2610,NA,14,0,$
14,840,2010,269,269,NA,14,0,$
14,840,2010,2691,2691,NA,14,0,$
14,840,2010,2692,2692,NA,14,0,$
14,840,2010,2693,2693,NA,14,0,$
14,840,2010,2694,2694,NA,14,0,$
14,840,2010,2695,2695,NA,14,0,$
14,840,2010,2696,2696,NA,14,0,$
14,840,2010,2699,2699,NA,14,0,$
14,840,2010,2710,2710,NA,14,0,$
14,840,2010,2720,2720,NA,14,0,$
14,840,2010,273,273,NA,14,0,$
14,840,2010,2731,2731,NA,14,0,$
14,840,2010,2732,2732,NA,14,0,$
14,840,2010,281,281,NA,14,0,$
14,840,2010,2811,2811,NA,14,0,$
14,840,2010,2812,2812,NA,14,0,$
14,840,2010,2813,2813,NA,14,0,$
14,840,2010,289,289,NA,14,0,$
14,840,2010,2891,2891,NA,14,0,$
14,840,2010,2892,2892,NA,14,0,$
14,840,2010,2893,2893,NA,14,0,$
14,840,2010,2899,2899,NA,14,0,$
14,840,2010,291,291,NA,14,0,$
14,840,2010,2911,2911,NA,14,0,$
14,840,2010,2912,2912,NA,14,0,$
14,840,2010,2913,2913,NA,14,0,$
14,840,2010,2914,2914,NA,14,0,$
14,840,2010,2915,2915,NA,14,0,$
14,840,2010,2919,2919,NA,14,0,$
14,840,2010,292,292,NA,14,0,$
14,840,2010,2921,2921,NA,14,0,$
14,840,2010,2922,2922,NA,14,0,$
14,840,2010,2923,2923,NA,14,0,$
14,840,2010,2924,2924,NA,14,0,$
14,840,2010,2925,2925,NA,14,0,$
14,840,2010,2926,2926,NA,14,0,$
14,840,2010,2927,2927,NA,14,0,$
14,840,2010,2929,2929,NA,14,0,$
14,840,2010,2930,2930,NA,14,0,$
14,840,2010,3000,3000,NA,14,0,$
14,840,2010,3110,3110,NA,14,0,$
14,840,2010,3120,3120,NA,14,0,$
14,840,2010,3130,3130,NA,14,0,$
14,840,2010,3140,3140,NA,14,0,$
14,840,2010,3150,3150,NA,14,0,$
14,840,2010,3190,3190,NA,14,0,$
14,840,2010,3210,3210,NA,14,0,$
14,840,2010,3220,3220,NA,14,0,$
14,840,2010,3230,3230,NA,14,0,$
14,840,2010,331,331,NA,14,0,$
14,840,2010,3311,3311,NA,14,0,$
14,840,2010,3312,3312,NA,14,0,$
14,840,2010,3313,3313,NA,14,0,$
14,840,2010,3320,3320,NA,14,0,$
14,840,2010,3330,3330,NA,14,0,$
14,840,2010,3410,3410,NA,14,0,$
14,840,2010,3420,3420,NA,14,0,$
14,840,2010,3430,3430,NA,14,0,$
14,840,2010,351,351,NA,14,0,$
14,840,2010,3511,3511,NA,14,0,$
14,840,2010,3512,3512,NA,14,0,$
14,840,2010,3520,3520,NA,14,0,$
14,840,2010,3530,3530,NA,14,0,$
14,840,2010,359,359,NA,14,0,$
14,840,2010,3591,3591,NA,14,0,$
14,840,2010,3592,3592,NA,14,0,$
14,840,2010,3599,3599,NA,14,0,$
14,840,2010,3610,3610,NA,14,0,$
14,840,2010,369,369,NA,14,0,$
14,840,2010,3691,3691,NA,14,0,$
14,840,2010,3692,3692,NA,14,0,$
14,840,2010,3693,3693,NA,14,0,$
14,840,2010,3694,3694,NA,14,0,$
14,840,2010,3699,3699,NA,14,0,$
14,840,2010,3710,3710,NA,14,0,$
14,840,2010,3720,3720,NA,14,0,$
14,840,2011,151,151,NA,14,0,$
14,840,2011,1511,1511,NA,14,0,$
14,840,2011,1512,1512,NA,14,0,$
14,840,2011,1513,1513,NA,14,0,$
14,840,2011,1514,1514,NA,14,0,$
14,840,2011,1520,1520,NA,14,0,$
14,840,2011,153,153,NA,14,0,$
14,840,2011,1531,1531,NA,14,0,$
14,840,2011,1532,1532,NA,14,0,$
14,840,2011,1533,1533,NA,14,0,$
14,840,2011,154,154,NA,14,0,$
14,840,2011,1541,1541,NA,14,0,$
14,840,2011,1542,1542,NA,14,0,$
14,840,2011,1543,1543,NA,14,0,$
14,840,2011,1544,1544,NA,14,0,$
14,840,2011,1549,1549,NA,14,0,$
14,840,2011,155,155,NA,14,0,$
14,840,2011,1551,1551,NA,14,0,$
14,840,2011,1552,1552,NA,14,0,$
14,840,2011,1553,1553,NA,14,0,$
14,840,2011,1554,1554,NA,14,0,$
14,840,2011,1600,1600,NA,14,0,$
14,840,2011,171,171,NA,14,0,$
14,840,2011,1711,1711,NA,14,0,$
14,840,2011,1712,1712,NA,14,0,$
14,840,2011,172,172,NA,14,0,$
14,840,2011,1721,1721,NA,14,0,$
14,840,2011,1722,1722,NA,14,0,$
14,840,2011,1723,1723,NA,14,0,$
14,840,2011,1729,1729,NA,14,0,$
14,840,2011,1730,1730,NA,14,0,$
14,840,2011,1810,1810,NA,14,0,$
14,840,2011,1820,1820,NA,14,0,$
14,840,2011,191,191,NA,14,0,$
14,840,2011,1911,1911,NA,14,0,$
14,840,2011,1912,1912,NA,14,0,$
14,840,2011,1920,1920,NA,14,0,$
14,840,2011,2010,2010,NA,14,0,$
14,840,2011,202,202,NA,14,0,$
14,840,2011,2021,2021,NA,14,0,$
14,840,2011,2022,2022,NA,14,0,$
14,840,2011,2023,2023,NA,14,0,$
14,840,2011,2029,2029,NA,14,0,$
14,840,2011,210,210,NA,14,0,$
14,840,2011,2101,2101,NA,14,0,$
14,840,2011,2102,2102,NA,14,0,$
14,840,2011,2109,2109,NA,14,0,$
14,840,2011,221,221,NA,14,0,$
14,840,2011,2211,2211,NA,14,0,$
14,840,2011,2212,2212,NA,14,0,$
14,840,2011,2213,2213,NA,14,0,$
14,840,2011,2219,2219,NA,14,0,$
14,840,2011,222,222,NA,14,0,$
14,840,2011,2221,2221,NA,14,0,$
14,840,2011,2222,2222,NA,14,0,$
14,840,2011,2230,2230,NA,14,0,$
14,840,2011,2310,2310,NA,14,0,$
14,840,2011,2320,2320,NA,14,0,$
14,840,2011,2330,2330,NA,14,0,$
14,840,2011,241,241,NA,14,0,$
14,840,2011,2411,2411,NA,14,0,$
14,840,2011,2412,2412,NA,14,0,$
14,840,2011,2413,2413,NA,14,0,$
14,840,2011,242,242,NA,14,0,$
14,840,2011,2421,2421,NA,14,0,$
14,840,2011,2422,2422,NA,14,0,$
14,840,2011,2423,2423,NA,14,0,$
14,840,2011,2424,2424,NA,14,0,$
14,840,2011,2429,2429,NA,14,0,$
14,840,2011,2430,2430,NA,14,0,$
14,840,2011,251,251,NA,14,0,$
14,840,2011,2511,2511,NA,14,0,$
14,840,2011,2519,2519,NA,14,0,$
14,840,2011,2520,2520,NA,14,0,$
14,840,2011,2610,2610,NA,14,0,$
14,840,2011,269,269,NA,14,0,$
14,840,2011,2691,2691,NA,14,0,$
14,840,2011,2692,2692,NA,14,0,$
14,840,2011,2693,2693,NA,14,0,$
14,840,2011,2694,2694,NA,14,0,$
14,840,2011,2695,2695,NA,14,0,$
14,840,2011,2696,2696,NA,14,0,$
14,840,2011,2699,2699,NA,14,0,$
14,840,2011,2710,2710,NA,14,0,$
14,840,2011,2720,2720,NA,14,0,$
14,840,2011,273,273,NA,14,0,$
14,840,2011,2731,2731,NA,14,0,$
14,840,2011,2732,2732,NA,14,0,$
14,840,2011,281,281,NA,14,0,$
14,840,2011,2811,2811,NA,14,0,$
14,840,2011,2812,2812,NA,14,0,$
14,840,2011,2813,2813,NA,14,0,$
14,840,2011,289,289,NA,14,0,$
14,840,2011,2891,2891,NA,14,0,$
14,840,2011,2892,2892,NA,14,0,$
14,840,2011,2893,2893,NA,14,0,$
14,840,2011,2899,2899,NA,14,0,$
14,840,2011,291,291,NA,14,0,$
14,840,2011,2911,2911,NA,14,0,$
14,840,2011,2912,2912,NA,14,0,$
14,840,2011,2913,2913,NA,14,0,$
14,840,2011,2914,2914,NA,14,0,$
14,840,2011,2915,2915,NA,14,0,$
14,840,2011,2919,2919,NA,14,0,$
14,840,2011,292,292,NA,14,0,$
14,840,2011,2921,2921,NA,14,0,$
14,840,2011,2922,2922,NA,14,0,$
14,840,2011,2923,2923,NA,14,0,$
14,840,2011,2924,2924,NA,14,0,$
14,840,2011,2925,2925,NA,14,0,$
14,840,2011,2926,2926,NA,14,0,$
14,840,2011,2927,2927,NA,14,0,$
14,840,2011,2929,2929,NA,14,0,$
14,840,2011,2930,2930,NA,14,0,$
14,840,2011,3000,3000,NA,14,0,$
14,840,2011,3110,3110,NA,14,0,$
14,840,2011,3120,3120,NA,14,0,$
14,840,2011,3130,3130,NA,14,0,$
14,840,2011,3140,3140,NA,14,0,$
14,840,2011,3150,3150,NA,14,0,$
14,840,2011,3190,3190,NA,14,0,$
14,840,2011,3210,3210,NA,14,0,$
14,840,2011,3220,3220,NA,14,0,$
14,840,2011,3230,3230,NA,14,0,$
14,840,2011,331,331,NA,14,0,$
14,840,2011,3311,3311,NA,14,0,$
14,840,2011,3312,3312,NA,14,0,$
14,840,2011,3313,3313,NA,14,0,$
14,840,2011,3320,3320,NA,14,0,$
14,840,2011,3330,3330,NA,14,0,$
14,840,2011,3410,3410,NA,14,0,$
14,840,2011,3420,3420,NA,14,0,$
14,840,2011,3430,3430,NA,14,0,$
14,840,2011,351,351,NA,14,0,$
14,840,2011,3511,3511,NA,14,0,$
14,840,2011,3512,3512,NA,14,0,$
14,840,2011,3520,3520,NA,14,0,$
14,840,2011,3530,3530,NA,14,0,$
14,840,2011,359,359,NA,14,0,$
14,840,2011,3591,3591,NA,14,0,$
14,840,2011,3592,3592,NA,14,0,$
14,840,2011,3599,3599,NA,14,0,$
14,840,2011,3610,3610,NA,14,0,$
14,840,2011,369,369,NA,14,0,$
14,840,2011,3691,3691,NA,14,0,$
14,840,2011,3692,3692,NA,14,0,$
14,840,2011,3693,3693,NA,14,0,$
14,840,2011,3694,3694,NA,14,0,$
14,840,2011,3699,3699,NA,14,0,$
14,840,2011,3710,3710,NA,14,0,$
14,840,2011,3720,3720,NA,14,0,$
