houseid,pno,p3p3_sex,p3p4_age,occupn
602050611821e11,4,1. Male,20,110
302011011328e11,1,1. Male,40,110
603010312054e11,1,1. Male,40,110
602061321878e11,2,2. Female,24,110
80205012249e12,4,1. Male,28,110
60302011189e12,1,1. Male,35,110
100502031279e12,5,2. Female,23,110
10110022105e12,9,1. Male,28,120
402010821657e11,1,1. Male,39,140
705020422271e11,1,1. Male,62,140
110301031293e12,2,2. Female,38,140
506020321739e11,1,1. Male,41,140
901030322718e11,1,1. Male,43,140
100102012282e12,1,1. Male,48,140
6030401122e13,9,1. Male,33,140
302090711482e11,1,1. Male,32,140
104010221087e11,1,1. Male,35,140
110308012288e12,1,1. Male,42,140
605060812091e11,1,1. Male,37,140
603030712293e11,1,1. Male,38,140
603011711853e11,1,1. Male,33,140
60302611226e12,1,1. Male,49,140
505030411687e11,1,1. Male,50,140
602050512158e11,3,1. Male,25,140
204010121159e11,1,1. Male,40,140
602030911928e11,1,1. Male,37,140
602022921836e11,1,1. Male,34,140
605030111985e11,1,1. Male,43,140
505031111716e11,1,1. Male,42,140
603030411869e11,1,1. Male,40,140
104010221083e11,1,1. Male,43,140
804050322512e11,1,1. Male,41,140
505031111718e11,1,1. Male,44,140
304110121341e11,1,1. Male,45,140
603024411866e11,1,1. Male,55,140
604010122093e11,1,1. Male,32,190
801040522523e11,1,1. Male,47,190
603020111899e11,4,1. Male,40,190
603023612003e11,2,2. Female,40,190
804050322507e11,1,1. Male,38,190
603024411851e11,5,1. Male,26,190
603024912193e11,7,1. Male,28,190
603023411888e11,1,1. Male,34,190
90108042276e12,1,1. Male,42,190
604010422099e11,3,2. Female,28,190
603030412149e11,1,1. Male,28,190
602050612157e11,1,1. Male,29,190
602020911884e11,1,1. Male,39,190
203010221167e11,1,1. Male,36,190
605050112047e11,10,1. Male,33,190
605030111985e11,1,1. Male,29,190
602030712223e11,1,1. Male,63,190
603024411856e11,4,1. Male,26,190
901050322733e11,1,1. Male,45,190
602070112068e11,15,1. Male,29,190
606040212118e11,2,2. Female,44,190
604010422093e11,2,1. Male,42,190
603020311852e11,6,1. Male,28,190
704040122472e11,4,1. Male,32,190
603020912198e11,1,1. Male,46,190
2010603211e13,1,1. Male,29,190
302030211402e11,1,1. Male,38,190
602060412224e11,1,1. Male,34,190
603023411888e11,3,1. Male,41,190
110306061294e12,2,2. Female,36,1110
10102032107e12,4,1. Male,23,1110
404050121635e11,2,2. Female,27,1110
505031611766e11,1,1. Male,38,1110
505031921767e11,1,1. Male,30,1110
901010122726e11,4,2. Female,27,1120
606010111874e11,1,1. Male,42,1120
603030912007e11,1,1. Male,35,1120
302040421289e11,2,2. Female,37,1120
501010221728e11,1,1. Male,50,1120
603025212229e11,1,1. Male,43,1120
302040121233e11,1,1. Male,51,1120
130102062312e12,1,1. Male,36,1120
605030111985e11,1,1. Male,63,1120
606040612108e11,2,1. Male,46,1120
130503031324e12,2,1. Male,41,1120
603030711886e11,11,2. Female,21,1120
603013212071e11,1,1. Male,56,1120
505040121783e11,3,2. Female,31,1120
406040121578e11,1,1. Male,43,1120
606050611954e11,1,1. Male,39,1120
603030611888e11,7,2. Female,27,1120
901010322642e11,1,2. Female,26,1120
100601012284e12,1,1. Male,36,1120
302060121254e11,2,1. Male,41,1120
606010111873e11,1,1. Male,34,1120
30209101148e12,1,1. Male,40,1120
201010711109e11,3,1. Male,31,1120
201010811107e11,1,1. Male,42,1120
101070321049e11,3,1. Male,28,1120
130306032322e12,1,1. Male,51,1120
603025511821e11,1,1. Male,61,1120
605020512015e11,3,2. Female,34,1120
406011011586e11,3,1. Male,27,1120
110305142293e12,1,1. Male,35,1120
703040822482e11,2,2. Female,27,1120
201011121091e11,7,1. Male,30,1120
120302191298e12,1,1. Male,56,1120
120201152307e12,3,2. Female,24,1120
603013211956e11,15,1. Male,43,1120
130304042322e12,1,1. Male,55,1120
301010321433e11,1,1. Male,37,1120
302040421329e11,1,1. Male,41,1120
606010411965e11,1,1. Male,37,1120
90205022274e12,1,1. Male,65,1130
702010422422e11,1,1. Male,55,1130
304040321347e11,4,1. Male,33,1130
201040121111e11,4,2. Female,25,1130
130504012329e12,1,1. Male,59,1130
403130421492e11,1,1. Male,48,1130
602041211923e11,1,1. Male,52,1130
103020221005e11,2,2. Female,40,1130
505031711714e11,1,1. Male,49,1130
701010322256e11,1,1. Male,63,1130
102010221027e11,1,1. Male,45,1130
802040122628e11,1,1. Male,65,1130
901080122665e11,1,1. Male,43,1130
702100212291e11,1,1. Male,40,1130
301060321378e11,1,1. Male,49,1130
805010222614e11,1,1. Male,47,1130
60303041197e12,1,1. Male,66,1130
201010111109e11,1,1. Male,61,1141
302100321292e11,1,1. Male,54,1141
202021221133e11,1,1. Male,58,1141
902030512635e11,2,1. Male,30,1142
606010211946e11,7,1. Male,24,1142
100501011278e12,1,1. Male,36,1142
30201051131e12,1,1. Male,74,1142
603030411898e11,3,1. Male,25,1142
602050512062e11,9,1. Male,31,1142
100501011278e12,5,2. Female,25,1142
901050422758e11,1,1. Male,31,1142
604010222097e11,1,1. Male,47,1142
60302141205e12,4,1. Male,25,1142
60302671187e12,1,1. Male,61,1142
901090422678e11,1,1. Male,63,1142
60206112221e12,1,1. Male,45,1142
603013512035e11,1,1. Male,58,1142
606070211949e11,3,1. Male,30,1142
130403042316e12,2,2. Female,39,1142
60303111198e12,2,2. Female,39,1142
201010611116e11,2,2. Female,35,1142
602020211933e11,2,2. Female,33,1142
603011711858e11,1,1. Male,33,1142
603021411989e11,1,1. Male,32,1142
60205051216e12,8,1. Male,27,1142
406020611519e11,1,1. Male,29,1142
603025112122e11,1,1. Male,50,1142
606050611954e11,3,1. Male,24,1143
606050311914e11,2,2. Female,42,1143
302030111405e11,1,1. Male,41,1143
606010112118e11,1,1. Male,28,1143
603023711965e11,1,2. Female,21,1143
802020522601e11,1,1. Male,32,1143
606070211874e11,5,1. Male,35,1143
101010321062e11,1,1. Male,57,1143
104060121012e11,1,1. Male,39,1143
603026312188e11,1,1. Male,31,1143
110302052286e12,8,1. Male,35,1143
605060712085e11,1,1. Male,49,1143
602050712244e11,10,2. Female,24,1210
120302061299e12,9,1. Male,29,1210
603011711895e11,1,1. Male,52,1210
202020421136e11,1,1. Male,49,1210
603022812166e11,1,1. Male,25,1223
120302141312e12,1,1. Male,35,1223
406010911576e11,4,2. Female,23,1224
603024411854e11,1,1. Male,56,1225
603026211999e11,1,2. Female,23,1226
605020512017e11,9,1. Male,33,1227
603026612135e11,1,1. Male,56,1227
60303041197e12,1,1. Male,38,1227
606050311912e11,1,1. Male,37,1231
130503101328e12,1,1. Male,32,1231
606020211944e11,1,2. Female,40,1233
603025611853e11,1,1. Male,47,1239
603030512142e11,1,1. Male,46,1239
705020222273e11,1,1. Male,40,1311
603022212193e11,1,1. Male,27,1314
603014212142e11,2,2. Female,60,1314
605060511962e11,1,1. Male,55,1314
110306061294e12,1,1. Male,33,1314
406020321566e11,1,1. Male,61,1314
104010121079e11,1,1. Male,50,1314
602040912212e11,2,2. Female,35,1314
302010411451e11,1,2. Female,37,1314
701020322285e11,2,2. Female,53,1314
406030211572e11,2,2. Female,59,1314
603022212138e11,1,1. Male,43,1314
603013112253e11,1,1. Male,35,1314
605060311961e11,1,1. Male,33,1314
404060521641e11,1,2. Female,56,1314
302011011323e11,5,1. Male,23,1314
603022212138e11,1,1. Male,32,1314
603021411964e11,2,2. Female,30,1314
101030321052e11,1,1. Male,29,1314
605060311961e11,5,1. Male,29,1314
603020612215e11,1,1. Male,43,1316
702090112444e11,2,2. Female,29,1317
100502021279e12,7,2. Female,35,2122
100101032282e12,3,1. Male,26,2122
602060512225e11,1,1. Male,56,2131
603025012157e11,1,2. Female,26,2142
603024912192e11,5,1. Male,28,2143
406051121575e11,4,1. Male,49,2143
703090322352e11,12,1. Male,52,2143
603024012255e11,1,1. Male,38,2144
603030512282e11,1,1. Male,41,2145
603030512142e11,1,1. Male,46,2147
701060212386e11,5,1. Male,30,2221
130102012312e12,7,1. Male,30,2221
606070812102e11,3,2. Female,32,2221
602021711842e11,1,1. Male,42,2221
302010811323e11,9,1. Male,33,2221
110301052286e12,3,1. Male,32,2221
302030211402e11,1,1. Male,38,2221
602040912216e11,2,2. Female,37,2221
110306132293e12,1,1. Male,53,2229
101110111081e11,5,1. Male,26,2229
304110121342e11,1,1. Male,41,2231
702090322261e11,2,2. Female,35,2231
603025712117e11,1,2. Female,44,2231
606030521942e11,1,1. Male,53,2231
606040412108e11,1,1. Male,42,2231
603024011958e11,2,2. Female,27,2231
60201022185e12,10,1. Male,25,2231
603011311978e11,2,2. Female,35,2231
507080521758e11,1,1. Male,32,2231
602070112069e11,4,1. Male,23,2232
402040421658e11,2,2. Female,34,2232
603021411963e11,5,1. Male,23,2316
802030222505e11,2,1. Male,35,2316
90203081269e12,2,2. Female,38,2316
603023011969e11,6,1. Male,22,2316
504040321704e11,1,1. Male,31,2316
130503021328e12,1,1. Male,47,2410
402020521601e11,1,1. Male,52,2410
603013722128e11,1,1. Male,41,2410
603024012284e11,1,2. Female,27,2410
602050712065e11,4,1. Male,31,2410
603011711852e11,2,1. Male,33,2410
301060321419e11,1,1. Male,34,2410
130304012322e12,1,1. Male,56,2410
102030321026e11,1,2. Female,48,2410
603010611861e11,1,1. Male,28,2410
404070321644e11,4,2. Female,30,2410
302080421216e11,3,1. Male,32,2410
606050611953e11,6,1. Male,60,2410
110306081295e12,1,1. Male,43,2421
100105012281e12,3,2. Female,33,2421
302040221329e11,1,1. Male,32,2421
603010812165e11,2,2. Female,26,2421
605050912038e11,2,2. Female,46,2421
803030222563e11,1,1. Male,59,2421
302050221282e11,1,1. Male,45,2421
120302011296e12,1,1. Male,35,2421
603024912126e11,6,2. Female,40,2421
602030212221e11,2,2. Female,51,2421
5070301218e13,4,2. Female,33,2421
605020512016e11,2,2. Female,27,2421
110302022295e12,2,2. Female,32,2421
604010522099e11,3,2. Female,25,2421
603023611964e11,2,2. Female,54,2421
603022311895e11,1,1. Male,45,2421
101010221004e11,2,2. Female,46,2421
603040211967e11,1,2. Female,47,2421
40308012167e12,3,1. Male,72,2421
602030311927e11,2,2. Female,43,2421
6030113122e13,4,1. Male,34,2421
804050322512e11,2,2. Female,25,2421
301020223176e11,2,2. Female,24,2421
30403022138e12,1,1. Male,30,2421
80303072258e12,2,2. Female,31,2421
110304022292e12,1,1. Male,44,2421
130303062325e12,1,1. Male,50,2421
606040412108e11,2,2. Female,54,2421
602030911928e11,2,2. Female,39,2421
803031612611e11,5,2. Female,32,2421
507050521796e11,1,1. Male,60,2421
702100412293e11,1,1. Male,41,2421
602021212074e11,2,2. Female,30,2421
606060112078e11,21,2. Female,29,2422
703060522407e11,1,1. Male,37,2422
101100511065e11,1,1. Male,37,2422
801050322529e11,1,1. Male,42,2422
602021212074e11,1,1. Male,41,2422
100204012284e12,1,1. Male,57,2422
606020211945e11,1,1. Male,47,2422
90306012265e12,2,2. Female,41,2422
901040722731e11,3,1. Male,27,2422
120305062296e12,1,1. Male,45,2422
302030421326e11,2,2. Female,41,2422
130503101326e12,2,2. Female,41,2422
603022711976e11,1,1. Male,30,2422
701060222387e11,4,1. Male,31,2422
603013612129e11,5,2. Female,28,2422
803080122561e11,1,1. Male,48,2422
202010321126e11,1,1. Male,36,2422
403110121499e11,3,2. Female,65,2422
120302171303e12,2,2. Female,57,2422
30110022143e12,3,1. Male,31,2422
603030212256e11,1,1. Male,30,2422
203030521176e11,2,2. Female,40,2422
304110321341e11,7,1. Male,53,2422
203021321171e11,1,1. Male,48,2422
201010411092e11,2,2. Female,61,2422
903010522652e11,1,1. Male,49,2422
130508042313e12,2,2. Female,27,2422
80303181259e12,5,2. Female,41,2422
302040521287e11,1,1. Male,50,2422
602040712213e11,3,1. Male,31,2422
801040422523e11,1,1. Male,50,2422
110304022292e12,1,1. Male,42,2422
203020221173e11,1,1. Male,51,2422
602030712222e11,1,1. Male,31,2422
903070322672e11,1,1. Male,35,2422
302030111239e11,1,1. Male,38,2431
100505012278e12,2,2. Female,27,2431
901020322639e11,1,2. Female,31,2431
110103042295e12,2,2. Female,64,2431
406010521501e11,2,2. Female,29,2431
110201012286e12,1,1. Male,48,2431
110302042293e12,4,1. Male,31,2431
110304032293e12,2,2. Female,40,2431
403120221559e11,5,2. Female,32,2431
110301021289e12,2,2. Female,27,2431
602061321876e11,2,2. Female,28,2431
100504012278e12,3,1. Male,28,2431
901040422668e11,1,2. Female,27,2431
601050221894e11,1,1. Male,31,2431
120302161303e12,2,2. Female,53,2431
102010121009e11,1,1. Male,47,2431
701020322284e11,1,1. Male,44,2431
502020221725e11,1,1. Male,48,2431
110202012286e12,5,1. Male,64,2431
704020722317e11,2,2. Female,39,2431
1203010623e14,1,1. Male,49,2431
505030411687e11,1,1. Male,58,2431
1203022013e14,1,1. Male,48,2431
120201012309e12,1,1. Male,49,2431
803032212591e11,1,1. Male,53,2431
703130522361e11,9,1. Male,33,2431
603013211957e11,2,2. Female,55,2431
302030621241e11,3,1. Male,37,2431
602021511934e11,2,2. Female,57,2431
120203032306e12,1,1. Male,45,2431
130508022328e12,2,2. Female,36,2431
403160321674e11,3,1. Male,34,2431
103030221004e11,1,1. Male,63,2431
30201012125e12,2,2. Female,39,2431
603021712008e11,1,1. Male,48,2431
406011011586e11,1,1. Male,44,2431
203030621175e11,2,2. Female,43,2431
601040321829e11,1,1. Male,42,2431
304150121357e11,1,1. Male,50,2431
505030711768e11,1,1. Male,41,2431
301020321375e11,3,1. Male,49,2431
601050221902e11,2,2. Female,37,2431
130508022326e12,2,2. Female,32,2431
201020221125e11,1,1. Male,47,2431
501010121729e11,2,2. Female,30,2431
503040321698e11,1,1. Male,48,2431
120302141303e12,2,2. Female,48,2431
507060321795e11,1,1. Male,42,2431
606040612108e11,3,1. Male,29,2431
401010321595e11,1,1. Male,48,2431
704050222375e11,2,2. Female,48,2431
603012512126e11,1,1. Male,52,2431
302070321316e11,2,2. Female,42,2431
701020322284e11,3,1. Male,21,2431
110306051287e12,3,2. Female,31,2431
606070711873e11,2,2. Female,48,2431
703020522302e11,1,1. Male,44,2431
406010811577e11,1,1. Male,55,2431
120104042307e12,2,2. Female,28,2431
7030509223e13,5,2. Female,29,2431
13050304133e13,2,2. Female,52,2431
70204042234e12,2,2. Female,30,2431
101010221018e11,2,2. Female,36,2431
505010821791e11,2,2. Female,32,2431
60203051193e12,1,1. Male,42,2431
10040302228e13,1,1. Male,48,2431
100401012283e12,2,2. Female,29,2431
505050921744e11,1,1. Male,56,2431
603021711996e11,1,1. Male,45,2431
301020321418e11,1,1. Male,32,2432
902030812734e11,2,2. Female,27,2432
100102032282e12,1,1. Male,51,2440
603023812166e11,1,1. Male,66,2469
301040221375e11,2,2. Female,45,2469
603021212168e11,1,1. Male,53,2469
11040601229e13,2,2. Female,33,2469
704070522467e11,3,1. Male,30,2469
601050121893e11,1,1. Male,48,2469
803030912595e11,2,2. Female,24,2469
403040221471e11,3,2. Female,27,2469
702100212292e11,1,1. Male,62,2469
602041211922e11,2,2. Female,43,2469
703040522437e11,4,1. Male,24,2469
602021612187e11,2,2. Female,30,2469
505030511786e11,2,2. Female,45,2469
603013112262e11,1,1. Male,50,2511
603030111972e11,2,2. Female,37,2611
130509072326e12,1,1. Male,34,2612
303070221303e11,1,1. Male,57,2612
302010611311e11,1,1. Male,63,2619
603023411888e11,2,2. Female,37,2619
60302621223e12,2,2. Female,31,2922
505020721774e11,1,1. Male,30,2922
303060121298e11,2,2. Female,40,2924
203030621174e11,1,2. Female,44,2933
602060611877e11,14,2. Female,25,2933
101100511064e11,2,2. Female,39,2939
602050512159e11,3,2. Female,36,2939
100401022283e12,1,1. Male,63,2939
60504021203e12,4,1. Male,32,3112
60506081209e12,1,1. Male,27,3113
603013722202e11,1,1. Male,33,3113
701090122479e11,2,1. Male,30,3114
602020111937e11,1,1. Male,51,3114
605060112031e11,5,1. Male,26,3115
603021812148e11,1,1. Male,36,3115
603023812232e11,1,1. Male,38,3115
602021112073e11,8,2. Female,33,3119
606070711875e11,3,2. Female,21,3132
602021411837e11,6,1. Male,27,3151
603025112122e11,1,1. Male,41,3152
903070322672e11,1,1. Male,54,3152
204080111097e11,1,1. Male,30,3152
504030521703e11,1,1. Male,54,3152
304070221384e11,1,1. Male,48,3212
104020121085e11,1,1. Male,36,3221
306060121249e11,4,2. Female,31,3221
603010612135e11,2,1. Male,31,3222
304040321386e11,3,2. Female,31,3231
901030222645e11,2,2. Female,35,3231
130102012312e12,1,1. Male,53,3231
505030311687e11,14,1. Male,29,3231
606040612108e11,21,2. Female,40,3231
802080122497e11,6,2. Female,27,3232
505030111686e11,1,1. Male,26,3232
110205012286e12,2,2. Female,40,3232
507020221808e11,5,2. Female,27,3511
603021412288e11,1,1. Male,36,3513
30210042129e12,1,1. Male,53,3513
6030401122e13,12,1. Male,26,3513
606071012116e11,1,1. Male,39,3513
705090322451e11,2,1. Male,28,3513
606010111873e11,1,1. Male,32,3513
606010111875e11,5,1. Male,27,3513
606060312079e11,3,1. Male,21,3513
603026412278e11,8,2. Female,21,3519
602020512184e11,2,2. Female,51,3911
603023311889e11,1,1. Male,29,3911
603014112248e11,1,1. Male,35,3911
406020611518e11,2,2. Female,41,3911
605050311994e11,1,1. Male,32,3911
603030212256e11,3,2. Female,31,3911
603011812248e11,2,2. Female,30,3911
603025111983e11,4,1. Male,28,3911
401020221615e11,5,1. Male,52,3911
603025112122e11,4,1. Male,21,3911
603012111903e11,2,2. Female,26,3911
403030521479e11,1,1. Male,45,3911
401020221615e11,1,1. Male,42,3911
606070411941e11,4,1. Male,28,3911
603021412268e11,1,1. Male,31,3911
130302012323e12,1,1. Male,39,3911
605020512015e11,2,2. Female,43,3911
603022912259e11,1,1. Male,54,3911
606070812101e11,7,1. Male,30,3911
603012111903e11,2,2. Female,31,3911
120302131303e12,7,1. Male,33,3911
702030122346e11,1,1. Male,46,3911
605060312017e11,1,1. Male,24,3911
605050311995e11,1,1. Male,49,3911
603022912262e11,2,2. Female,32,3911
602060712241e11,1,1. Male,47,3911
603030312286e11,1,1. Male,29,3911
605020512018e11,1,1. Male,58,3911
605020512015e11,3,2. Female,46,3911
606060112076e11,6,2. Female,21,3911
605010112026e11,2,1. Male,33,3911
605050311995e11,5,2. Female,21,3911
406020321569e11,4,2. Female,26,3911
603024411871e11,2,1. Male,33,3911
204080111097e11,3,1. Male,30,3914
60205011206e12,2,2. Female,23,3914
606070612101e11,6,1. Male,30,3919
602020411841e11,2,2. Female,40,3919
606070312081e11,13,1. Male,22,3919
120302161303e12,1,1. Male,41,3919
120302111301e12,6,2. Female,27,3919
606040312114e11,7,1. Male,20,3919
605030211984e11,1,1. Male,42,3922
104080321044e11,1,1. Male,39,3924
302030211402e11,1,1. Male,51,3924
701060212386e11,1,1. Male,56,3930
602050711881e11,1,1. Male,27,3930
130304032322e12,1,1. Male,42,3930
101010321062e11,6,1. Male,52,3952
603031112033e11,1,1. Male,46,4111
603011711904e11,2,2. Female,29,4115
805010422619e11,2,2. Female,32,4115
13020702232e13,1,1. Male,27,4121
130202042319e12,2,1. Male,26,4122
403160121668e11,4,1. Male,22,4122
30605032121e12,1,1. Male,43,4122
603013612128e11,13,1. Male,23,4122
404070521631e11,3,1. Male,27,4122
406010411537e11,1,1. Male,32,4122
602021311938e11,1,1. Male,41,4131
603012512127e11,1,1. Male,30,4190
606010211955e11,1,1. Male,31,4190
603012512126e11,2,2. Female,28,4190
603011011864e11,1,1. Male,22,4190
603012111902e11,2,2. Female,42,4190
603022711973e11,1,1. Male,31,4190
704040122472e11,5,2. Female,26,4190
902030512635e11,1,1. Male,57,4190
603012912191e11,1,1. Male,32,4190
602030611929e11,1,1. Male,41,4190
603011612127e11,1,1. Male,40,4190
100502021279e12,2,2. Female,32,4190
603013722106e11,3,1. Male,35,4190
702020122176e11,7,1. Male,30,4190
603031112141e11,1,1. Male,37,4190
60302331189e12,1,1. Male,36,4190
902031012691e11,1,1. Male,45,4190
602021511933e11,1,1. Male,43,4190
603011411866e11,2,2. Female,35,4190
602060512224e11,1,1. Male,37,4190
605050112047e11,2,2. Female,34,4190
603023311889e11,2,2. Female,39,4190
60302241229e12,7,2. Female,29,4190
602050612157e11,1,1. Male,46,4190
602021212074e11,3,1. Male,29,4190
40101062159e12,3,1. Male,31,4190
805010122602e11,2,1. Male,33,4190
406070621613e11,1,1. Male,27,4190
606070411941e11,2,1. Male,30,4190
603012511982e11,1,1. Male,34,4190
605050112047e11,1,1. Male,43,4190
306080221431e11,2,1. Male,42,4190
603021212121e11,1,2. Female,22,4190
603012212137e11,1,1. Male,40,4190
603021712196e11,2,2. Female,41,4190
60505122224e12,1,1. Male,42,4190
603021612154e11,1,1. Male,46,4190
60302541198e12,2,2. Female,29,4190
302010911328e11,2,2. Female,27,4190
606010211946e11,1,1. Male,24,4190
130503021327e12,8,2. Female,28,4190
603021611856e11,1,1. Male,47,4190
603021311997e11,2,2. Female,46,4190
701090122478e11,1,1. Male,35,4190
100506022279e12,1,1. Male,49,4190
605050912037e11,1,1. Male,48,4190
603010911977e11,7,2. Female,32,4190
603021812164e11,1,1. Male,32,4190
403040221472e11,1,1. Male,41,4190
603026511973e11,1,1. Male,63,4190
602041111846e11,3,1. Male,31,4190
406070421584e11,1,1. Male,37,4190
603010511885e11,9,1. Male,30,4190
603012012144e11,7,2. Female,71,4190
603021811856e11,7,1. Male,34,4190
606030121942e11,2,2. Female,43,4190
40202012166e12,1,1. Male,56,4190
602021911844e11,1,1. Male,65,4190
604010222097e11,1,1. Male,36,4190
603022012263e11,1,1. Male,44,4190
605050412039e11,9,2. Female,22,4190
603011612128e11,1,1. Male,34,4190
603024612189e11,1,1. Male,44,4190
603013211823e11,1,1. Male,46,4190
701060222387e11,3,2. Female,25,4190
302090911314e11,6,1. Male,24,4190
603026012132e11,9,1. Male,43,4190
603031112134e11,1,1. Male,47,4190
603020111997e11,1,1. Male,29,4190
110306041285e12,9,1. Male,28,4190
13050306133e13,3,1. Male,28,4190
901080422716e11,2,2. Female,43,4190
603013911983e11,1,1. Male,43,4190
603026511869e11,1,1. Male,28,4190
603021712241e11,1,1. Male,52,4190
602020111936e11,2,2. Female,43,4190
406050611687e11,1,1. Male,49,4190
606070312082e11,3,2. Female,40,4190
603024412129e11,1,1. Male,52,4190
603011311977e11,1,1. Male,52,4190
602061122211e11,2,2. Female,41,4190
301050521432e11,1,1. Male,48,4190
602021112074e11,1,1. Male,45,4190
602021212074e11,3,2. Female,29,4190
702100412292e11,3,1. Male,35,4211
605060512091e11,4,2. Female,28,4211
70403022246e12,5,1. Male,26,4211
606070211942e11,2,2. Female,41,4212
603030512158e11,1,1. Male,62,4222
403120221559e11,1,1. Male,37,5112
10050205228e13,5,1. Male,30,5112
606071122119e11,1,1. Male,28,5112
606071122119e11,1,1. Male,32,5112
903070422754e11,1,1. Male,36,5112
402010821657e11,2,2. Female,51,5113
902030512693e11,2,2. Female,54,5121
101100420151e11,2,2. Female,46,5121
506040521738e11,2,2. Female,27,5121
403180321489e11,2,2. Female,39,5121
5070503218e13,3,2. Female,73,5121
702100112259e11,2,2. Female,44,5121
505030311688e11,1,2. Female,43,5121
603023012131e11,5,2. Female,27,5121
40601061159e12,2,2. Female,46,5121
603024411854e11,11,2. Female,16,5121
130506012326e12,2,2. Female,40,5121
902050422632e11,2,2. Female,56,5121
130306012322e12,2,2. Female,23,5121
603040412199e11,2,2. Female,25,5121
40205042165e12,2,2. Female,50,5121
40301042156e12,1,2. Female,72,5121
120302141312e12,8,2. Female,25,5121
507080621805e11,2,2. Female,43,5121
705030322483e11,13,2. Female,11,5121
303020521368e11,3,2. Female,17,5121
201011121091e11,3,2. Female,23,5121
50705042181e12,1,2. Female,52,5121
70204042234e12,2,2. Female,23,5121
406010721577e11,8,2. Female,62,5121
70504012227e12,2,2. Female,28,5121
703020322306e11,2,2. Female,62,5121
120201182308e12,2,2. Female,56,5121
603011911862e11,2,2. Female,45,5121
60605021191e12,2,2. Female,32,5121
603023612051e11,2,2. Female,33,5121
507030121801e11,7,2. Female,31,5121
606010211947e11,2,2. Female,45,5121
605060412086e11,5,2. Female,12,5121
702060222409e11,3,1. Male,17,5121
120103092304e12,2,2. Female,25,5121
804030122541e11,2,2. Female,43,5121
120302141301e12,2,2. Female,35,5121
13020802233e13,6,2. Female,16,5121
702070322426e11,2,2. Female,80,5121
403130221491e11,2,2. Female,54,5121
306080221438e11,5,2. Female,23,5121
603040412199e11,7,2. Female,46,5121
902060122631e11,2,2. Female,53,5121
603012012144e11,2,2. Female,32,5121
305030421275e11,9,2. Female,24,5121
505031611766e11,2,2. Female,36,5121
104010621031e11,2,2. Female,44,5121
703110422361e11,2,2. Female,24,5121
305070221335e11,2,2. Female,42,5121
306040221457e11,2,2. Female,57,5121
504010321742e11,6,2. Female,17,5121
302090611462e11,7,1. Male,17,5121
130506012325e12,2,2. Female,27,5121
40507022153e12,2,2. Female,35,5121
606040111954e11,2,2. Female,55,5121
605060412086e11,2,2. Female,31,5121
1203030623e14,2,2. Female,36,5121
406060721564e11,2,2. Female,32,5121
104020121014e11,2,2. Female,46,5121
303030321399e11,2,2. Female,37,5121
401010521596e11,2,2. Female,54,5121
60302041189e12,2,2. Female,47,5121
702061022335e11,6,2. Female,10,5121
3030401214e13,2,2. Female,53,5121
303020121244e11,9,2. Female,21,5121
306050421443e11,2,2. Female,35,5121
507080621806e11,2,2. Female,40,5121
504020121708e11,2,2. Female,67,5121
12030101231e13,2,2. Female,21,5121
901080122665e11,2,2. Female,27,5121
605030211984e11,10,2. Female,30,5121
705040222269e11,2,2. Female,27,5121
603011311978e11,2,2. Female,22,5121
603022012117e11,2,2. Female,28,5121
306060121211e11,2,2. Female,30,5121
504010421709e11,4,2. Female,18,5121
130208022321e12,2,2. Female,23,5121
130206022319e12,2,2. Female,21,5121
506040321737e11,2,2. Female,42,5121
603011011864e11,4,1. Male,46,5121
601020321832e11,2,2. Female,25,5121
30503022128e12,2,1. Male,29,5121
130503021324e12,6,1. Male,58,5121
60506081209e12,2,2. Female,19,5121
70201052242e12,3,2. Female,33,5121
130509032316e12,4,2. Female,24,5121
100306012277e12,8,2. Female,24,5121
120104032306e12,2,2. Female,49,5121
303040121401e11,2,2. Female,65,5121
606010211955e11,8,1. Male,27,5121
703020722302e11,2,2. Female,65,5121
120201192308e12,2,2. Female,65,5121
402040221551e11,2,2. Female,53,5121
406020411569e11,2,2. Female,37,5121
603026311898e11,2,2. Female,24,5121
403040221472e11,2,2. Female,42,5121
603011011865e11,2,2. Female,55,5121
80205012249e12,5,2. Female,20,5121
60206021221e12,2,2. Female,25,5121
120105052305e12,2,2. Female,65,5121
104020121085e11,2,2. Female,53,5121
606010211946e11,8,2. Female,32,5121
702060322294e11,8,2. Female,26,5121
130104012314e12,2,2. Female,60,5121
120302161303e12,2,2. Female,40,5121
120103082305e12,2,2. Female,22,5121
120401082312e12,2,2. Female,45,5121
30504022122e12,4,1. Male,11,5121
803010622606e11,2,2. Female,25,5121
40313012149e12,2,2. Female,57,5121
404010221515e11,2,2. Female,33,5121
100304032277e12,11,2. Female,65,5121
101030121e14,8,2. Female,24,5121
605060412086e11,2,2. Female,31,5121
803070322582e11,2,2. Female,41,5121
902060122631e11,2,2. Female,40,5121
120201212308e12,2,2. Female,22,5121
603040211967e11,5,2. Female,21,5121
403120321664e11,2,2. Female,24,5121
30209012146e12,2,2. Female,57,5121
130509022317e12,2,2. Female,30,5121
602040422177e11,2,2. Female,23,5121
130303082324e12,4,1. Male,12,5121
402060321648e11,2,2. Female,51,5121
505040221778e11,2,2. Female,51,5121
110102052292e12,2,2. Female,30,5121
602022411823e11,2,2. Female,35,5121
603010311991e11,2,2. Female,41,5121
401030221624e11,2,2. Female,45,5121
601010421907e11,6,2. Female,25,5121
403070221505e11,3,1. Male,13,5121
402030221652e11,2,2. Female,43,5121
803020222575e11,2,2. Female,48,5121
120104042307e12,1,2. Female,31,5121
130503081326e12,2,2. Female,28,5121
60302611205e12,1,1. Male,31,5121
803060622635e11,2,2. Female,48,5121
801050322514e11,2,2. Female,36,5121
110305132291e12,2,2. Female,23,5121
110306112289e12,5,2. Female,26,5121
80205012249e12,5,2. Female,22,5121
602021111918e11,2,2. Female,32,5121
803030912595e11,2,2. Female,49,5121
120302272303e12,2,2. Female,63,5121
13020902233e13,5,2. Female,25,5121
603014112248e11,8,2. Female,40,5121
404070321644e11,2,2. Female,40,5121
406040121578e11,2,2. Female,48,5121
606071122119e11,2,2. Female,21,5121
507050621811e11,2,2. Female,28,5121
606050212107e11,2,2. Female,47,5121
603040412002e11,2,2. Female,16,5121
801010122526e11,2,2. Female,35,5121
606040312113e11,1,1. Male,58,5121
901010222642e11,3,2. Female,23,5121
702020322426e11,2,2. Female,25,5121
120104042307e12,2,2. Female,43,5121
130303112325e12,3,2. Female,50,5121
50501082179e12,3,2. Female,19,5121
120302141312e12,2,2. Female,50,5121
602050712064e11,2,2. Female,49,5121
505010821791e11,2,2. Female,59,5121
306050121213e11,1,2. Female,60,5121
9010804227e13,3,1. Male,19,5121
303040321395e11,2,2. Female,19,5121
110104012291e12,5,2. Female,24,5121
130206082321e12,3,2. Female,45,5121
120301052295e12,2,2. Female,44,5121
403180321489e11,2,2. Female,45,5121
803040122605e11,2,2. Female,50,5121
130506022327e12,2,2. Female,28,5121
120308142302e12,2,2. Female,34,5121
606050311912e11,2,2. Female,37,5121
403180121487e11,2,2. Female,48,5121
130503101329e12,2,2. Female,29,5121
110305092289e12,2,2. Female,33,5121
602040422177e11,4,1. Male,21,5121
602050412064e11,2,2. Female,56,5121
130503081326e12,2,2. Female,26,5121
401010621591e11,2,2. Female,33,5121
201020521123e11,2,2. Female,38,5121
507080521796e11,2,2. Female,51,5121
90106012271e12,6,2. Female,48,5121
103020121052e11,2,2. Female,46,5121
603020111997e11,2,1. Male,23,5121
803100222573e11,3,2. Female,35,5121
406060721564e11,2,2. Female,40,5121
702061212334e11,2,2. Female,22,5121
404070321645e11,3,2. Female,20,5121
705040122268e11,2,2. Female,49,5121
303050121299e11,2,2. Female,32,5121
507080121794e11,2,2. Female,35,5121
306080421371e11,2,2. Female,31,5121
303030321302e11,2,2. Female,30,5121
130103032314e12,2,2. Female,33,5121
110303052292e12,4,2. Female,15,5121
606010311956e11,1,1. Male,16,5121
401010921599e11,2,2. Female,25,5121
504030621751e11,9,2. Female,20,5121
1203030223e14,2,2. Female,26,5121
603023412195e11,3,2. Female,32,5121
507030121792e11,2,2. Female,24,5121
302010411311e11,3,2. Female,35,5121
50601032169e12,2,2. Female,34,5121
120302151303e12,1,2. Female,51,5121
60202292184e12,2,2. Female,50,5121
120201052309e12,2,2. Female,20,5121
30106022142e12,2,2. Female,51,5121
110303052292e12,2,2. Female,34,5121
804050322512e11,1,1. Male,47,5121
605050211992e11,6,2. Female,32,5121
606040312113e11,2,2. Female,28,5121
120304052299e12,2,2. Female,23,5121
120102082305e12,2,2. Female,32,5121
603011011865e11,6,1. Male,29,5121
401010621591e11,2,2. Female,61,5121
110306112289e12,7,2. Female,19,5121
702061212336e11,2,2. Female,26,5121
403040221471e11,1,2. Female,55,5121
120303032296e12,2,2. Female,66,5121
110303052292e12,4,2. Female,26,5121
10020302228e13,8,2. Female,22,5121
130304052318e12,2,2. Female,56,5121
120103012306e12,2,2. Female,29,5121
703010122404e11,2,2. Female,41,5121
302070221315e11,2,2. Female,30,5121
403100321507e11,4,2. Female,27,5121
603010812133e11,2,2. Female,77,5121
6010501219e13,2,2. Female,29,5121
406010411577e11,2,2. Female,46,5121
130509072326e12,3,2. Female,24,5121
120302201298e12,3,2. Female,29,5121
603012012144e11,6,2. Female,29,5121
802020422494e11,1,1. Male,33,5121
60302041189e12,1,2. Female,32,5121
505040221778e11,2,2. Female,47,5121
120102022305e12,2,2. Female,45,5121
130506012325e12,2,2. Female,27,5121
605030111985e11,2,2. Female,28,5121
504020221742e11,5,1. Male,25,5121
703030122407e11,2,2. Female,50,5121
100306012277e12,2,2. Female,34,5121
602050412064e11,2,2. Female,54,5121
702060222484e11,3,2. Female,23,5121
302040221329e11,2,2. Female,30,5121
11030506229e13,5,2. Female,23,5121
406060321563e11,7,2. Female,26,5121
303070221227e11,2,2. Female,34,5121
406070521485e11,2,2. Female,34,5121
110407012294e12,2,2. Female,23,5121
120303062303e12,2,2. Female,28,5121
603022912143e11,7,2. Female,25,5121
406030421485e11,2,2. Female,19,5121
120201182308e12,2,2. Female,40,5121
602060312208e11,1,2. Female,73,5121
120201152307e12,2,2. Female,42,5121
603022311896e11,2,2. Female,31,5121
120104042307e12,2,2. Female,28,5121
507080621806e11,2,2. Female,41,5121
120303022297e12,2,2. Female,69,5121
201060421098e11,4,2. Female,25,5121
302020121238e11,2,2. Female,55,5121
505030111686e11,2,2. Female,38,5121
110306112289e12,8,1. Male,13,5121
603021812148e11,2,2. Female,23,5121
120203082308e12,3,2. Female,22,5122
603011911862e11,4,2. Female,35,5122
605060612089e11,17,2. Female,27,5122
602020711839e11,6,2. Female,48,5122
505030811784e11,2,2. Female,50,5122
603030312282e11,5,1. Male,29,5122
507030621801e11,4,2. Female,21,5122
601050221901e11,2,2. Female,40,5122
603022612259e11,1,1. Male,44,5122
202010321127e11,2,2. Female,40,5122
505030811722e11,2,2. Female,41,5122
602070112069e11,2,2. Female,28,5123
603020212248e11,2,2. Female,38,5123
602030911924e11,1,1. Male,45,5123
603011911996e11,6,1. Male,31,5123
603021411963e11,1,2. Female,23,5123
602070112069e11,3,2. Female,27,5123
606040612108e11,2,2. Female,43,5123
602070112069e11,11,2. Female,32,5123
606010111876e11,1,2. Female,49,5123
204080411096e11,2,2. Female,40,5123
603024912231e11,2,2. Female,26,5131
603011711904e11,1,1. Male,57,5131
101100311065e11,2,2. Female,32,5131
605020512015e11,6,2. Female,23,5132
603023612279e11,1,1. Male,61,5132
603025712053e11,1,1. Male,29,5132
606050411919e11,1,1. Male,41,5132
603010711863e11,4,2. Female,29,5132
603024912166e11,1,1. Male,37,5132
130206072327e12,3,1. Male,27,5132
603025112243e11,1,1. Male,29,5132
602060412226e11,2,2. Female,34,5132
302010811327e11,4,1. Male,25,5132
603020112146e11,1,1. Male,47,5132
603013722202e11,4,1. Male,21,5132
130503021324e12,2,1. Male,23,5132
603026511974e11,2,2. Female,43,5132
603040112199e11,1,1. Male,52,5132
702060322337e11,1,1. Male,40,5132
603010312054e11,3,1. Male,33,5132
603021412275e11,2,2. Female,35,5132
704061022381e11,9,1. Male,33,5132
603023812153e11,2,2. Female,39,5132
803090222588e11,1,1. Male,52,5132
602020211933e11,6,2. Female,20,5132
603011511859e11,1,1. Male,29,5132
110205012286e12,1,1. Male,58,5132
603013112253e11,1,1. Male,32,5132
602020211933e11,1,1. Male,28,5132
606050411909e11,1,2. Female,33,5132
50401022168e12,2,2. Female,55,5133
902040322691e11,9,1. Male,30,5133
606050112122e11,2,2. Female,46,5133
401030121622e11,2,2. Female,39,5133
406030211572e11,1,2. Female,71,5133
402020521608e11,1,1. Male,68,5133
100305052276e12,2,2. Female,40,5133
802040122629e11,2,2. Female,56,5133
303040221201e11,2,2. Female,51,5133
11030512229e13,2,2. Female,50,5133
402030321652e11,5,2. Female,66,5133
603026411991e11,6,1. Male,28,5133
606010511949e11,3,1. Male,23,5133
302030521239e11,6,2. Female,25,5133
101090221043e11,8,2. Female,25,5133
902060222737e11,2,2. Female,67,5133
902060222737e11,2,2. Female,30,5133
11030512229e13,2,2. Female,21,5133
902050322741e11,2,2. Female,55,5133
110305112286e12,2,2. Female,29,5133
406060121565e11,2,2. Female,28,5133
201010921106e11,2,2. Female,35,5133
406030511532e11,2,2. Female,34,5133
110305122293e12,2,2. Female,53,5133
801050322532e11,2,2. Female,67,5133
403160121669e11,2,2. Female,50,5133
100105022281e12,2,2. Female,47,5133
902050422631e11,6,2. Female,33,5133
405030321548e11,2,2. Female,54,5133
303050921367e11,4,1. Male,27,5133
302091311466e11,2,2. Female,28,5133
406050611629e11,2,2. Female,43,5133
902060222738e11,4,1. Male,22,5133
703110322358e11,2,2. Female,61,5133
606050511908e11,2,2. Female,40,5133
406010721588e11,2,2. Female,32,5133
606010511946e11,2,2. Female,55,5133
702010122419e11,2,2. Female,50,5133
505050921745e11,2,2. Female,32,5133
110102022292e12,2,2. Female,34,5133
703090122306e11,2,2. Female,48,5133
101080221063e11,3,2. Female,28,5133
902070222686e11,11,2. Female,75,5133
603022711976e11,2,2. Female,29,5133
10020204228e13,2,2. Female,35,5133
110102022292e12,2,2. Female,22,5133
606040611951e11,2,2. Female,52,5133
304040321347e11,2,2. Female,42,5133
405030221546e11,2,2. Female,55,5133
606040412108e11,2,2. Female,44,5134
302010611313e11,11,2. Female,23,5134
601050121893e11,1,1. Male,25,5134
606070912103e11,2,2. Female,43,5141
605060712084e11,6,1. Male,21,5149
606040611951e11,1,1. Male,63,5149
603010911982e11,3,1. Male,31,5149
603021212257e11,1,1. Male,35,5149
60601051195e12,1,1. Male,52,5149
603024011896e11,2,2. Female,32,5149
13020608233e13,1,1. Male,61,5149
603025112122e11,2,2. Female,32,5149
505030911717e11,1,1. Male,60,5149
603011311977e11,2,2. Female,51,5149
606010511956e11,1,1. Male,42,5149
603013211957e11,1,2. Female,48,5149
60302441212e12,5,1. Male,22,5149
406070621603e11,1,1. Male,45,5149
403070221516e11,3,2. Female,30,5149
606010111875e11,5,1. Male,32,5149
603020112248e11,1,1. Male,26,5149
606070411941e11,5,1. Male,52,5149
603025812194e11,5,2. Female,19,5149
606050211914e11,1,1. Male,35,5161
602021812183e11,1,1. Male,45,5161
802080222497e11,4,1. Male,31,5162
406010721588e11,3,1. Male,29,5162
120302151304e12,2,2. Female,33,5162
606030421948e11,4,1. Male,21,5163
803031512567e11,1,1. Male,43,5163
1203020613e14,1,1. Male,34,5163
603025311999e11,1,1. Male,30,5169
603011011864e11,1,1. Male,28,5169
603010812133e11,8,2. Female,71,5169
606040312113e11,1,1. Male,37,5169
606060312083e11,2,1. Male,30,5220
606010311956e11,1,2. Female,29,5220
606020111944e11,1,1. Male,36,5220
603025511883e11,1,1. Male,46,5220
903050622651e11,1,2. Female,44,5220
602050212062e11,1,2. Female,38,5220
603023412196e11,2,2. Female,36,5220
602050412064e11,2,2. Female,43,5220
603030112254e11,1,1. Male,45,5220
606010211948e11,5,2. Female,27,5220
603026111855e11,9,2. Female,28,5220
903060822722e11,1,1. Male,30,5220
603011311982e11,5,1. Male,29,5220
603021812148e11,2,2. Female,30,5220
603030811884e11,1,1. Male,45,5220
100506062282e12,2,2. Female,60,5220
302080221216e11,2,2. Female,21,5220
603024912193e11,6,1. Male,21,5220
902030422661e11,5,2. Female,26,5220
602050412064e11,3,1. Male,30,5220
60301391226e12,3,1. Male,31,5220
100305072276e12,8,2. Female,12,5220
606060311952e11,2,2. Female,24,5220
201011021092e11,7,1. Male,30,5220
902030222725e11,5,2. Female,63,5220
302030821405e11,5,1. Male,29,5220
130503091328e12,2,2. Female,35,5220
603012912191e11,2,2. Female,34,5220
901030222644e11,1,1. Male,65,5220
603010812134e11,1,1. Male,36,5220
606070912103e11,2,2. Female,28,5230
606020211953e11,2,2. Female,28,5230
603011411859e11,2,2. Female,41,5230
603021712298e11,4,2. Female,25,5230
602020411841e11,2,2. Female,34,5230
406020711568e11,1,1. Male,62,5230
602020211933e11,1,1. Male,31,5230
403180321489e11,2,2. Female,31,5230
603014112253e11,2,2. Female,25,5230
603021412094e11,5,1. Male,19,5230
603010312053e11,1,1. Male,30,5230
100505012278e12,2,2. Female,64,5230
130502052326e12,1,1. Male,24,5230
120302021296e12,1,1. Male,38,5230
702100412293e11,2,2. Female,45,5230
603040112139e11,2,1. Male,43,5230
603010911998e11,2,1. Male,32,5230
90202012269e12,2,2. Female,51,5230
402010721604e11,1,1. Male,39,5230
606030621943e11,1,1. Male,30,5230
204080211098e11,1,1. Male,32,5230
13050901233e13,1,2. Female,24,5230
602041211924e11,1,1. Male,35,5230
12040112231e13,1,1. Male,30,5230
505030611787e11,6,1. Male,18,5230
110306091286e12,2,2. Female,25,5230
702020122427e11,2,2. Female,43,5230
603040211967e11,3,1. Male,19,5230
110305012288e12,1,1. Male,40,5230
404010221517e11,1,1. Male,55,5230
605050712004e11,1,2. Female,39,5230
60302141206e12,2,2. Female,30,5230
602022921836e11,1,1. Male,49,5230
702100512294e11,4,1. Male,19,5230
60302241229e12,3,2. Female,28,5230
603030212256e11,1,2. Female,54,5230
603026412196e11,2,2. Female,27,5230
602041411921e11,1,1. Male,61,5230
902070122689e11,6,1. Male,32,5230
605050412038e11,1,1. Male,46,5230
60207021207e12,12,2. Female,30,5230
605050812005e11,2,2. Female,64,5230
602030111928e11,2,2. Female,32,5230
602040512179e11,2,2. Female,47,5230
602070112069e11,9,1. Male,28,5230
60203051193e12,12,1. Male,22,5230
606040212122e11,2,2. Female,51,5230
901080122665e11,3,1. Male,24,5230
603012212201e11,1,2. Female,42,5230
30206052146e12,3,1. Male,33,5230
130503031329e12,3,1. Male,10,5230
603040211967e11,2,2. Female,34,5230
60505041204e12,2,2. Female,17,5230
110306041294e12,8,1. Male,25,5230
603025712276e11,8,1. Male,25,5230
603012312253e11,2,2. Female,39,5230
605050412038e11,2,2. Female,33,5230
603040211967e11,1,1. Male,46,5230
603010611861e11,1,1. Male,43,5230
603024411854e11,3,1. Male,59,5230
101010321062e11,2,2. Female,29,5230
505040421781e11,6,1. Male,10,5230
602020111936e11,2,2. Female,53,5230
60301411196e12,1,1. Male,67,5230
603023711966e11,1,1. Male,73,5230
100501021278e12,3,2. Female,47,5230
110102052292e12,1,1. Male,56,5230
603020612003e11,2,2. Female,33,5230
102040421058e11,1,2. Female,43,5230
406020511567e11,2,1. Male,47,5230
603023711965e11,3,2. Female,58,5230
103070321008e11,1,1. Male,21,5230
601040221827e11,1,2. Female,37,5230
102040521031e11,1,1. Male,41,5230
702061212335e11,1,1. Male,25,5230
102010221009e11,1,1. Male,43,5230
110301052286e12,1,1. Male,41,5230
602030812222e11,1,1. Male,65,5230
60302451228e12,2,2. Female,38,5230
602042122241e11,8,2. Female,10,5230
60301261186e12,1,1. Male,28,5230
603020112146e11,2,2. Female,27,5230
705090122453e11,3,2. Female,23,5230
606060312078e11,1,1. Male,34,5230
605050412038e11,1,2. Female,45,5230
605010212025e11,2,2. Female,40,5230
120305042297e12,2,2. Female,46,5230
605060311961e11,1,1. Male,50,5230
70201012246e12,2,2. Female,34,5230
605050412039e11,2,2. Female,47,5230
12040109231e13,2,2. Female,21,5230
100506052283e12,1,1. Male,44,5230
60301141186e12,2,2. Female,54,5230
603040211967e11,3,1. Male,20,5230
70402052232e12,2,2. Female,30,5230
606070912103e11,2,2. Female,46,5230
507020221807e11,1,1. Male,59,5230
602030812222e11,2,2. Female,37,5230
603040211968e11,2,2. Female,49,5230
603022812148e11,2,2. Female,45,5230
603011011865e11,1,1. Male,48,5230
60204121192e12,3,1. Male,23,5230
704060522329e11,1,1. Male,73,5230
603010812165e11,1,1. Male,30,5230
60302311228e12,1,1. Male,44,5230
60205061216e12,2,2. Female,44,5230
30206052146e12,4,1. Male,34,5230
406020711568e11,2,2. Female,37,5230
403080121669e11,2,2. Female,43,5230
90109052264e12,2,2. Female,37,5230
702020122427e11,1,1. Male,57,5230
605050612045e11,4,1. Male,32,5230
110306061289e12,5,2. Female,24,5230
803030812593e11,2,2. Female,45,5230
606050112278e11,7,2. Female,25,5230
603021711978e11,9,2. Female,22,5230
603014112245e11,1,1. Male,36,5230
901080222692e11,1,1. Male,30,5230
605020512015e11,1,1. Male,41,5230
701050122447e11,3,1. Male,16,5230
120308032301e12,2,2. Female,63,5230
301070321426e11,1,1. Male,53,5230
602041312218e11,1,1. Male,22,5230
204010221159e11,1,2. Female,30,5230
605020212013e11,7,1. Male,38,5230
406020611519e11,4,1. Male,30,5230
602041211924e11,2,2. Female,38,5230
60207021207e12,11,1. Male,30,5230
606050312104e11,1,1. Male,52,5230
603022812166e11,2,2. Female,46,5230
110203022287e12,2,2. Female,31,5230
603031111971e11,3,2. Female,27,5230
403180321489e11,6,2. Female,20,5230
606070212082e11,1,1. Male,45,5230
406030311572e11,2,2. Female,42,5230
603040211967e11,1,1. Male,21,5230
602040512179e11,1,1. Male,38,5230
603020712238e11,2,2. Female,14,5230
6030401122e13,2,2. Female,33,5230
201050121155e11,2,2. Female,31,5230
405060321512e11,1,1. Male,47,6111
402010421598e11,4,1. Male,16,6111
305070721231e11,2,2. Female,46,6111
10106012102e12,2,2. Female,75,6111
306030221265e11,3,2. Female,24,6111
101110621067e11,5,2. Female,16,6111
100505022278e12,3,1. Male,21,6111
110306071289e12,2,2. Female,42,6111
120308042302e12,1,2. Female,57,6111
704060122384e11,6,2. Female,16,6111
903030222646e11,2,2. Female,60,6111
901080322727e11,2,2. Female,51,6111
404030121638e11,1,1. Male,70,6111
204010921204e11,2,2. Female,26,6111
303040121299e11,13,2. Female,25,6111
403120321663e11,2,2. Female,73,6111
130502012326e12,2,1. Male,33,6111
903060822722e11,2,2. Female,37,6111
110410012291e12,13,1. Male,34,6111
901090422712e11,9,2. Female,32,6111
120201032309e12,1,1. Male,68,6111
704070722468e11,2,2. Female,56,6111
803100222573e11,1,2. Female,68,6111
505050121747e11,3,1. Male,22,6111
203020321148e11,2,2. Female,30,6111
902050422633e11,1,1. Male,31,6111
103070221007e11,2,2. Female,31,6111
120105042305e12,2,2. Female,64,6111
502010321727e11,5,2. Female,67,6111
50502082177e12,6,1. Male,68,6111
130303082324e12,1,1. Male,39,6111
702050322294e11,1,2. Female,47,6111
120103022304e12,1,1. Male,43,6111
130402032318e12,2,2. Female,35,6111
503040321697e11,1,1. Male,44,6111
507020321807e11,8,1. Male,31,6111
120201022309e12,1,1. Male,32,6111
120306052296e12,4,2. Female,13,6111
704021022315e11,2,2. Female,40,6111
301010121425e11,2,2. Female,51,6111
130304032328e12,1,1. Male,46,6111
12040204231e13,2,2. Female,26,6111
120302232296e12,1,1. Male,43,6111
703130622275e11,3,1. Male,21,6111
201030321121e11,2,2. Female,42,6111
100305042281e12,1,1. Male,67,6111
502020321724e11,1,1. Male,38,6111
5070501218e13,6,1. Male,20,6111
120103062304e12,1,1. Male,43,6111
120201192308e12,1,1. Male,40,6111
204060121191e11,1,1. Male,47,6111
101070121003e11,2,2. Female,42,6111
103050221053e11,1,2. Female,41,6111
502010421723e11,1,2. Female,80,6111
120104042306e12,1,1. Male,45,6111
703130622477e11,2,2. Female,50,6111
402060321661e11,5,2. Female,25,6111
701110422393e11,2,2. Female,44,6111
120302201303e12,1,1. Male,44,6111
60204081004e12,1,1. Male,29,6111
701060222387e11,1,1. Male,65,6111
702030322344e11,2,2. Female,27,6111
120201152307e12,1,2. Female,71,6111
104020221015e11,1,2. Female,66,6111
302020121294e11,1,1. Male,30,6111
120105032304e12,1,1. Male,62,6111
130303112316e12,1,2. Female,33,6111
120201182308e12,1,1. Male,65,6111
110306071288e12,3,1. Male,23,6111
701050222251e11,1,1. Male,56,6111
120203072308e12,1,1. Male,40,6111
305050221331e11,1,1. Male,50,6111
12030101231e13,1,1. Male,46,6111
306030221452e11,3,2. Female,25,6111
604010122096e11,9,2. Female,55,6111
102040121057e11,2,2. Female,42,6111
604010521828e11,1,1. Male,64,6111
402050721656e11,5,2. Female,31,6111
901080322728e11,2,2. Female,33,6111
302070321314e11,1,1. Male,33,6111
120308072302e12,1,1. Male,46,6111
110302072289e12,3,1. Male,33,6111
203021021163e11,1,2. Female,37,6111
304050621354e11,3,1. Male,17,6111
110303032292e12,2,2. Female,62,6111
120101032306e12,1,1. Male,32,6111
110306071288e12,3,1. Male,30,6111
11040302229e13,3,1. Male,27,6111
100505022278e12,11,2. Female,13,6111
903060822676e11,7,1. Male,10,6111
406050611628e11,8,1. Male,18,6111
204090121187e11,2,2. Female,66,6111
203030521171e11,3,1. Male,25,6111
120105032306e12,1,1. Male,65,6111
704060122377e11,1,1. Male,32,6111
403150221509e11,2,2. Female,66,6111
130502012326e12,6,2. Female,24,6111
403010321672e11,5,2. Female,17,6111
505040221778e11,1,1. Male,33,6111
130509072329e12,1,1. Male,40,6111
120201152307e12,1,1. Male,39,6111
120308142302e12,1,1. Male,47,6111
203030521176e11,12,1. Male,22,6111
201040221112e11,2,2. Female,65,6111
505050121747e11,4,2. Female,17,6111
302060621459e11,5,1. Male,16,6111
703010322404e11,3,2. Female,22,6111
5030201217e13,1,1. Male,34,6111
130303082324e12,2,2. Female,28,6111
10106012106e12,1,1. Male,33,6111
903010422693e11,3,1. Male,24,6111
120201052307e12,1,1. Male,72,6111
703010322404e11,6,1. Male,25,6111
702070122424e11,9,1. Male,35,6111
203010121167e11,5,2. Female,75,6111
102040321011e11,6,2. Female,24,6111
11030506229e13,1,2. Female,65,6111
104010521032e11,1,1. Male,32,6111
130403022317e12,1,2. Female,29,6111
505011021789e11,3,1. Male,29,6111
901090422748e11,2,2. Female,29,6111
130503031329e12,1,1. Male,50,6111
507020321807e11,1,1. Male,60,6111
505010321758e11,8,1. Male,28,6111
120306072298e12,1,1. Male,66,6111
120105042305e12,1,1. Male,67,6111
304080421353e11,1,2. Female,64,6111
304090321345e11,1,1. Male,43,6111
604010522093e11,1,1. Male,36,6111
704060122383e11,2,2. Female,49,6111
120304022297e12,1,1. Male,53,6111
1203030223e14,1,1. Male,25,6111
403090321505e11,2,2. Female,17,6111
130406012316e12,2,2. Female,39,6111
303070321394e11,2,2. Female,60,6111
120201162308e12,1,1. Male,65,6111
102020221012e11,1,1. Male,58,6111
701030522395e11,3,2. Female,21,6111
102040321011e11,1,1. Male,63,6111
20201112114e12,1,1. Male,32,6111
100105012281e12,1,1. Male,55,6111
304050621348e11,7,1. Male,41,6111
704070322468e11,1,1. Male,43,6111
90301022267e12,1,2. Female,69,6111
202020321131e11,1,2. Female,26,6111
100401052283e12,1,1. Male,66,6111
130503101328e12,4,2. Female,83,6111
30608032144e12,2,2. Female,41,6111
704070322397e11,2,2. Female,35,6111
12040113231e13,1,1. Male,53,6111
601040121906e11,2,2. Female,22,6111
204080921196e11,2,2. Female,33,6111
120201012309e12,1,1. Male,37,6111
302060621459e11,7,1. Male,12,6111
701070222442e11,1,1. Male,40,6111
803100222572e11,1,1. Male,51,6111
505031511765e11,1,1. Male,64,6111
704070722468e11,1,1. Male,55,6111
90302012275e12,1,1. Male,44,6111
100305042281e12,5,2. Female,27,6111
204080521096e11,1,2. Female,30,6111
803040422602e11,1,2. Female,35,6111
903010122693e11,3,1. Male,30,6111
50504032178e12,1,1. Male,31,6111
120101052306e12,2,2. Female,29,6111
80203042263e12,1,1. Male,25,6111
203020621172e11,4,2. Female,23,6111
30211032132e12,2,1. Male,33,6111
902050122751e11,2,1. Male,31,6111
903020122751e11,1,1. Male,67,6111
100401042283e12,1,1. Male,27,6111
120308072302e12,1,1. Male,36,6111
406040321579e11,7,1. Male,42,6111
130204042329e12,1,1. Male,59,6111
302011011254e11,1,1. Male,47,6111
403050121495e11,1,1. Male,38,6111
120203052308e12,2,2. Female,22,6111
130510012328e12,1,1. Male,58,6111
204080111097e11,10,2. Female,68,6111
702090422262e11,2,2. Female,37,6111
303030321364e11,5,1. Male,41,6111
120201012309e12,2,2. Female,56,6111
101100421041e11,2,2. Female,26,6111
502010421723e11,2,1. Male,18,6111
802050222493e11,1,1. Male,63,6111
130208022321e12,1,2. Female,80,6111
90301072271e12,2,1. Male,17,6111
130306012322e12,1,1. Male,67,6111
302020321295e11,1,1. Male,58,6111
505011021788e11,2,2. Female,74,6111
101030221056e11,3,1. Male,28,6111
701070122442e11,1,1. Male,59,6111
203030521176e11,3,2. Female,18,6111
506010121691e11,3,2. Female,27,6111
101110621067e11,1,1. Male,75,6111
501020321734e11,1,1. Male,46,6111
403140121483e11,1,1. Male,65,6111
120203062308e12,2,2. Female,35,6111
1203022523e14,3,1. Male,19,6111
10020306228e13,1,1. Male,30,6111
304010321345e11,1,1. Male,69,6111
120201072309e12,1,1. Male,62,6111
130502072326e12,1,2. Female,63,6111
406030611589e11,2,1. Male,50,6111
506040221736e11,1,1. Male,59,6111
903040322654e11,7,2. Female,21,6111
90107012273e12,2,2. Female,26,6111
204090121187e11,5,1. Male,16,6111
406040321579e11,6,2. Female,52,6111
120308072302e12,1,1. Male,63,6111
120104062307e12,1,1. Male,69,6111
120308012301e12,1,1. Male,89,6111
130301052323e12,1,1. Male,58,6111
602010321848e11,5,2. Female,22,6111
704020922316e11,1,1. Male,65,6111
120102062305e12,5,1. Male,23,6111
704021122316e11,1,1. Male,58,6111
11041001229e13,3,1. Male,96,6111
602060212212e11,13,2. Female,26,6111
403010621561e11,1,1. Male,75,6111
203010321168e11,1,1. Male,88,6111
120201222308e12,1,2. Female,63,6111
102040321011e11,9,1. Male,17,6111
604010521825e11,5,2. Female,61,6111
901090422727e11,1,1. Male,45,6111
100301032284e12,2,1. Male,12,6111
302020121318e11,4,1. Male,17,6111
203020821165e11,2,2. Female,44,6111
901090422654e11,3,1. Male,18,6111
120301022295e12,4,1. Male,17,6111
13020802232e13,1,1. Male,55,6111
604010522099e11,4,1. Male,25,6111
504010421708e11,1,1. Male,58,6111
704021022315e11,1,1. Male,60,6111
704021022318e11,2,2. Female,35,6111
203020821166e11,3,2. Female,19,6111
100401042283e12,2,2. Female,34,6111
302050221286e11,1,2. Female,63,6111
120401082312e12,2,2. Female,40,6111
804050222552e11,1,1. Male,49,6111
102040321011e11,1,2. Female,60,6111
101110621067e11,3,2. Female,18,6111
703070222351e11,1,1. Male,33,6111
120102082305e12,1,1. Male,28,6111
12040112231e13,7,2. Female,18,6111
120105062304e12,1,1. Male,46,6111
120302252303e12,1,1. Male,69,6111
30206062146e12,2,2. Female,60,6111
403120321664e11,9,1. Male,85,6111
405070521531e11,1,1. Male,47,6111
702080222431e11,1,1. Male,66,6111
304030421379e11,1,2. Female,41,6111
903060122745e11,1,1. Male,73,6111
303060221399e11,2,2. Female,22,6111
306030321447e11,2,1. Male,47,6111
101110621067e11,1,1. Male,34,6111
70307022235e12,1,1. Male,60,6111
202011121139e11,12,1. Male,22,6111
405040221539e11,2,2. Female,44,6111
304040221346e11,2,2. Female,56,6111
120401012312e12,1,1. Male,32,6111
90204012274e12,2,2. Female,62,6111
120203032306e12,2,2. Female,39,6111
120303022299e12,1,1. Male,50,6111
130204042321e12,1,1. Male,74,6111
301090121433e11,1,1. Male,44,6111
120201022309e12,1,1. Male,68,6111
104080121055e11,1,1. Male,88,6111
202010321127e11,6,2. Female,10,6111
120201202308e12,1,1. Male,63,6111
130403012317e12,1,1. Male,30,6111
100305072276e12,2,2. Female,39,6111
304050521354e11,2,2. Female,68,6111
505050121747e11,2,2. Female,48,6111
130306032322e12,7,1. Male,24,6111
507050721798e11,1,2. Female,31,6111
120302232301e12,1,1. Male,39,6111
302070321317e11,3,1. Male,25,6111
704010622322e11,1,1. Male,53,6111
204020521151e11,1,1. Male,53,6111
120301092295e12,1,1. Male,36,6111
120202032309e12,1,1. Male,73,6111
903010422693e11,2,2. Female,31,6111
70307022235e12,2,1. Male,22,6111
120103042304e12,2,2. Female,18,6111
40507052153e12,3,1. Male,23,6111
901040622636e11,5,2. Female,66,6111
120203022309e12,1,1. Male,42,6111
101090521038e11,8,2. Female,23,6111
202020121134e11,11,2. Female,83,6111
702020222427e11,2,2. Female,43,6111
30401032139e12,2,2. Female,25,6111
130502012329e12,1,1. Male,43,6111
804050222552e11,5,2. Female,13,6111
903050222719e11,1,1. Male,24,6111
901040322667e11,1,2. Female,33,6111
4031101215e13,1,1. Male,30,6111
120301042295e12,3,2. Female,37,6111
703040122413e11,2,2. Female,29,6111
120301082295e12,1,1. Male,32,6111
901040222657e11,2,2. Female,49,6111
802090522494e11,2,1. Male,32,6111
704070522466e11,1,2. Female,43,6111
102030321027e11,2,2. Female,62,6111
120305022296e12,1,1. Male,45,6111
903050422721e11,2,2. Female,32,6111
120105062305e12,1,1. Male,65,6111
120401032311e12,1,1. Male,61,6111
11030506229e13,1,1. Male,37,6111
204030221183e11,6,1. Male,40,6111
100505012278e12,4,1. Male,28,6111
100305022284e12,1,1. Male,66,6111
204040221199e11,5,1. Male,24,6111
304030321379e11,3,1. Male,65,6111
203030521176e11,5,2. Female,15,6111
120302161297e12,2,2. Female,28,6111
502010421723e11,1,2. Female,68,6111
502020121727e11,1,1. Male,57,6111
601040221829e11,1,1. Male,45,6111
802040122629e11,1,2. Female,42,6111
701050222447e11,1,1. Male,30,6111
406050921576e11,1,1. Male,61,6111
507050421681e11,1,2. Female,73,6111
102050221027e11,4,1. Male,20,6111
505010821791e11,1,1. Male,45,6111
103030221004e11,1,1. Male,43,6111
301050421377e11,2,2. Female,38,6111
304050721352e11,4,1. Male,10,6111
704030322463e11,1,1. Male,54,6111
406020121521e11,1,2. Female,67,6111
120201162308e12,1,1. Male,63,6111
100502072278e12,1,1. Male,55,6111
503030121743e11,1,1. Male,29,6111
204010521159e11,1,1. Male,55,6111
403010621672e11,1,1. Male,73,6111
704021322317e11,11,1. Male,29,6111
702020222427e11,3,1. Male,25,6111
103010221007e11,2,2. Female,25,6111
130502012326e12,1,1. Male,65,6111
60302581226e12,2,2. Female,58,6111
120203042308e12,2,2. Female,32,6111
704080422328e11,1,1. Male,54,6111
201020621157e11,1,1. Male,45,6111
120101042306e12,1,1. Male,44,6111
406030811531e11,4,2. Female,21,6111
120302272303e12,2,2. Female,67,6111
704070322468e11,1,1. Male,40,6111
703030222347e11,2,2. Female,21,6111
120301022295e12,2,2. Female,38,6111
302070321315e11,3,2. Female,24,6111
303030221398e11,1,1. Male,58,6111
302100221241e11,1,2. Female,46,6111
100302012277e12,7,2. Female,26,6111
403150221509e11,4,1. Male,39,6111
100305022284e12,16,1. Male,30,6111
305070821337e11,4,1. Male,20,6111
90204022266e12,1,1. Male,45,6111
204081021094e11,8,1. Male,19,6111
104020421047e11,5,1. Male,44,6111
130403032315e12,1,2. Female,55,6111
302020321295e11,1,1. Male,67,6111
501020121733e11,7,1. Male,29,6111
902040122739e11,6,2. Female,32,6111
704080222329e11,2,1. Male,32,6111
120102012307e12,2,2. Female,37,6111
506040221736e11,2,2. Female,35,6111
30403022138e12,1,1. Male,41,6111
403090321505e11,2,2. Female,31,6111
403030321475e11,1,1. Male,29,6111
30201031125e12,1,2. Female,75,6111
110305022293e12,1,1. Male,64,6111
704020922317e11,1,1. Male,35,6111
8.0301042260800008e+22,3,1. Male,40,6111
302091211242e11,1,1. Male,27,6111
101100421051e11,1,1. Male,67,6111
405070521533e11,1,1. Male,65,6111
302030721239e11,3,1. Male,22,6111
201060421099e11,1,2. Female,60,6111
304010321345e11,2,2. Female,74,6111
130510012329e12,2,2. Female,64,6111
505011021789e11,1,1. Male,66,6111
120401072311e12,5,1. Male,22,6111
701030222394e11,8,1. Male,23,6111
302011011296e11,1,1. Male,66,6111
90202012269e12,3,1. Male,19,6111
110306112289e12,2,2. Female,89,6111
101090721037e11,1,1. Male,72,6111
505030111687e11,1,1. Male,80,6111
903060822722e11,1,1. Male,60,6111
304140421378e11,1,1. Male,58,6111
204010521158e11,3,1. Male,27,6111
703010322404e11,1,1. Male,44,6111
120201222308e12,1,2. Female,65,6111
120201042307e12,1,1. Male,49,6111
901040322671e11,4,1. Male,25,6111
702080522433e11,3,1. Male,45,6111
40301062156e12,2,2. Female,24,6111
120203042296e12,11,1. Male,64,6111
130403012316e12,1,1. Male,59,6111
80405032251e12,5,2. Female,20,6111
1.2030219130000001e+23,3,1. Male,30,6111
604010321825e11,2,2. Female,24,6111
120104032306e12,1,1. Male,67,6111
306030321247e11,1,1. Male,56,6111
602060212159e11,3,1. Male,22,6111
40303032148e12,1,1. Male,68,6111
201010811108e11,3,2. Female,13,6111
120105062304e12,2,2. Female,61,6111
804060122547e11,1,1. Male,86,6111
304040321347e11,2,1. Male,32,6111
203020521171e11,5,1. Male,25,6111
405040221539e11,1,1. Male,66,6111
120302161303e12,4,1. Male,27,6111
406011011587e11,2,2. Female,26,6111
302090121459e11,1,1. Male,40,6111
130502012329e12,2,2. Female,60,6111
901080322728e11,6,2. Female,23,6111
120202022309e12,2,2. Female,57,6111
303040321397e11,2,2. Female,98,6111
304090421344e11,2,2. Female,60,6111
304050721352e11,2,1. Male,20,6111
702070422426e11,4,1. Male,34,6111
304070121384e11,2,2. Female,49,6111
902050122752e11,2,2. Female,33,6111
502020321724e11,2,2. Female,71,6111
103040221055e11,3,2. Female,19,6111
130502012326e12,1,1. Male,35,6111
902050422632e11,3,2. Female,20,6111
401040221611e11,5,1. Male,25,6111
505031511765e11,4,2. Female,31,6111
901040622637e11,4,1. Male,21,6111
702030322344e11,1,1. Male,42,6111
20103042112e12,2,2. Female,38,6111
203030521176e11,2,2. Female,37,6111
130303112318e12,1,1. Male,72,6111
120101052306e12,4,1. Male,15,6111
505050221761e11,1,1. Male,24,6111
101090721037e11,1,1. Male,72,6111
90301022275e12,3,1. Male,23,6111
901040422668e11,4,1. Male,21,6111
203020721156e11,2,2. Female,29,6111
903050222721e11,8,1. Male,26,6111
120302252298e12,1,2. Female,69,6111
120201222308e12,1,1. Male,38,6111
1203030223e14,1,1. Male,39,6111
903030622695e11,1,1. Male,36,6111
120104052307e12,1,1. Male,67,6111
130303112316e12,1,1. Male,63,6111
505010821792e11,1,2. Female,51,6111
301010421425e11,1,2. Female,50,6111
101100421051e11,6,1. Male,19,6111
101020321019e11,12,2. Female,74,6111
130305042324e12,1,1. Male,49,6111
802080122498e11,1,1. Male,47,6111
505030511786e11,1,1. Male,63,6111
110305142293e12,1,1. Male,42,6111
302100321291e11,1,1. Male,50,6111
120308012301e12,1,1. Male,34,6111
402020521601e11,1,1. Male,49,6111
302100221292e11,3,1. Male,45,6111
120201052307e12,1,1. Male,63,6111
203030521176e11,1,1. Male,39,6111
120302091298e12,3,1. Male,30,6111
602010221849e11,2,2. Female,18,6111
120103082304e12,1,1. Male,24,6111
120103102304e12,3,2. Female,23,6111
13020205232e13,1,1. Male,55,6111
903060722722e11,1,1. Male,51,6111
90205042274e12,10,2. Female,22,6111
204010321208e11,1,2. Female,55,6111
90301022267e12,1,1. Male,29,6111
901040322667e11,5,1. Male,17,6111
302110421319e11,1,1. Male,62,6111
402020421597e11,2,1. Male,34,6111
701030222395e11,2,2. Female,29,6111
102040321021e11,5,2. Female,71,6111
120202032309e12,3,2. Female,11,6111
701050522449e11,3,2. Female,13,6111
302011011322e11,1,1. Male,43,6111
302060121458e11,1,1. Male,45,6111
102040321011e11,3,2. Female,27,6111
120305042296e12,2,2. Female,46,6111
11040302229e13,1,1. Male,28,6111
903010222749e11,1,1. Male,54,6111
101020321019e11,4,1. Male,23,6111
102020221009e11,2,2. Female,47,6111
703030222354e11,1,1. Male,48,6111
702020122427e11,2,2. Female,72,6111
304010321345e11,1,2. Female,53,6111
3.0409042134300002e+22,1,1. Male,86,6111
506040121695e11,3,2. Female,22,6111
703030222409e11,1,1. Male,45,6111
403090321505e11,2,2. Female,66,6111
403140121483e11,1,1. Male,73,6111
120101012306e12,1,1. Male,66,6111
903040322654e11,9,2. Female,30,6111
903060722723e11,1,1. Male,45,6111
70307022235e12,1,1. Male,45,6111
903010722652e11,4,2. Female,43,6111
120201162308e12,3,1. Male,14,6111
70307022235e12,2,2. Female,31,6111
100401042283e12,2,2. Female,33,6111
203010121167e11,1,1. Male,66,6111
120306032296e12,1,1. Male,35,6111
903030222654e11,2,2. Female,25,6111
204020521151e11,6,2. Female,14,6111
505010321758e11,6,2. Female,73,6111
130302052323e12,1,1. Male,55,6111
130201012319e12,2,2. Female,67,6111
120101022306e12,2,2. Female,35,6111
130510012328e12,1,2. Female,65,6111
505040321783e11,2,2. Female,27,6111
110403022294e12,8,1. Male,23,6111
703040122414e11,1,1. Male,54,6111
101070121003e11,4,2. Female,26,6111
901030422638e11,2,2. Female,25,6111
202010821213e11,2,2. Female,52,6111
403010621572e11,1,2. Female,65,6111
302040421288e11,1,1. Male,67,6111
120201152307e12,1,1. Male,28,6111
406050121556e11,1,1. Male,46,6111
204050121203e11,1,1. Male,62,6111
406050121556e11,1,2. Female,68,6111
120302171303e12,4,1. Male,45,6111
702060722459e11,5,1. Male,70,6111
301090121433e11,2,2. Female,70,6111
502010421724e11,2,2. Female,55,6111
120201172308e12,2,2. Female,55,6111
120102022305e12,2,2. Female,32,6111
302020321298e11,5,1. Male,20,6111
103010421006e11,5,2. Female,18,6111
903020122751e11,2,1. Male,23,6111
406040221575e11,1,1. Male,35,6111
901040322666e11,1,1. Male,22,6111
120303052299e12,7,1. Male,28,6111
120302101298e12,1,1. Male,70,6111
130502022327e12,1,1. Male,30,6111
502010421723e11,1,1. Male,48,6111
403150221509e11,2,2. Female,35,6111
201030321121e11,1,1. Male,50,6111
101090521038e11,4,1. Male,23,6111
120101052306e12,1,2. Female,67,6111
501020121733e11,6,2. Female,60,6111
101090721037e11,8,1. Male,15,6111
503040321743e11,5,2. Female,17,6111
101090521038e11,3,1. Male,30,6111
507060221683e11,2,2. Female,68,6111
130401042316e12,3,2. Female,40,6111
120201122307e12,1,1. Male,65,6111
902020322684e11,2,2. Female,20,6111
1203021713e14,1,1. Male,59,6111
604010122096e11,1,1. Male,69,6111
120304022297e12,2,2. Female,21,6111
40604032158e12,1,1. Male,71,6111
505010821791e11,2,1. Male,34,6111
104080121055e11,1,1. Male,39,6111
204040121202e11,3,2. Female,21,6111
120201192308e12,1,1. Male,29,6111
120203032309e12,2,2. Female,58,6111
204020321153e11,4,2. Female,18,6111
303040421305e11,5,2. Female,32,6111
50505062176e12,2,2. Female,39,6111
10103022102e12,2,2. Female,31,6111
505051021748e11,1,2. Female,66,6111
103040121024e11,5,2. Female,27,6111
120306092296e12,1,1. Male,39,6111
130303112329e12,1,1. Male,50,6111
203010221168e11,7,2. Female,73,6112
12040205231e13,1,1. Male,45,6112
704060922381e11,1,1. Male,47,6112
901060322747e11,1,1. Male,25,6112
301050221432e11,2,1. Male,27,6112
305070121281e11,1,1. Male,38,6112
703060222303e11,2,2. Female,46,6112
101110921066e11,1,1. Male,75,6112
203010121167e11,2,2. Female,32,6112
101090821036e11,2,2. Female,17,6112
702060622275e11,1,1. Male,33,6112
100503052279e12,2,2. Female,26,6112
301080321428e11,1,2. Female,68,6112
304060121386e11,2,2. Female,59,6112
702070322424e11,1,1. Male,77,6112
803010622607e11,1,1. Male,34,6112
803100122571e11,1,1. Male,53,6112
505050921745e11,1,1. Male,51,6112
507070121803e11,5,1. Male,28,6112
704040322471e11,1,1. Male,32,6112
903030622694e11,3,2. Female,34,6112
100303022276e12,2,2. Female,45,6112
201010411092e11,2,1. Male,44,6112
20406022119e12,1,1. Male,36,6112
405020321535e11,1,1. Male,73,6112
1203030823e14,1,1. Male,27,6112
901080122665e11,2,2. Female,54,6112
101090521038e11,2,2. Female,35,6112
130207022318e12,2,2. Female,54,6112
404030221638e11,2,2. Female,49,6112
705060422457e11,13,1. Male,28,6112
703050622358e11,1,2. Female,33,6112
100503052279e12,1,1. Male,37,6112
302070221314e11,1,1. Male,50,6112
70402042232e12,3,1. Male,45,6112
100401042283e12,1,2. Female,29,6112
901050422663e11,5,2. Female,17,6112
130502052329e12,1,1. Male,53,6112
13020502232e13,2,2. Female,18,6112
101090821036e11,4,1. Male,17,6112
204020421151e11,1,1. Male,41,6112
306020221373e11,1,1. Male,61,6112
1203030123e14,1,1. Male,34,6112
204070121179e11,6,2. Female,48,6112
13020702232e13,1,1. Male,23,6112
702070122425e11,2,2. Female,24,6112
406030611533e11,1,1. Male,54,6112
804050122552e11,1,1. Male,32,6112
703010222313e11,4,1. Male,21,6112
80405032251e12,1,1. Male,64,6112
203030521176e11,3,2. Female,22,6112
40403022163e12,1,1. Male,24,6112
902030322761e11,3,1. Male,32,6112
903060622744e11,3,2. Female,36,6112
101100921016e11,7,2. Female,30,6112
101030321048e11,2,2. Female,43,6112
204010321207e11,7,2. Female,72,6112
13020502232e13,1,1. Male,46,6112
705050122441e11,2,2. Female,21,6112
303080221239e11,1,1. Male,42,6112
100305072276e12,2,2. Female,42,6112
100105032281e12,5,1. Male,17,6112
203020121148e11,1,1. Male,53,6112
202010321126e11,1,1. Male,45,6112
405020321534e11,2,2. Female,43,6112
130501082326e12,1,2. Female,75,6112
204070421178e11,1,1. Male,75,6112
130503111328e12,1,1. Male,40,6112
304060121387e11,1,2. Female,74,6112
203030521176e11,2,2. Female,43,6112
100604012281e12,1,1. Male,69,6112
303040621305e11,1,1. Male,30,6112
703070122313e11,1,2. Female,51,6112
130501042326e12,2,2. Female,34,6112
705070122457e11,0,1. Male,25,6112
705070122278e11,2,2. Female,20,6112
130505012329e12,1,2. Female,47,6112
203020121147e11,2,2. Female,27,6112
601010221905e11,2,1. Male,23,6112
302070121406e11,1,1. Male,79,6112
204080211185e11,1,2. Female,54,6112
305070821338e11,1,1. Male,49,6112
30605042121e12,3,1. Male,17,6112
902010222634e11,1,1. Male,37,6112
703010222404e11,2,2. Female,20,6112
301080221423e11,2,2. Female,33,6112
305070121281e11,2,2. Female,48,6112
204010321207e11,1,1. Male,55,6112
304060321389e11,2,2. Female,49,6112
130104032315e12,6,1. Male,64,6112
202020821143e11,1,1. Male,39,6112
101101021016e11,1,1. Male,60,6112
10050205228e13,2,2. Female,43,6112
203010221167e11,3,1. Male,26,6112
204020321192e11,2,1. Male,29,6112
130405022315e12,2,2. Female,49,6112
203030221147e11,8,2. Female,69,6112
304140121392e11,2,2. Female,59,6112
120302221303e12,2,2. Female,58,6112
101101021016e11,6,2. Female,22,6112
702010222419e11,1,1. Male,34,6112
306020321373e11,1,1. Male,55,6112
505031011717e11,2,2. Female,52,6112
402060321606e11,5,1. Male,20,6112
30407052135e12,2,2. Female,46,6112
702100112396e11,1,1. Male,49,6112
100304052277e12,10,2. Female,20,6112
404020221646e11,6,2. Female,54,6112
101110921034e11,1,1. Male,80,6112
305040221278e11,4,1. Male,15,6112
302090811308e11,8,1. Male,28,6112
404030221638e11,1,1. Male,73,6112
90206012263e12,1,1. Male,28,6112
901080122665e11,1,1. Male,47,6112
902030322734e11,6,2. Female,18,6112
302110721235e11,2,2. Female,62,6112
406050221613e11,6,1. Male,23,6112
901060222663e11,3,1. Male,30,6112
30402012134e12,2,2. Female,44,6112
902030322756e11,2,2. Female,68,6112
203030221147e11,2,2. Female,26,6112
405070421526e11,1,2. Female,78,6112
50101012173e12,2,1. Male,22,6112
130303062325e12,7,1. Male,24,6112
101090821002e11,5,1. Male,13,6112
304140121391e11,6,1. Male,23,6112
401030121622e11,1,1. Male,65,6112
130104032315e12,1,1. Male,20,6112
101090821002e11,4,1. Male,23,6112
705070122457e11,6,2. Female,17,6112
203021121164e11,1,1. Male,39,6112
603023411888e11,13,1. Male,16,6112
903020322681e11,6,1. Male,25,6112
130503111328e12,1,1. Male,80,6112
301020221467e11,1,1. Male,47,6112
503020221699e11,3,1. Male,33,6112
602041721847e11,2,2. Female,40,6112
20303052117e12,1,2. Female,70,6112
204010521158e11,1,1. Male,71,6112
303040121299e11,1,1. Male,55,6112
505050321761e11,1,1. Male,51,6112
100102032282e12,1,1. Male,64,6112
404040121632e11,1,1. Male,67,6112
120302232298e12,4,1. Male,61,6112
120303012303e12,1,1. Male,37,6112
306050121213e11,4,1. Male,18,6112
902060122631e11,6,1. Male,22,6112
80405032251e12,3,1. Male,26,6112
203021121164e11,3,2. Female,18,6112
100105032281e12,1,2. Female,65,6112
100504022278e12,2,2. Female,27,6112
204010121202e11,2,2. Female,41,6112
801040222525e11,1,1. Male,49,6112
802030522625e11,1,1. Male,44,6112
901040622669e11,5,1. Male,23,6112
130501082326e12,1,1. Male,32,6112
902030322761e11,4,1. Male,15,6112
602021911917e11,4,1. Male,21,6112
602060712173e11,1,1. Male,39,6112
505031921714e11,5,1. Male,57,6112
20406022119e12,3,2. Female,26,6112
130501012329e12,2,2. Female,44,6112
704020322471e11,1,1. Male,24,6112
20401052116e12,11,1. Male,45,6112
101090821036e11,3,2. Female,29,6112
506020321739e11,2,2. Female,51,6112
603030712288e11,6,1. Male,25,6112
306020221441e11,1,1. Male,64,6112
202020821143e11,8,2. Female,58,6112
701030322394e11,2,2. Female,65,6112
110307012288e12,2,2. Female,45,6112
703070122353e11,2,2. Female,47,6112
301080121427e11,2,2. Female,61,6112
602041721844e11,2,1. Male,29,6112
902010122688e11,2,1. Male,64,6112
10101012108e12,3,1. Male,18,6112
304010121357e11,7,1. Male,16,6112
705050122438e11,2,2. Female,28,6112
803032812596e11,1,1. Male,58,6112
902030322757e11,4,1. Male,33,6112
703070122313e11,2,2. Female,40,6112
203020121148e11,3,1. Male,19,6112
404020121632e11,1,1. Male,65,6112
505031921713e11,1,1. Male,58,6112
903060622744e11,1,1. Male,65,6112
100305072276e12,1,1. Male,46,6112
507060121804e11,1,1. Male,29,6112
203021121164e11,2,2. Female,70,6112
507060121792e11,1,1. Male,55,6112
302070121316e11,1,1. Male,40,6112
302070321314e11,1,1. Male,54,6112
303050321397e11,1,1. Male,63,6112
130301012323e12,2,2. Female,63,6112
803031812569e11,1,1. Male,40,6112
404040121556e11,2,2. Female,16,6112
30211042132e12,2,2. Female,30,6112
203030221147e11,1,1. Male,66,6112
705060422457e11,2,2. Female,56,6112
406070621613e11,3,1. Male,30,6112
703130122359e11,2,2. Female,39,6112
203021121164e11,2,2. Female,45,6112
901050222645e11,6,1. Male,42,6112
100301032277e12,4,1. Male,16,6112
130203012316e12,1,1. Male,43,6112
704060922385e11,1,1. Male,39,6112
20407012118e12,1,1. Male,67,6112
303040521397e11,4,2. Female,16,6112
903010322706e11,4,2. Female,37,6112
305050221275e11,2,2. Female,57,6112
110307022288e12,2,2. Female,42,6112
701090122479e11,1,1. Male,43,6112
130501082326e12,5,1. Male,65,6112
20406022119e12,2,2. Female,25,6112
306010821437e11,1,1. Male,72,6112
804030222543e11,2,2. Female,32,6112
204090221188e11,1,1. Male,42,6112
902010122687e11,2,2. Female,45,6112
100301042276e12,2,2. Female,30,6112
13020502232e13,1,2. Female,40,6112
302070121316e11,2,2. Female,70,6112
204090521188e11,2,2. Female,47,6112
902020222658e11,3,2. Female,38,6112
901040522756e11,1,1. Male,61,6112
100305072276e12,7,2. Female,72,6112
204090321189e11,2,2. Female,67,6112
120103032305e12,3,2. Female,13,6112
130503111327e12,1,1. Male,70,6112
203020121147e11,2,2. Female,35,6112
10050205228e13,6,1. Male,26,6112
203021121164e11,7,1. Male,11,6112
100301042277e12,1,1. Male,46,6112
902010222686e11,8,1. Male,42,6112
50101012173e12,4,1. Male,75,6112
100303022276e12,2,2. Female,43,6112
802040122629e11,7,1. Male,35,6112
110103042292e12,1,1. Male,27,6112
130501082325e12,1,1. Male,68,6112
305070121338e11,1,1. Male,31,6112
705060422436e11,1,1. Male,32,6112
703060322396e11,1,1. Male,42,6112
130204012329e12,1,1. Male,29,6112
304050321351e11,1,1. Male,66,6112
902020222685e11,9,2. Female,29,6112
902020122659e11,7,2. Female,25,6112
602022921837e11,12,2. Female,65,6112
130301012323e12,1,1. Male,65,6112
901050222701e11,9,1. Male,63,6112
605050512058e11,1,2. Female,66,6112
704080122328e11,4,2. Female,27,6112
203020121147e11,1,2. Female,66,6112
100504022278e12,1,1. Male,54,6112
704020422321e11,1,1. Male,41,6112
130508032327e12,7,2. Female,28,6112
130303072324e12,2,2. Female,52,6112
901020122714e11,4,1. Male,20,6112
404080121556e11,1,1. Male,41,6112
401030121623e11,1,1. Male,30,6112
304140121391e11,1,1. Male,66,6112
130303062325e12,1,1. Male,65,6112
902020122659e11,2,2. Female,22,6112
507070121802e11,1,1. Male,70,6112
100502062279e12,1,1. Male,45,6112
304060421388e11,1,1. Male,32,6112
503020321698e11,1,1. Male,64,6112
701110422392e11,1,2. Female,57,6112
704080122328e11,4,1. Male,20,6112
100401032283e12,2,2. Female,51,6112
703130122359e11,2,2. Female,87,6112
204010321207e11,2,2. Female,34,6112
902070222686e11,2,2. Female,18,6112
303010121246e11,4,1. Male,21,6112
90205022274e12,6,2. Female,19,6112
902020122659e11,4,2. Female,25,6112
306010521436e11,1,1. Male,32,6112
204020421152e11,1,1. Male,52,6112
301070221415e11,1,1. Male,60,6112
203020121148e11,1,2. Female,44,6112
902030122678e11,6,1. Male,29,6112
306070221414e11,2,1. Male,49,6112
304100121361e11,1,2. Female,66,6112
204050121203e11,1,2. Female,66,6112
303050321397e11,1,1. Male,45,6112
505031011717e11,2,2. Female,30,6112
902030322762e11,4,1. Male,11,6112
702100722269e11,2,2. Female,34,6112
304140121392e11,5,1. Male,19,6112
901040522756e11,2,2. Female,67,6112
406030611533e11,1,1. Male,73,6112
701110222392e11,1,1. Male,60,6112
404030221638e11,3,1. Male,12,6112
203030221146e11,2,2. Female,35,6112
204010421162e11,1,2. Female,69,6112
702040322455e11,5,2. Female,54,6112
130206012318e12,1,1. Male,39,6112
303060421401e11,1,2. Female,65,6112
130501042328e12,1,2. Female,54,6112
306020121441e11,2,2. Female,50,6112
130509052325e12,6,2. Female,20,6112
100305072276e12,1,1. Male,40,6112
70406092238e12,1,1. Male,41,6112
305050221275e11,1,1. Male,73,6112
100301032283e12,2,1. Male,25,6112
304070221384e11,3,1. Male,26,6112
902050222741e11,6,2. Female,13,6112
130503111324e12,1,2. Female,41,6112
505050921744e11,1,1. Male,39,6112
701110422393e11,3,1. Male,25,6112
505031921713e11,4,2. Female,74,6112
901040522658e11,2,2. Female,60,6112
506020321739e11,1,1. Male,49,6112
130506022326e12,1,1. Male,66,6112
603011911862e11,1,1. Male,60,6112
406060821545e11,1,1. Male,63,6112
100401012283e12,5,2. Female,20,6112
101030321048e11,2,2. Female,45,6112
120401112311e12,8,2. Female,68,6112
40101062159e12,3,1. Male,24,6112
203020121148e11,2,2. Female,41,6112
130509072327e12,1,1. Male,23,6112
406050221613e11,1,1. Male,56,6112
404060221634e11,2,2. Female,21,6112
100502052278e12,1,2. Female,69,6112
903030622698e11,1,1. Male,25,6112
902070222686e11,1,1. Male,31,6112
303010321305e11,1,1. Male,62,6112
302110721318e11,1,1. Male,58,6112
704060822379e11,1,1. Male,50,6112
110305052289e12,2,1. Male,22,6113
110204012285e12,1,1. Male,66,6113
101050121075e11,2,2. Female,45,6113
120308092299e12,1,1. Male,75,6113
701050122447e11,1,1. Male,40,6113
120306012297e12,9,1. Male,68,6113
901080522762e11,3,2. Female,23,6113
60206012221e12,2,2. Female,27,6113
110305132293e12,1,2. Female,46,6113
701010522258e11,1,2. Female,78,6113
703050522262e11,1,1. Male,31,6113
404050321516e11,4,1. Male,19,6113
130503091328e12,1,1. Male,28,6113
402040521538e11,1,1. Male,55,6113
803050122578e11,1,1. Male,46,6113
130403052316e12,3,1. Male,26,6113
12040205231e13,3,1. Male,15,6113
103070221008e11,1,1. Male,54,6113
13020303232e13,1,1. Male,52,6113
404050321514e11,2,1. Male,32,6113
130305032323e12,1,1. Male,76,6113
101050121019e11,1,1. Male,46,6113
703080222263e11,1,2. Female,70,6113
120102062305e12,1,1. Male,43,6113
302060121462e11,1,1. Male,65,6113
120401102312e12,1,1. Male,48,6113
101050221075e11,2,2. Female,40,6113
110203022287e12,2,2. Female,61,6113
401020421617e11,4,1. Male,31,6113
110203022287e12,1,2. Female,85,6113
702061022333e11,14,2. Female,59,6113
202010921212e11,2,2. Female,68,6113
701080122286e11,1,2. Female,63,6113
100305072276e12,5,1. Male,22,6113
100601022284e12,1,2. Female,18,6113
110201012286e12,2,2. Female,63,6113
101090521038e11,2,2. Female,56,6113
602022521839e11,2,2. Female,30,6113
201010921107e11,1,1. Male,34,6113
103040321055e11,1,2. Female,37,6113
101110921066e11,1,1. Male,65,6113
110403022291e12,5,1. Male,24,6113
130302022323e12,4,2. Female,24,6113
402040421543e11,2,2. Female,43,6113
603026311896e11,11,1. Male,42,6113
13020703232e13,1,1. Male,31,6113
803030622599e11,2,2. Female,27,6113
503030221702e11,1,1. Male,67,6113
406020221525e11,10,1. Male,57,6113
507050821797e11,3,1. Male,48,6113
8040503226e13,2,2. Female,60,6113
704020922317e11,1,1. Male,46,6113
703040322489e11,2,2. Female,17,6113
305040221279e11,2,2. Female,48,6113
703130222356e11,2,2. Female,26,6113
204020121151e11,3,1. Male,29,6113
12040114231e13,2,2. Female,52,6113
302050321285e11,2,2. Female,33,6113
203030421177e11,4,1. Male,29,6113
204030121182e11,2,2. Female,36,6113
110302032293e12,5,1. Male,35,6113
406060221563e11,2,2. Female,50,6113
12040113231e13,2,2. Female,24,6113
130402022315e12,1,2. Female,39,6113
403130221492e11,1,1. Male,93,6113
110105022292e12,3,1. Male,18,6113
110307022288e12,2,2. Female,65,6113
304040521346e11,7,1. Male,80,6113
302030321404e11,12,1. Male,29,6113
507020121809e11,1,1. Male,50,6113
303040221401e11,1,1. Male,85,6113
306060521442e11,1,1. Male,56,6113
110201032286e12,2,2. Female,68,6113
504020221742e11,8,1. Male,70,6113
701010122254e11,1,2. Female,55,6113
130402022316e12,13,2. Female,80,6113
70313022236e12,8,1. Male,27,6113
130301062325e12,1,1. Male,64,6113
404010321545e11,1,2. Female,45,6113
102030321025e11,1,1. Male,51,6113
100202032278e12,1,1. Male,25,6113
10111052107e12,2,1. Male,21,6113
120105022305e12,1,1. Male,58,6113
301030221416e11,2,2. Female,44,6113
102030121026e11,2,2. Female,42,6113
702090112298e11,2,2. Female,43,6113
404010321644e11,13,1. Male,15,6113
101100621035e11,2,2. Female,30,6113
803031512567e11,1,2. Female,65,6113
406030421485e11,6,1. Male,32,6113
130505072325e12,1,1. Male,22,6113
702060122281e11,2,2. Female,65,6113
303070221304e11,1,1. Male,46,6113
805010222613e11,1,1. Male,53,6113
101100121016e11,1,1. Male,53,6113
101110921034e11,1,2. Female,30,6113
603014212236e11,1,2. Female,65,6113
103030221007e11,5,1. Male,31,6113
130504012326e12,1,2. Female,56,6113
804060222547e11,1,1. Male,59,6113
130502042326e12,2,2. Female,71,6113
110301042288e12,1,1. Male,71,6113
704080222328e11,3,1. Male,25,6113
402010721658e11,1,1. Male,38,6113
402060221647e11,8,2. Female,32,6113
130303032324e12,1,1. Male,22,6113
702090322261e11,6,2. Female,18,6113
703030722276e11,1,1. Male,63,6113
102040221057e11,2,2. Female,52,6113
102050121011e11,3,1. Male,31,6113
602040811919e11,5,2. Female,26,6113
120102092305e12,4,1. Male,19,6113
704030522462e11,1,1. Male,51,6113
606050411909e11,3,1. Male,19,6113
101030221055e11,2,2. Female,67,6113
120302071296e12,1,1. Male,46,6113
13020303232e13,1,1. Male,32,6113
110301052285e12,5,1. Male,29,6113
202020521137e11,2,2. Female,47,6113
602042121923e11,1,1. Male,50,6113
60102022183e12,7,2. Female,32,6113
120304052299e12,1,1. Male,40,6113
703010622403e11,1,1. Male,30,6113
305020221267e11,2,2. Female,43,6113
703110322303e11,5,2. Female,46,6113
130303012324e12,1,1. Male,50,6113
703090522308e11,2,2. Female,48,6113
403170221478e11,1,1. Male,61,6113
11040202229e13,2,2. Female,46,6113
702061522337e11,4,1. Male,18,6113
100602022282e12,8,1. Male,25,6113
404050221635e11,1,1. Male,70,6113
130303042324e12,1,1. Male,44,6113
90305032272e12,3,1. Male,17,6113
130302082323e12,1,1. Male,71,6113
803090122586e11,1,1. Male,63,6113
130305042322e12,2,2. Female,63,6113
110105032292e12,3,1. Male,22,6113
12040101231e13,1,1. Male,54,6113
110301012287e12,2,2. Female,46,6113
120306082298e12,1,1. Male,56,6113
403100321506e11,2,2. Female,51,6113
101110921066e11,2,2. Female,29,6113
1203020613e14,2,2. Female,48,6113
130510032327e12,1,2. Female,60,6113
802020522495e11,1,1. Male,65,6113
901020222746e11,1,1. Male,40,6113
705040322266e11,1,1. Male,36,6113
110102042292e12,1,1. Male,36,6113
802100322626e11,4,1. Male,22,6113
702060122492e11,1,1. Male,30,6113
502010221726e11,1,1. Male,42,6113
401010321595e11,1,1. Male,53,6113
110205012286e12,2,1. Male,22,6113
104020421048e11,1,2. Female,55,6113
11040302229e13,5,2. Female,30,6113
13020402232e13,1,2. Female,46,6113
507010321805e11,4,1. Male,23,6113
10104042106e12,3,1. Male,26,6113
802070622631e11,1,1. Male,34,6113
803020222576e11,1,1. Male,26,6113
405050221514e11,1,1. Male,69,6113
70108032229e12,2,1. Male,33,6113
110409022287e12,1,1. Male,27,6113
403110121499e11,1,1. Male,55,6113
304040321347e11,2,2. Female,47,6113
704061122384e11,4,2. Female,32,6113
101010121062e11,4,1. Male,21,6113
130102012312e12,1,1. Male,39,6113
701110322391e11,2,2. Female,26,6113
602042121923e11,7,2. Female,66,6113
120201102296e12,1,1. Male,72,6113
601010521907e11,1,2. Female,30,6113
402040421658e11,3,2. Female,44,6113
304120221392e11,2,2. Female,50,6113
703090322309e11,1,1. Male,64,6113
130301032323e12,2,2. Female,35,6113
130204022321e12,2,2. Female,56,6113
101020221061e11,1,1. Male,28,6113
601030321834e11,1,1. Male,73,6113
110306031293e12,1,1. Male,55,6113
703130222356e11,1,1. Male,51,6113
901040722732e11,3,1. Male,27,6113
702010422421e11,1,1. Male,28,6113
120305032296e12,4,2. Female,13,6113
404030121639e11,7,2. Female,68,6113
100504012278e12,6,1. Male,10,6113
304020121339e11,2,2. Female,52,6113
703090122308e11,2,2. Female,30,6113
120306062297e12,1,1. Male,63,6113
601020221906e11,2,2. Female,39,6113
703080222263e11,2,2. Female,32,6113
903030222697e11,2,1. Male,16,6113
130510042328e12,1,2. Female,56,6113
601040321827e11,2,2. Female,64,6113
903030722649e11,1,1. Male,40,6113
705050322442e11,3,2. Female,23,6113
703130722477e11,2,1. Male,32,6113
803050222578e11,1,1. Male,44,6113
130502032326e12,2,2. Female,62,6113
70309022231e12,1,1. Male,45,6113
402040621621e11,1,1. Male,43,6113
702070622451e11,2,2. Female,21,6113
102010321026e11,12,1. Male,59,6113
406040421578e11,2,2. Female,47,6113
805020322613e11,2,2. Female,33,6113
110303062285e12,9,1. Male,31,6113
602010321848e11,1,1. Male,42,6113
10102022107e12,1,1. Male,46,6113
705020322271e11,1,1. Male,62,6113
130303032324e12,6,1. Male,49,6113
702060122457e11,4,1. Male,18,6113
110305122289e12,10,1. Male,30,6113
402030321652e11,7,2. Female,27,6113
130303032324e12,1,2. Female,70,6113
701080222287e11,2,2. Female,50,6113
505031711716e11,1,1. Male,62,6113
507050321799e11,1,1. Male,41,6113
120201062309e12,1,1. Male,68,6113
100304012277e12,2,2. Female,31,6113
304040121356e11,2,2. Female,75,6113
102030121026e11,1,2. Female,60,6113
404060121517e11,1,1. Male,41,6113
304150221349e11,1,1. Male,49,6113
603010312256e11,2,2. Female,30,6113
110303052285e12,1,1. Male,74,6113
402060321618e11,2,2. Female,17,6113
404080221643e11,3,1. Male,32,6113
110202022286e12,2,1. Male,26,6113
402010821658e11,1,1. Male,53,6113
130510042328e12,1,2. Female,72,6113
403070321667e11,3,1. Male,23,6113
601020221908e11,4,2. Female,11,6113
120102092305e12,3,1. Male,22,6113
110101012293e12,2,1. Male,27,6113
601030321834e11,2,2. Female,40,6113
130102092313e12,1,2. Female,71,6113
120304032297e12,6,2. Female,25,6113
304060221388e11,1,1. Male,54,6113
702020122338e11,2,2. Female,29,6113
406010521501e11,1,1. Male,39,6113
902030322764e11,3,1. Male,27,6113
130501012329e12,3,2. Female,63,6113
101100511082e11,1,1. Male,31,6113
602061321878e11,2,2. Female,45,6113
100301022283e12,7,2. Female,36,6113
110306041294e12,4,1. Male,18,6113
703110322303e11,1,1. Male,26,6113
110306132293e12,2,2. Female,53,6113
506040521738e11,1,1. Male,43,6113
110306091295e12,4,2. Female,71,6113
110305012288e12,3,2. Female,14,6113
403080121669e11,1,1. Male,54,6113
40313012149e12,1,1. Male,58,6113
402050821552e11,3,1. Male,27,6113
130203012319e12,1,1. Male,60,6113
130501042317e12,2,2. Female,30,6113
701080322289e11,3,1. Male,26,6113
702060122279e11,1,1. Male,47,6113
60201012185e12,1,1. Male,44,6113
803080322561e11,1,1. Male,71,6113
507030221812e11,1,2. Female,50,6113
903030122703e11,1,1. Male,35,6113
803040122605e11,1,1. Male,80,6113
704080122328e11,2,1. Male,18,6113
502010221727e11,1,1. Male,61,6113
110305122289e12,1,1. Male,43,6113
506030121692e11,1,1. Male,29,6113
406070621603e11,1,1. Male,33,6113
10110012105e12,7,1. Male,25,6113
100506062282e12,6,1. Male,17,6113
301020421467e11,2,1. Male,26,6113
703010422404e11,2,2. Female,57,6113
104060221013e11,3,2. Female,27,6113
110410022291e12,5,2. Female,60,6113
130206012321e12,1,2. Female,67,6113
80403012254e12,4,2. Female,31,6113
102010321026e11,2,2. Female,41,6113
405050121517e11,1,1. Male,43,6113
130104022314e12,1,1. Male,73,6113
403070321667e11,1,1. Male,65,6113
302080121215e11,1,1. Male,41,6113
805020522621e11,2,2. Female,92,6113
120101022306e12,1,1. Male,65,6113
403080521475e11,1,1. Male,41,6113
701080122288e11,3,1. Male,47,6113
130206012319e12,1,1. Male,36,6113
601040321827e11,2,2. Female,30,6113
202021121144e11,1,1. Male,47,6113
120401132309e12,3,1. Male,15,6113
603021811856e11,5,1. Male,32,6113
406050421554e11,1,1. Male,56,6113
120401032311e12,1,2. Female,26,6113
603011412126e11,7,2. Female,25,6113
302080121215e11,1,1. Male,35,6113
402030521651e11,2,2. Female,44,6113
606030421948e11,2,1. Male,45,6113
304120221356e11,1,1. Male,41,6113
203030121147e11,1,1. Male,69,6113
901060322643e11,5,2. Female,37,6113
302060321256e11,2,2. Female,56,6113
803060622558e11,1,1. Male,45,6113
110301052286e12,1,1. Male,40,6113
301040121428e11,1,1. Male,20,6113
80502042242e12,1,1. Male,39,6113
902040322636e11,4,1. Male,31,6113
130503021326e12,1,2. Female,65,6113
130103012314e12,1,1. Male,41,6113
803060622634e11,1,2. Female,75,6113
130301022324e12,2,2. Female,59,6113
101030321048e11,6,2. Female,61,6113
701080122287e11,1,1. Male,61,6113
406060321564e11,1,1. Male,52,6113
30507062133e12,3,1. Male,16,6113
102030321027e11,2,2. Female,44,6113
104020421047e11,1,1. Male,70,6113
101040221071e11,4,1. Male,14,6113
802090122501e11,1,1. Male,44,6113
100102022282e12,1,1. Male,52,6113
110302012289e12,2,1. Male,29,6113
103020121021e11,4,2. Female,23,6113
202020621143e11,3,1. Male,27,6113
202020721132e11,2,2. Female,41,6113
401010121598e11,1,1. Male,37,6113
20402012115e12,1,1. Male,68,6113
204020221151e11,1,1. Male,30,6113
130302082323e12,2,2. Female,71,6113
703100422364e11,3,1. Male,18,6113
603010912201e11,2,2. Female,43,6113
110408012287e12,6,1. Male,28,6113
405060121514e11,1,1. Male,67,6113
507030421802e11,1,1. Male,76,6113
302100421291e11,1,1. Male,40,6113
202010621142e11,11,2. Female,21,6113
301050421422e11,3,1. Male,35,6113
303080421363e11,2,2. Female,24,6113
901040422668e11,2,2. Female,28,6113
202020221131e11,1,1. Male,25,6113
704080422264e11,3,1. Male,23,6113
7.0302012230200004e+22,2,2. Female,51,6113
703050322281e11,2,2. Female,25,6113
130302012323e12,2,2. Female,53,6113
110304022292e12,1,1. Male,69,6113
802060322498e11,1,1. Male,43,6113
120203062308e12,1,1. Male,57,6113
901040422668e11,1,1. Male,45,6113
130502062329e12,2,2. Female,19,6113
601020121831e11,5,1. Male,35,6113
130206072321e12,1,1. Male,78,6113
702020122426e11,4,1. Male,29,6113
701100122399e11,1,1. Male,42,6113
110301012288e12,2,2. Female,65,6113
90108052226e12,1,2. Female,42,6113
130509072325e12,3,1. Male,68,6113
406050321579e11,1,1. Male,50,6113
505031811714e11,2,2. Female,39,6113
405060121513e11,1,1. Male,46,6113
403110221665e11,1,1. Male,50,6113
70210011226e12,1,1. Male,32,6113
301020521427e11,2,2. Female,40,6113
802070522491e11,1,2. Female,67,6113
13020505232e13,1,1. Male,40,6113
130502042327e12,2,2. Female,38,6113
304090221383e11,2,2. Female,81,6113
201010511093e11,1,1. Male,72,6113
404050321516e11,3,1. Male,35,6113
302030821246e11,1,1. Male,43,6113
110301042288e12,1,1. Male,64,6113
130202052319e12,1,1. Male,51,6113
60206012221e12,4,2. Female,14,6113
130204022321e12,1,1. Male,49,6113
502030221725e11,7,1. Male,36,6113
305070121335e11,3,1. Male,26,6113
404010321645e11,5,1. Male,19,6113
803040222603e11,5,2. Female,29,6113
120308152311e12,1,1. Male,66,6113
602042021847e11,1,1. Male,67,6113
402010621654e11,2,2. Female,46,6113
110301052292e12,4,1. Male,40,6113
120401032311e12,1,1. Male,64,6113
803032112618e11,2,2. Female,42,6113
702060122492e11,1,1. Male,31,6113
130205012321e12,1,1. Male,49,6113
704061022384e11,2,2. Female,37,6113
20402012115e12,5,2. Female,21,6113
402060321648e11,2,2. Female,19,6113
406070521582e11,1,2. Female,54,6113
702020122427e11,1,1. Male,68,6113
403110321666e11,1,1. Male,46,6113
100203042283e12,1,1. Male,70,6113
130209022319e12,2,2. Female,22,6113
306080421372e11,2,2. Female,55,6113
100504012278e12,3,1. Male,18,6113
902040322738e11,1,1. Male,45,6113
602050212065e11,1,1. Male,34,6113
101050121001e11,1,2. Female,71,6113
404050321515e11,3,1. Male,15,6113
110408022287e12,1,1. Male,76,6113
302090221324e11,6,2. Female,62,6113
803020122576e11,1,1. Male,32,6113
703030822403e11,3,1. Male,18,6113
120401102311e12,1,2. Female,53,6113
306080421371e11,1,2. Female,67,6113
701060422388e11,2,2. Female,67,6113
101070321069e11,1,2. Female,70,6113
110301042287e12,6,1. Male,60,6113
120201062307e12,1,1. Male,21,6113
604010222097e11,1,1. Male,48,6113
110305052288e12,3,1. Male,24,6113
805010222613e11,2,2. Female,63,6113
120201062307e12,1,1. Male,77,6113
302020221295e11,1,1. Male,53,6113
130206042322e12,1,1. Male,63,6113
110306051287e12,1,1. Male,48,6113
401040421607e11,3,1. Male,20,6113
301030321377e11,3,2. Female,30,6113
704030222461e11,2,1. Male,49,6113
304110121342e11,1,2. Female,70,6113
103070321008e11,2,2. Female,44,6113
70313042236e12,1,1. Male,28,6113
803032412597e11,1,1. Male,26,6113
406040421578e11,8,2. Female,28,6113
120306022296e12,1,1. Male,37,6113
401030321625e11,1,1. Male,23,6113
130509072329e12,2,2. Female,26,6113
703060322359e11,2,1. Male,19,6113
705040322267e11,2,2. Female,41,6113
104040221029e11,6,1. Male,15,6113
903020427253e11,1,2. Female,25,6113
120102092305e12,2,1. Male,26,6113
130501052328e12,8,2. Female,72,6113
120202022309e12,1,1. Male,28,6113
601020321832e11,1,1. Male,68,6113
702050222296e11,1,1. Male,65,6113
406011011586e11,1,1. Male,53,6113
502030221725e11,4,2. Female,35,6113
402020121661e11,1,1. Male,68,6113
404030121639e11,3,1. Male,21,6113
101010321062e11,1,1. Male,63,6113
70407022238e12,1,1. Male,50,6113
30405032135e12,2,2. Female,68,6113
803020222575e11,3,1. Male,34,6113
302010611312e11,4,1. Male,18,6113
903050622671e11,1,1. Male,78,6113
130305032323e12,11,2. Female,23,6113
302010811327e11,2,1. Male,22,6113
305070321332e11,1,1. Male,27,6113
403070321667e11,1,1. Male,48,6113
703060222299e11,4,1. Male,22,6113
40605051154e12,6,1. Male,28,6113
402020421659e11,1,1. Male,25,6113
704070422469e11,4,2. Female,16,6113
902030222758e11,1,2. Female,42,6113
302010221251e11,2,2. Female,22,6113
601030121835e11,2,2. Female,58,6113
803032012617e11,3,2. Female,19,6113
13020505232e13,1,1. Male,75,6113
101010121061e11,1,1. Male,30,6113
606030621942e11,1,1. Male,51,6113
10020305228e13,4,2. Female,24,6113
705010122368e11,1,1. Male,24,6113
302050221286e11,1,1. Male,75,6113
130104022315e12,1,1. Male,53,6113
40302012167e12,1,1. Male,70,6113
102040421058e11,1,2. Female,49,6113
304020221339e11,2,2. Female,65,6113
505030311687e11,1,1. Male,63,6113
603023812236e11,1,1. Male,62,6113
703100322352e11,1,1. Male,38,6113
403120321664e11,1,2. Female,70,6113
703040922412e11,1,1. Male,74,6113
104020421047e11,2,2. Female,57,6113
802080122497e11,1,2. Female,61,6113
402060421641e11,1,1. Male,62,6113
403030521479e11,1,1. Male,81,6113
201050121154e11,2,2. Female,33,6113
130206042318e12,1,1. Male,53,6113
601030121835e11,2,2. Female,45,6113
304110121386e11,2,2. Female,55,6113
201070121103e11,2,2. Female,39,6113
703090222266e11,1,1. Male,54,6113
203010421169e11,1,1. Male,45,6113
7.0204012228000004e+22,1,1. Male,64,6113
805010122591e11,1,2. Female,71,6113
701110322391e11,5,1. Male,26,6113
901080122665e11,1,1. Male,47,6113
302030421326e11,7,2. Female,17,6113
704020822314e11,4,2. Female,16,6113
130502042328e12,1,1. Male,31,6113
903040122746e11,1,1. Male,65,6113
130303012324e12,1,1. Male,37,6113
901040222657e11,1,1. Male,35,6113
110305042288e12,1,1. Male,33,6113
110306112289e12,1,2. Female,65,6113
203010421169e11,2,2. Female,30,6113
404050321619e11,1,1. Male,50,6113
702060422335e11,1,1. Male,47,6113
704060822383e11,1,1. Male,18,6113
901090322654e11,10,1. Male,27,6113
110205012286e12,3,1. Male,18,6113
13020702232e13,10,2. Female,70,6113
110302082293e12,1,1. Male,43,6113
130502052329e12,1,1. Male,25,6113
702050412295e11,1,2. Female,65,6113
406051021574e11,6,1. Male,17,6113
30405022135e12,2,2. Female,77,6113
704060622379e11,4,2. Female,17,6113
606030421948e11,2,2. Female,39,6113
702050412295e11,1,2. Female,62,6113
306080421372e11,3,1. Male,22,6113
703060622346e11,1,1. Male,44,6113
903030822649e11,2,1. Male,30,6113
704061022382e11,1,1. Male,60,6113
704060822379e11,1,1. Male,75,6113
803100122571e11,1,1. Male,62,6113
304130221346e11,7,1. Male,36,6113
406070221582e11,1,2. Female,40,6113
903030122702e11,3,2. Female,60,6113
120306122298e12,1,1. Male,40,6113
130303032324e12,2,2. Female,65,6113
704080522264e11,4,2. Female,15,6113
704020822316e11,1,1. Male,43,6113
403030121478e11,5,2. Female,22,6113
304120221355e11,1,1. Male,65,6113
306060121249e11,1,1. Male,48,6113
301030221427e11,1,2. Female,72,6113
605050612045e11,1,1. Male,43,6113
100602012283e12,2,2. Female,61,6113
203010421169e11,2,2. Female,39,6113
804020122508e11,1,1. Male,40,6113
702010422421e11,10,1. Male,80,6113
901060122711e11,1,1. Male,63,6113
703100122406e11,1,1. Male,52,6113
204080821095e11,1,1. Male,71,6113
804060222546e11,2,2. Female,29,6113
12030101231e13,2,2. Female,42,6113
303050921362e11,2,2. Female,55,6113
110304032293e12,3,1. Male,15,6113
11030512229e13,1,1. Male,45,6113
305030321276e11,1,1. Male,52,6113
70313022236e12,5,1. Male,29,6113
406070221585e11,2,2. Female,44,6113
110104052291e12,2,2. Female,61,6113
304060221389e11,3,2. Female,65,6113
901010322641e11,1,1. Male,40,6113
101110921066e11,1,1. Male,55,6113
401030121623e11,1,1. Male,46,6113
403050221496e11,1,2. Female,51,6113
804010222502e11,1,1. Male,74,6113
102030421008e11,1,1. Male,29,6113
302030421409e11,2,2. Female,75,6113
101020221071e11,1,1. Male,42,6113
704061022385e11,2,2. Female,40,6113
901080522762e11,1,1. Male,57,6113
110408022287e12,2,2. Female,32,6113
305020121266e11,2,2. Female,51,6113
130101022313e12,4,1. Male,21,6113
130208012321e12,1,2. Female,69,6113
405070121527e11,1,1. Male,31,6113
60102022183e12,2,2. Female,53,6113
110305052288e12,2,2. Female,64,6113
100401012283e12,9,2. Female,24,6113
50203012172e12,2,1. Male,18,6113
703130822278e11,1,1. Male,48,6113
100503022279e12,7,1. Male,27,6113
602060512226e11,7,1. Male,46,6113
130304072328e12,1,1. Male,73,6113
505010521752e11,6,2. Female,17,6113
102050121011e11,2,2. Female,56,6113
203030621175e11,2,2. Female,35,6113
601020321831e11,2,2. Female,21,6113
406070121582e11,2,2. Female,36,6113
604010221825e11,5,1. Male,27,6113
406070621604e11,1,1. Male,25,6113
703110322305e11,1,1. Male,30,6113
306060121249e11,1,1. Male,46,6113
70111032239e12,1,1. Male,54,6113
110301052286e12,2,2. Female,35,6113
204010821159e11,1,1. Male,62,6113
201050121154e11,2,2. Female,20,6113
201040121111e11,1,1. Male,69,6113
506030121692e11,1,2. Female,35,6113
100304022277e12,3,1. Male,35,6113
803031212589e11,1,2. Female,61,6113
901080222666e11,1,1. Male,41,6113
60201012185e12,2,2. Female,46,6113
100302032277e12,3,1. Male,11,6113
304020121339e11,1,1. Male,47,6113
304090221342e11,1,2. Female,73,6113
204080921197e11,1,1. Male,44,6113
705040222266e11,1,1. Male,46,6113
702070622422e11,11,2. Female,30,6113
803070222583e11,1,1. Male,54,6113
202010221142e11,2,2. Female,19,6113
703010622403e11,1,1. Male,49,6113
802080322496e11,4,1. Male,21,6113
703100722407e11,4,2. Female,16,6113
30404012136e12,2,2. Female,62,6113
403040221471e11,2,1. Male,45,6113
202011121141e11,1,1. Male,30,6113
405010521523e11,1,1. Male,63,6113
8030105226e13,2,2. Female,57,6113
902050322741e11,1,2. Female,60,6113
703040922437e11,1,1. Male,47,6113
406070621603e11,1,1. Male,63,6113
130303032324e12,2,2. Female,42,6113
130206042322e12,1,1. Male,32,6113
702030122345e11,1,1. Male,47,6113
702060122281e11,6,2. Female,10,6113
403100121673e11,1,1. Male,47,6113
13020303232e13,1,1. Male,60,6113
100602012283e12,2,2. Female,34,6113
402040521659e11,1,2. Female,74,6113
13020505232e13,8,1. Male,19,6113
402050221657e11,1,1. Male,32,6113
110411012291e12,1,1. Male,43,6113
305020121266e11,2,2. Female,36,6113
40308012167e12,2,2. Female,61,6113
303060321399e11,3,2. Female,20,6113
701080222288e11,1,1. Male,48,6113
404050321514e11,2,1. Male,29,6113
702100412291e11,2,2. Female,49,6113
110303032292e12,5,2. Female,37,6113
804050322511e11,1,1. Male,43,6113
102020121028e11,9,2. Female,19,6113
304080221359e11,1,1. Male,49,6113
606030421948e11,3,2. Female,29,6113
902030612693e11,10,2. Female,25,6113
505031921767e11,1,1. Male,77,6113
204030121182e11,1,2. Female,67,6113
803060122554e11,1,1. Male,48,6113
13050901233e13,2,1. Male,28,6113
903010622653e11,1,1. Male,50,6113
130510042329e12,2,2. Female,45,6113
601030121835e11,2,2. Female,62,6113
30507062133e12,1,1. Male,60,6113
202020521137e11,1,1. Male,52,6113
120306122298e12,1,1. Male,39,6113
803080222561e11,1,2. Female,65,6113
30608012144e12,1,2. Female,75,6113
110306041294e12,8,2. Female,31,6113
702020122427e11,4,1. Male,15,6113
803032712589e11,2,2. Female,32,6113
703050222415e11,1,1. Male,54,6113
301070621426e11,2,2. Female,36,6113
403110321504e11,5,2. Female,20,6113
110104012292e12,1,1. Male,34,6113
130304092317e12,2,2. Female,44,6113
120203082308e12,1,1. Male,45,6113
901090522644e11,4,2. Female,19,6113
304150321349e11,1,1. Male,45,6113
801040122525e11,1,1. Male,45,6113
703070322351e11,4,2. Female,25,6113
803050122579e11,1,2. Female,78,6113
100504032278e12,2,2. Female,25,6113
130504012329e12,2,2. Female,60,6113
8020603225e13,1,1. Male,71,6113
303050721224e11,1,2. Female,46,6113
704061022381e11,2,2. Female,44,6113
304040321386e11,2,2. Female,44,6113
110302052287e12,7,2. Female,21,6113
902040422759e11,1,1. Male,37,6113
704061122382e11,2,2. Female,60,6113
802070322503e11,1,1. Male,35,6113
501020221734e11,1,1. Male,44,6113
302090711459e11,2,1. Male,34,6113
110306091286e12,2,2. Female,55,6113
406030211571e11,1,1. Male,66,6113
304130221345e11,1,1. Male,68,6113
402060321618e11,1,1. Male,50,6113
305060121267e11,2,2. Female,58,6113
701110222392e11,3,1. Male,25,6113
304110121341e11,5,1. Male,16,6113
3030602214e13,1,1. Male,50,6113
402040421658e11,5,2. Female,40,6113
703090422356e11,1,1. Male,32,6113
703100622262e11,2,2. Female,39,6113
120203082307e12,2,2. Female,42,6113
804050322512e11,1,1. Male,71,6113
101010121004e11,4,1. Male,26,6113
103020221053e11,1,1. Male,44,6113
901040222657e11,1,1. Male,62,6113
606030321943e11,1,1. Male,34,6113
902060222688e11,6,2. Female,23,6113
100304012277e12,1,1. Male,40,6113
130301052323e12,2,2. Female,63,6113
606030422106e11,1,2. Female,65,6113
120308162302e12,1,1. Male,36,6113
110104012291e12,9,1. Male,31,6113
110101012293e12,2,2. Female,23,6113
902030422761e11,1,1. Male,53,6113
110302062292e12,2,1. Male,22,6113
703130522361e11,12,1. Male,25,6113
120308092302e12,1,2. Female,72,6113
110302012295e12,1,1. Male,60,6113
110305042288e12,3,2. Female,20,6113
404030221638e11,2,2. Female,32,6113
110104012291e12,1,1. Male,56,6113
120308102301e12,1,2. Female,48,6113
804040122544e11,2,2. Female,44,6113
505030711767e11,1,2. Female,79,6113
702080122431e11,1,2. Female,61,6113
805020522621e11,3,2. Female,57,6113
110305092289e12,2,1. Male,40,6113
803031112564e11,1,1. Male,50,6113
204050221203e11,3,2. Female,30,6113
804020222507e11,1,1. Male,45,6113
703130422362e11,2,2. Female,18,6113
703090222302e11,1,1. Male,51,6113
304110121342e11,3,2. Female,42,6113
130501052325e12,1,1. Male,32,6113
130509062329e12,1,1. Male,50,6113
130302092323e12,3,2. Female,73,6113
70210092246e12,1,1. Male,53,6113
201050121154e11,2,2. Female,68,6113
705040222269e11,6,1. Male,27,6113
102030421008e11,6,2. Female,28,6113
130102012312e12,1,1. Male,79,6113
104030121015e11,8,2. Female,68,6113
201020121105e11,1,1. Male,34,6113
7030507223e13,5,1. Male,18,6113
803050122579e11,1,1. Male,38,6113
406020221525e11,5,1. Male,37,6113
303040221243e11,1,1. Male,44,6113
705040322268e11,3,2. Female,14,6113
110409012287e12,1,1. Male,56,6113
70111032239e12,3,2. Female,17,6113
110406012294e12,1,1. Male,62,6113
703130722477e11,1,2. Female,48,6113
70309022231e12,2,2. Female,25,6113
703050522304e11,4,1. Male,16,6113
110303052285e12,4,1. Male,19,6113
403090421502e11,2,2. Female,33,6113
703030722276e11,2,2. Female,29,6113
303030321365e11,8,1. Male,21,6113
110303042292e12,6,2. Female,30,6113
704080122326e11,3,2. Female,24,6113
404060121636e11,3,2. Female,20,6113
606060411952e11,2,2. Female,60,6113
110204012285e12,3,1. Male,32,6113
30413022139e12,2,2. Female,62,6113
703030622276e11,1,1. Male,57,6113
110301042291e12,1,2. Female,62,6113
704060522476e11,3,1. Male,30,6113
120308052301e12,1,1. Male,37,6113
302010411233e11,4,1. Male,26,6113
901040422669e11,6,1. Male,73,6113
101050221073e11,3,2. Female,27,6113
804040122544e11,2,2. Female,38,6113
130302022323e12,1,1. Male,47,6113
403130521493e11,4,1. Male,22,6113
305040221227e11,1,1. Male,53,6113
11040403229e13,2,2. Female,44,6113
301050321428e11,1,1. Male,39,6113
130504012329e12,2,2. Female,47,6113
901090122655e11,2,2. Female,29,6113
406060221565e11,1,1. Male,55,6113
602040811919e11,4,1. Male,25,6113
120401032311e12,1,1. Male,68,6113
130104022315e12,1,1. Male,21,6113
406060521563e11,1,1. Male,73,6113
302100221297e11,7,1. Male,77,6113
130510022329e12,1,1. Male,65,6113
704080622323e11,1,1. Male,50,6113
30210042129e12,2,1. Male,28,6113
120105022305e12,2,2. Female,30,6113
10102022107e12,1,2. Female,56,6113
110305092289e12,1,1. Male,55,6113
100305062276e12,1,1. Male,74,6113
304090221343e11,2,2. Female,66,6113
70201032237e12,1,2. Female,60,6113
130301022324e12,1,1. Male,46,6113
702060122455e11,2,2. Female,31,6113
130206042321e12,1,1. Male,53,6113
120203092308e12,1,1. Male,68,6113
303070421365e11,4,1. Male,36,6113
100305062276e12,3,1. Male,11,6113
403120121663e11,1,1. Male,76,6113
703110422303e11,2,1. Male,25,6113
120306122301e12,1,1. Male,45,6113
403130221491e11,1,1. Male,71,6113
406060121562e11,1,1. Male,45,6113
703100722407e11,1,1. Male,41,6113
60603042195e12,5,1. Male,35,6113
402040521537e11,4,1. Male,27,6113
80403032251e12,8,2. Female,66,6113
703050522299e11,2,2. Female,59,6113
120306062297e12,1,1. Male,32,6113
704070422469e11,1,1. Male,30,6113
701040122254e11,1,1. Male,49,6113
601040321827e11,3,2. Female,31,6113
406050511621e11,3,1. Male,39,6113
703030622405e11,1,1. Male,40,6113
120308032301e12,1,2. Female,41,6113
803070222583e11,2,2. Female,40,6113
110302062292e12,1,2. Female,67,6113
130302042323e12,1,1. Male,47,6113
306010621438e11,1,1. Male,45,6113
601050221894e11,10,1. Male,40,6113
505032021713e11,1,1. Male,36,6113
102040221058e11,2,2. Female,36,6113
305020321227e11,2,2. Female,58,6113
302010411311e11,3,1. Male,33,6113
901080222728e11,5,1. Male,37,6113
103020121021e11,4,1. Male,22,6113
404030121638e11,4,1. Male,10,6113
302100421292e11,9,1. Male,68,6113
302110521318e11,5,1. Male,21,6113
110308022291e12,9,1. Male,27,6113
502030221725e11,2,2. Female,35,6113
703090122357e11,8,2. Female,18,6113
403030121478e11,2,1. Male,50,6113
100304042277e12,2,2. Female,47,6113
301040221422e11,1,1. Male,63,6113
30105032142e12,2,2. Female,28,6113
204060321192e11,9,1. Male,32,6113
701020322284e11,1,2. Female,75,6113
110308012291e12,2,2. Female,40,6113
403100421506e11,2,2. Female,55,6113
404030321637e11,5,2. Female,68,6113
704080522322e11,7,2. Female,38,6113
120203062308e12,1,1. Male,30,6113
104050121014e11,2,2. Female,30,6113
702010222459e11,10,2. Female,25,6113
705030222364e11,2,2. Female,25,6113
110408022287e12,2,2. Female,44,6113
302030921262e11,3,2. Female,20,6113
404020221646e11,3,2. Female,29,6113
130504012326e12,2,2. Female,46,6113
130501032328e12,1,1. Male,52,6113
302010411452e11,2,2. Female,56,6113
100202032278e12,2,2. Female,49,6113
303060421299e11,1,1. Male,60,6113
805010522619e11,1,1. Male,45,6113
90108052276e12,2,1. Male,31,6113
702061412336e11,4,1. Male,20,6113
802020522502e11,1,1. Male,59,6113
506040521735e11,1,1. Male,25,6113
701020122283e11,1,2. Female,52,6113
110405012287e12,6,2. Female,33,6113
110305122289e12,1,1. Male,40,6113
100303012276e12,6,2. Female,23,6113
302030421408e11,8,2. Female,18,6113
130505012328e12,2,2. Female,50,6113
404050221646e11,1,1. Male,54,6113
120308172302e12,1,1. Male,63,6113
130505052327e12,1,1. Male,45,6113
302010411223e11,4,2. Female,44,6113
100103012282e12,2,2. Female,55,6113
202020521137e11,2,2. Female,67,6113
103070321008e11,2,2. Female,35,6113
703010422313e11,1,1. Male,67,6113
302090321464e11,8,2. Female,67,6113
403150321509e11,1,1. Male,34,6113
12040101231e13,3,2. Female,22,6113
201010921106e11,1,1. Male,38,6113
110301021286e12,1,2. Female,46,6113
110302062294e12,1,1. Male,67,6113
130302012323e12,3,1. Male,41,6113
304140421393e11,1,1. Male,31,6113
130103022317e12,1,1. Male,31,6113
404030321637e11,1,2. Female,69,6113
303060321365e11,1,1. Male,56,6113
703030822397e11,1,1. Male,39,6113
100403012281e12,3,1. Male,24,6113
601030421833e11,2,2. Female,37,6113
110305112286e12,1,2. Female,67,6113
702010422421e11,1,1. Male,50,6113
304010221357e11,1,1. Male,36,6113
403130521493e11,5,1. Male,57,6113
406030211572e11,4,2. Female,39,6113
403170221478e11,2,2. Female,54,6113
901040722732e11,1,1. Male,33,6113
10105012102e12,1,1. Male,20,6113
110205022286e12,2,2. Female,28,6113
204020321152e11,1,2. Female,66,6113
100102012282e12,8,1. Male,15,6113
803010522598e11,2,2. Female,52,6113
401030221624e11,1,1. Male,28,6113
110305042295e12,2,2. Female,69,6113
403010521561e11,1,1. Male,60,6113
120302071303e12,1,1. Male,42,6113
602041921988e11,2,1. Male,32,6113
120306022296e12,1,1. Male,69,6113
101010321062e11,1,1. Male,51,6113
100303012276e12,1,2. Female,63,6113
703030822363e11,2,2. Female,29,6113
101050221073e11,6,1. Male,21,6113
120401172312e12,1,1. Male,68,6113
402040521535e11,2,2. Female,37,6113
804020222506e11,1,2. Female,63,6113
203030621174e11,2,2. Female,50,6113
704020722315e11,2,2. Female,70,6113
803090122587e11,1,2. Female,63,6113
130510032327e12,1,1. Male,42,6113
110305122293e12,1,1. Male,52,6113
100506062282e12,9,1. Male,19,6113
130302082323e12,1,2. Female,68,6113
901080522762e11,1,1. Male,30,6113
803080322561e11,1,2. Female,50,6113
601030121834e11,2,2. Female,48,6113
603021812288e11,1,1. Male,36,6113
703060422347e11,1,1. Male,47,6113
704060322376e11,2,2. Female,44,6113
202010421142e11,7,1. Male,74,6113
403020121667e11,3,1. Male,25,6113
704060522377e11,1,1. Male,63,6113
403150321509e11,1,1. Male,67,6113
303040621366e11,1,1. Male,50,6113
305040221279e11,2,2. Female,22,6113
10109022104e12,2,2. Female,25,6113
401030221624e11,5,1. Male,20,6113
110303022288e12,2,2. Female,65,6113
103060221021e11,1,1. Male,33,6113
703100122354e11,4,2. Female,18,6113
402040621639e11,1,1. Male,72,6113
704060322377e11,2,2. Female,20,6113
603030311996e11,7,2. Female,48,6113
404060421631e11,1,1. Male,57,6113
903020422753e11,5,2. Female,28,6113
70505032244e12,2,2. Female,21,6113
120202022309e12,2,2. Female,39,6113
703070222351e11,2,2. Female,25,6113
304110121341e11,1,1. Male,67,6113
110304022293e12,2,2. Female,42,6113
130401022316e12,1,1. Male,37,6113
702080522432e11,1,1. Male,70,6113
120103042304e12,2,2. Female,44,6113
13020703232e13,1,1. Male,40,6113
304010121356e11,2,2. Female,71,6113
306060521444e11,1,1. Male,32,6113
304040421385e11,2,2. Female,38,6113
110308022288e12,1,2. Female,85,6113
306080221438e11,2,2. Female,40,6113
406010721501e11,1,2. Female,75,6113
705020322271e11,8,1. Male,28,6113
704080122326e11,4,2. Female,20,6113
901090122747e11,1,1. Male,67,6113
104060121012e11,1,1. Male,63,6113
802020522502e11,3,2. Female,25,6113
130303022324e12,9,2. Female,74,6113
306040121456e11,3,2. Female,25,6113
10020304228e13,6,1. Male,17,6113
701090122479e11,3,1. Male,28,6113
13020402232e13,1,1. Male,44,6113
902030222758e11,1,1. Male,83,6113
110205012286e12,1,1. Male,32,6113
701010322256e11,1,1. Male,36,6113
130505032329e12,1,2. Female,52,6113
804040122544e11,6,2. Female,21,6113
703110322303e11,6,2. Female,29,6113
502030121721e11,2,2. Female,37,6113
30413022139e12,1,2. Female,79,6113
704061022385e11,1,1. Male,41,6113
80308012256e12,2,2. Female,45,6113
502010221726e11,3,1. Male,19,6113
306010321448e11,1,1. Male,48,6113
403180321489e11,1,1. Male,41,6113
505020421768e11,1,1. Male,43,6113
120308052301e12,1,1. Male,32,6113
101110221069e11,2,2. Female,27,6113
110303052292e12,3,2. Female,23,6113
130302042323e12,1,1. Male,42,6113
120401062309e12,2,2. Female,45,6113
104020321014e11,3,2. Female,16,6113
101050121001e11,2,2. Female,46,6113
302030921242e11,1,1. Male,32,6113
202010421141e11,1,1. Male,42,6113
130104022314e12,1,1. Male,29,6113
901090122641e11,9,2. Female,20,6113
100304042277e12,2,2. Female,52,6113
130507042325e12,2,2. Female,39,6113
701010422257e11,7,1. Male,35,6113
702080322432e11,1,1. Male,26,6113
702030222344e11,3,1. Male,22,6113
703100422353e11,1,2. Female,57,6113
703100122303e11,1,1. Male,49,6113
202010921212e11,2,2. Female,40,6113
701010122255e11,2,1. Male,43,6113
10104042106e12,3,1. Male,16,6113
504030621697e11,1,1. Male,53,6113
204070421178e11,1,1. Male,67,6113
80106022252e12,1,1. Male,37,6113
103060121022e11,2,1. Male,21,6113
403090421503e11,2,2. Female,69,6113
702060422484e11,7,2. Female,20,6113
201030221119e11,1,1. Male,65,6113
704020822315e11,3,1. Male,18,6113
602042121923e11,3,1. Male,25,6113
110105032292e12,2,1. Male,20,6113
120304052297e12,2,2. Female,28,6113
304130221346e11,1,1. Male,54,6113
802050322493e11,1,1. Male,63,6113
130303062324e12,2,1. Male,13,6113
104080421029e11,3,1. Male,29,6113
202010421139e11,1,1. Male,55,6113
100104012282e12,2,2. Female,45,6113
603021112149e11,1,1. Male,75,6113
803060122554e11,1,1. Male,47,6113
13020505232e13,2,2. Female,33,6113
703060322406e11,2,2. Female,55,6113
60601031195e12,2,2. Female,62,6113
601030121835e11,1,2. Female,68,6113
202010721127e11,3,1. Male,20,6113
302030921404e11,1,1. Male,65,6113
110203022287e12,2,2. Female,30,6113
110302062292e12,1,1. Male,41,6113
304100321362e11,2,2. Female,33,6113
110202022286e12,1,1. Male,72,6113
504030621722e11,2,2. Female,63,6113
304080121359e11,2,2. Female,75,6113
110302022295e12,1,1. Male,76,6113
304090321344e11,3,2. Female,27,6113
100504032278e12,5,1. Male,39,6113
801060422521e11,1,1. Male,41,6113
101110921067e11,2,2. Female,58,6113
102040521024e11,5,1. Male,21,6113
103060121022e11,1,1. Male,57,6113
130202042319e12,1,1. Male,54,6113
702070622438e11,1,2. Female,63,6113
703060222299e11,2,2. Female,28,6113
702061412335e11,1,2. Female,62,6113
506040121695e11,1,1. Male,65,6113
705060322458e11,1,1. Male,31,6113
702030222344e11,1,1. Male,70,6113
110302032393e12,1,1. Male,70,6113
705060422432e11,2,2. Female,55,6113
302060221255e11,1,1. Male,70,6113
703040922367e11,7,2. Female,11,6113
401020321616e11,1,1. Male,28,6113
703060222355e11,1,2. Female,67,6113
903030622694e11,1,1. Male,21,6113
101020321071e11,2,2. Female,68,6113
903030422696e11,3,1. Male,25,6113
405040321542e11,3,1. Male,22,6113
801010122516e11,1,1. Male,45,6113
902040322658e11,1,1. Male,31,6113
506030121693e11,2,2. Female,67,6113
110305042288e12,1,2. Female,64,6113
100304042277e12,5,1. Male,49,6113
101110421032e11,1,1. Male,64,6113
406020511566e11,2,2. Female,45,6113
402040521659e11,1,1. Male,24,6113
302030821404e11,1,1. Male,26,6113
601040321829e11,1,1. Male,44,6113
506030121692e11,2,2. Female,31,6113
703030822265e11,2,2. Female,41,6113
703130822444e11,2,2. Female,38,6113
305070321331e11,1,1. Male,42,6113
110102052292e12,1,1. Male,65,6113
110305132291e12,1,1. Male,42,6113
60302441212e12,1,1. Male,45,6113
1.0304032102400001e+22,6,2. Female,81,6113
100503042279e12,1,1. Male,66,6113
304090221343e11,2,2. Female,65,6113
703030722349e11,2,2. Female,31,6113
7.0302012230200004e+22,8,1. Male,22,6113
302030521239e11,6,1. Male,17,6113
704020722315e11,8,2. Female,34,6113
203021221149e11,1,1. Male,67,6113
103020121021e11,1,1. Male,33,6113
704070222379e11,2,2. Female,52,6113
703050322281e11,12,2. Female,29,6113
506040321737e11,2,2. Female,30,6113
803010522598e11,2,2. Female,29,6113
302010611312e11,3,2. Female,28,6113
110306012294e12,1,1. Male,40,6113
130207012321e12,1,2. Female,60,6113
130403012318e12,1,2. Female,42,6113
601010421907e11,2,2. Female,44,6113
702060222275e11,1,1. Male,51,6113
110102052292e12,2,2. Female,43,6113
703070322351e11,2,2. Female,25,6113
406050511554e11,1,1. Male,37,6113
703010422313e11,4,2. Female,23,6113
7.0204012228000004e+22,3,1. Male,17,6113
801060322521e11,4,2. Female,39,6113
101110921034e11,3,2. Female,18,6113
401020321616e11,3,1. Male,22,6113
602060121879e11,1,1. Male,70,6113
130505022317e12,3,2. Female,24,6113
110102052292e12,3,1. Male,25,6113
402040121662e11,3,1. Male,56,6113
11040101229e13,1,1. Male,29,6113
302080121215e11,1,1. Male,40,6113
606030421948e11,1,1. Male,63,6113
901090322654e11,6,2. Female,55,6113
703090522307e11,4,2. Female,20,6113
110302062292e12,6,1. Male,23,6113
801020122533e11,3,1. Male,21,6113
1203040323e14,2,2. Female,25,6113
130301022324e12,1,1. Male,38,6113
130301052317e12,1,1. Male,67,6113
130103012314e12,7,2. Female,27,6113
110307032289e12,2,2. Female,48,6113
120203022296e12,1,1. Male,69,6113
703020722349e11,6,1. Male,17,6113
130205012321e12,2,2. Female,59,6113
20402012115e12,2,2. Female,24,6113
404020221646e11,1,1. Male,65,6113
801040322529e11,1,1. Male,60,6113
202020521137e11,1,1. Male,33,6113
506040521741e11,2,2. Female,30,6113
202010921213e11,2,2. Female,41,6113
104040221029e11,1,1. Male,45,6113
120401112311e12,1,1. Male,60,6113
110102052292e12,1,1. Male,38,6113
805010322614e11,1,1. Male,66,6113
120102082305e12,3,2. Female,31,6113
903040122745e11,10,1. Male,22,6113
702070122424e11,3,1. Male,16,6113
101110221072e11,4,2. Female,12,6113
90109052264e12,1,1. Male,51,6113
110201012286e12,1,1. Male,65,6113
110303042292e12,5,1. Male,35,6113
110102052292e12,1,1. Male,40,6113
7030509223e13,2,2. Female,59,6113
80403032251e12,3,2. Female,32,6113
130301022324e12,4,2. Female,61,6113
506030121693e11,2,2. Female,65,6113
705030122483e11,1,1. Male,49,6113
702080522431e11,1,1. Male,45,6113
110302042293e12,2,2. Female,58,6113
304090221342e11,1,2. Female,74,6113
704010322382e11,1,1. Male,30,6113
802040322493e11,3,1. Male,25,6113
40307012154e12,1,2. Female,77,6113
401010221599e11,2,2. Female,49,6113
10404012103e12,2,2. Female,60,6113
130403052317e12,1,1. Male,36,6113
204080821095e11,3,2. Female,65,6113
703010322404e11,1,1. Male,34,6113
120102042305e12,1,1. Male,48,6113
101030221054e11,1,1. Male,47,6113
110303042292e12,2,2. Female,39,6113
404060521641e11,4,2. Female,25,6113
110306132293e12,1,1. Male,56,6113
204060321192e11,1,1. Male,52,6113
802090222501e11,2,1. Male,40,6113
802070322625e11,1,2. Female,93,6113
80301022261e12,2,1. Male,46,6113
401010521596e11,2,2. Female,32,6113
602041921918e11,1,1. Male,60,6113
130507012327e12,1,2. Female,69,6113
100102012282e12,3,1. Male,19,6113
130301022323e12,1,1. Male,40,6113
702090422261e11,4,2. Female,18,6113
130102042312e12,4,1. Male,41,6113
803031112553e11,1,2. Female,46,6113
120401032311e12,2,2. Female,52,6113
110201032286e12,1,1. Male,22,6113
103020121052e11,1,1. Male,56,6113
702050122295e11,10,2. Female,21,6113
702061212335e11,1,1. Male,32,6113
703050522299e11,1,1. Male,60,6113
506040521743e11,1,1. Male,43,6113
901010322641e11,1,2. Female,42,6113
403100321674e11,1,2. Female,65,6113
70210082227e12,1,2. Female,70,6113
201020121126e11,7,2. Female,69,6113
80303161261e12,1,1. Male,61,6113
404070321644e11,3,1. Male,28,6113
406030421485e11,5,2. Female,36,6113
603023712154e11,1,1. Male,43,6113
110303022288e12,1,1. Male,25,6113
703100722409e11,1,1. Male,45,6113
110305052288e12,2,2. Female,79,6114
204070221181e11,2,2. Female,17,6114
405030121548e11,3,2. Female,86,6114
120401152311e12,1,1. Male,44,6114
204070221181e11,1,1. Male,27,6114
103010121023e11,1,1. Male,48,6114
100301012277e12,1,2. Female,41,6114
301050221467e11,2,2. Female,30,6114
130202052319e12,1,1. Male,38,6114
701080222287e11,1,1. Male,40,6114
130303062325e12,1,1. Male,45,6114
703050622415e11,1,2. Female,68,6114
704080622326e11,1,1. Male,62,6114
201060321101e11,1,1. Male,64,6114
130209012319e12,3,2. Female,44,6114
110105022292e12,9,1. Male,23,6114
902030422763e11,5,1. Male,20,6114
903040422646e11,2,2. Female,35,6114
403090121505e11,1,1. Male,30,6114
100503012279e12,1,1. Male,65,6114
13020703232e13,1,2. Female,74,6114
901070222664e11,5,1. Male,34,6114
100301012277e12,1,1. Male,33,6114
130301032323e12,2,2. Female,44,6114
403080221475e11,2,2. Female,36,6114
704080622327e11,2,2. Female,26,6114
301050421422e11,2,2. Female,75,6114
703110422304e11,1,1. Male,31,6114
701060322389e11,1,2. Female,68,6114
204020121151e11,8,2. Female,15,6114
505030811784e11,6,2. Female,74,6114
802060322628e11,2,2. Female,54,6114
702040222282e11,2,1. Male,53,6114
402040121662e11,2,2. Female,69,6114
703050622274e11,5,1. Male,20,6114
104080421044e11,3,1. Male,28,6114
704020622318e11,1,1. Male,49,6114
301070321417e11,1,1. Male,47,6114
103040421023e11,2,2. Female,35,6114
703020522402e11,1,1. Male,70,6114
100203032284e12,1,1. Male,42,6114
306010321446e11,3,1. Male,21,6114
104030321046e11,4,2. Female,29,6114
507060321682e11,1,1. Male,47,6114
10201012101e12,6,1. Male,24,6114
702070422426e11,5,2. Female,24,6114
5030101217e13,1,1. Male,41,6114
8050101226e13,1,1. Male,22,6114
204080411195e11,9,1. Male,29,6114
701110222392e11,1,1. Male,37,6114
705080122282e11,2,2. Female,20,6114
901090422667e11,1,1. Male,67,6114
803031512566e11,2,2. Female,35,6114
30211062132e12,1,1. Male,33,6114
903010522653e11,3,1. Male,27,6114
505031921715e11,2,2. Female,35,6114
605060112088e11,6,2. Female,29,6114
13020103232e13,8,1. Male,81,6114
702040222278e11,4,1. Male,22,6114
50601052169e12,1,1. Male,46,6114
100301012277e12,7,2. Female,28,6114
130103012314e12,2,2. Female,60,6114
506010121691e11,4,1. Male,26,6114
130406012316e12,1,2. Female,38,6114
403090221506e11,6,2. Female,21,6114
505030111686e11,3,2. Female,66,6114
901070222729e11,2,2. Female,63,6114
20104032111e12,1,1. Male,58,6114
602022112206e11,1,1. Male,37,6114
302091211324e11,2,2. Female,55,6114
702070422425e11,4,1. Male,27,6114
507050221798e11,3,2. Female,50,6114
303040621366e11,1,1. Male,55,6114
102030421008e11,1,1. Male,66,6114
101050321073e11,6,2. Female,28,6114
703050622435e11,2,2. Female,42,6114
302080221216e11,2,2. Female,46,6114
130305022323e12,2,2. Female,20,6114
703100722409e11,3,2. Female,27,6114
405030121548e11,6,1. Male,29,6114
70504032227e12,1,2. Female,40,6114
704010522323e11,3,1. Male,30,6114
803060722556e11,1,1. Male,43,6114
602061122211e11,2,2. Female,41,6114
703060122299e11,9,2. Female,18,6114
2.0302062117300002e+22,2,2. Female,66,6114
901070222664e11,1,1. Male,35,6114
203021321172e11,1,2. Female,49,6114
202010221141e11,1,2. Female,28,6114
130208012319e12,1,1. Male,46,6114
130103012314e12,2,2. Female,50,6114
701020222284e11,1,1. Male,41,6114
704030622462e11,5,1. Male,15,6114
202010521128e11,7,1. Male,27,6114
505030811785e11,2,2. Female,70,6114
403080521475e11,1,1. Male,53,6114
130505072325e12,5,1. Male,43,6114
100305062276e12,1,1. Male,47,6114
505020321774e11,1,1. Male,78,6114
100301012276e12,3,2. Female,21,6114
701020222282e11,7,2. Female,16,6114
902060222737e11,2,2. Female,52,6114
101110821033e11,1,1. Male,61,6114
90302042268e12,3,1. Male,22,6114
406070421584e11,1,1. Male,25,6114
903050422721e11,3,1. Male,28,6114
703120122414e11,1,1. Male,67,6114
203030321177e11,3,2. Female,38,6114
503010121702e11,1,2. Female,60,6114
204010721208e11,1,1. Male,49,6114
702070422422e11,1,1. Male,59,6114
103010121079e11,2,2. Female,29,6114
103010121079e11,1,1. Male,64,6114
701110222391e11,1,1. Male,46,6114
403080221474e11,2,2. Female,33,6114
903040422646e11,1,1. Male,43,6114
504040321705e11,1,1. Male,65,6114
804010222543e11,6,1. Male,26,6114
402010221604e11,4,2. Female,16,6114
201060221099e11,1,1. Male,68,6114
703030622276e11,3,1. Male,20,6114
70408062233e12,7,2. Female,61,6114
100306012277e12,1,1. Male,24,6114
405070621527e11,2,2. Female,69,6114
401040521606e11,2,2. Female,30,6114
104030221046e11,1,2. Female,58,6114
506020321739e11,1,1. Male,43,6114
504040321688e11,1,2. Female,58,6114
130302072323e12,1,1. Male,75,6114
405070621527e11,1,1. Male,71,6114
306030521412e11,1,1. Male,67,6114
101110111036e11,1,1. Male,65,6114
506010121691e11,2,2. Female,26,6114
130305022323e12,2,2. Female,38,6114
505030811784e11,1,2. Female,64,6114
507060321682e11,1,2. Female,68,6114
901070222728e11,1,1. Male,57,6114
702040222282e11,5,2. Female,70,6114
703090522304e11,1,1. Male,30,6114
204040121196e11,2,2. Female,22,6114
301050221467e11,3,1. Male,18,6114
704070322468e11,1,1. Male,47,6114
70402092232e12,2,2. Female,55,6114
101050321001e11,1,1. Male,32,6114
120302111297e12,1,1. Male,31,6114
401040521606e11,1,2. Female,53,6114
902050322741e11,6,2. Female,44,6114
5030101217e13,2,2. Female,33,6114
403030221479e11,3,1. Male,23,6114
103010121079e11,6,2. Female,55,6114
201020221125e11,7,1. Male,12,6114
130401012316e12,1,1. Male,48,6114
203030421177e11,1,1. Male,45,6114
701060222389e11,1,1. Male,79,6114
503040421701e11,5,1. Male,21,6114
405070221527e11,4,1. Male,80,6114
202010521128e11,1,1. Male,32,6114
130302072323e12,2,2. Female,32,6114
805010422619e11,1,1. Male,71,6114
701020222282e11,2,2. Female,67,6114
507010221809e11,1,2. Female,65,6114
504040321704e11,2,2. Female,36,6114
306020121441e11,1,1. Male,55,6114
204050121203e11,1,2. Female,60,6114
103070121076e11,6,1. Male,20,6114
702020122427e11,4,1. Male,41,6114
130209022321e12,2,2. Female,37,6114
202011021104e11,2,2. Female,48,6114
130302072323e12,1,2. Female,72,6114
704080622327e11,1,1. Male,30,6114
303080121262e11,1,2. Female,75,6114
306030521246e11,1,1. Male,39,6114
101080221064e11,2,2. Female,36,6114
503010121701e11,1,1. Male,25,6114
306010421447e11,2,2. Female,71,6114
704010322324e11,2,1. Male,21,6114
80403012254e12,2,2. Female,32,6114
302010121252e11,1,1. Male,48,6114
507060321793e11,8,2. Female,66,6114
901070222729e11,1,1. Male,71,6114
202010521127e11,1,1. Male,37,6114
10020201228e13,15,1. Male,60,6114
104010221019e11,1,1. Male,34,6114
702060322337e11,3,1. Male,38,6114
50505082175e12,2,2. Female,19,6114
802030322542e11,1,1. Male,34,6114
701020222282e11,2,2. Female,42,6114
100201032284e12,1,1. Male,35,6114
803060122554e11,1,1. Male,41,6114
100305032281e12,3,1. Male,22,6114
507010221809e11,2,1. Male,30,6114
201020221125e11,8,2. Female,22,6114
203020321148e11,8,2. Female,25,6114
903030522904e11,8,2. Female,60,6114
70109022248e12,1,1. Male,53,6114
110308012288e12,2,2. Female,49,6114
4010108216e13,1,1. Male,40,6114
406030811574e11,1,1. Male,56,6114
301070121423e11,2,2. Female,44,6114
302080421216e11,1,1. Male,34,6114
901090422715e11,4,1. Male,23,6114
110101022293e12,1,1. Male,66,6114
602040122219e11,1,1. Male,51,6114
305040221279e11,1,1. Male,50,6114
104080421029e11,2,2. Female,40,6114
104080421028e11,10,1. Male,27,6114
506030421694e11,2,2. Female,25,6114
70402062232e12,2,2. Female,34,6114
203030421177e11,1,1. Male,38,6114
203021321171e11,1,1. Male,68,6114
60302511225e12,1,1. Male,59,6114
204080411194e11,2,2. Female,48,6114
403090221506e11,2,2. Female,31,6114
602010321848e11,5,1. Male,18,6114
130102072313e12,1,1. Male,27,6114
302040521287e11,1,1. Male,26,6114
201060221099e11,1,1. Male,51,6114
130509042328e12,1,1. Male,42,6121
130501062317e12,3,2. Female,80,6122
304150121387e11,4,1. Male,30,6124
606010211946e11,1,1. Male,37,6124
110205012286e12,2,2. Female,35,6124
130505032317e12,6,1. Male,51,6129
110103042295e12,1,1. Male,57,6129
802100322492e11,2,2. Female,44,6129
702100312293e11,1,1. Male,41,6129
403020121668e11,3,1. Male,14,6129
403140221484e11,5,2. Female,51,6129
130206032319e12,1,1. Male,55,6129
701080222287e11,5,1. Male,30,6129
802060222495e11,2,2. Female,40,6129
804050222512e11,3,2. Female,18,6129
902030812734e11,1,1. Male,66,6130
204010421161e11,3,2. Female,18,6130
8020603225e13,2,1. Male,11,6130
602040212217e11,1,1. Male,50,6130
802010322628e11,2,2. Female,41,6130
902030422743e11,1,1. Male,53,6130
703060622347e11,1,2. Female,55,6130
902020322685e11,1,1. Male,36,6130
902030512689e11,2,1. Male,33,6130
204070321179e11,1,2. Female,24,6130
100503052279e12,4,1. Male,26,6130
902030612637e11,1,1. Male,69,6130
103050121006e11,3,1. Male,31,6130
100305022284e12,3,1. Male,25,6130
70204022228e12,3,1. Male,20,6141
404070321644e11,2,1. Male,24,6141
204080411194e11,1,1. Male,70,6141
803031012598e11,1,1. Male,35,6151
601020221901e11,6,1. Male,21,6152
120302211297e12,1,1. Male,32,6152
60102022183e12,1,1. Male,32,6152
603021411988e11,2,1. Male,30,6152
601020221906e11,1,1. Male,51,6152
605050612045e11,1,1. Male,55,6152
902030422661e11,4,1. Male,25,6152
902031012689e11,3,1. Male,18,6152
902030422661e11,3,1. Male,23,6152
302040421289e11,1,1. Male,30,6152
10020303228e13,3,1. Male,30,6153
402060221647e11,8,1. Male,25,6153
60207021207e12,1,1. Male,54,6153
603022111971e11,1,1. Male,48,6153
302040421288e11,1,2. Female,27,6153
404080221642e11,2,1. Male,20,6154
602060412226e11,1,1. Male,42,6210
601040421908e11,1,1. Male,38,6210
605060112088e11,9,1. Male,19,6210
60204012222e12,1,1. Male,52,6210
603020112146e11,1,1. Male,30,6210
60207031207e12,6,1. Male,20,7111
403060221497e11,12,1. Male,28,7121
110408012287e12,1,1. Male,53,7121
603040112153e11,1,1. Male,71,7121
903070322648e11,3,1. Male,46,7121
110203042287e12,1,1. Male,40,7121
603011411865e11,1,1. Male,37,7121
120304052297e12,6,1. Male,33,7121
602042021846e11,1,1. Male,33,7121
603040412002e11,1,1. Male,51,7121
603023412195e11,2,1. Male,30,7121
402010221551e11,1,1. Male,41,7121
104060221012e11,1,1. Male,48,7121
803030522596e11,1,1. Male,35,7121
60301381196e12,3,1. Male,25,7121
702070522435e11,2,2. Female,65,7121
204040221199e11,1,1. Male,60,7121
602021411839e11,1,1. Male,54,7121
902031012691e11,1,1. Male,56,7121
120306102301e12,1,1. Male,40,7121
505020221772e11,1,1. Male,53,7121
120302071299e12,1,1. Male,27,7121
901050222636e11,1,1. Male,52,7121
120302171296e12,1,1. Male,28,7121
602041211923e11,1,1. Male,68,7121
603014012264e11,1,1. Male,27,7121
120302091298e12,1,1. Male,40,7121
603024411851e11,1,1. Male,39,7121
603014211857e11,1,1. Male,24,7122
100105032281e12,1,1. Male,29,7122
902030322756e11,3,1. Male,28,7122
120302141332e12,2,1. Male,53,7122
120302081302e12,1,1. Male,32,7122
603025212155e11,2,2. Female,32,7122
120306022296e12,1,1. Male,59,7122
703100722407e11,1,1. Male,49,7122
304010221357e11,2,1. Male,37,7122
803031212589e11,5,1. Male,24,7122
603013412243e11,1,1. Male,35,7122
603020912197e11,1,1. Male,49,7122
204010121159e11,1,1. Male,26,7122
101100621082e11,1,1. Male,47,7122
100604012281e12,1,1. Male,38,7122
605050112047e11,10,1. Male,45,7122
120302141312e12,1,1. Male,36,7122
110305132291e12,1,1. Male,26,7123
901050222645e11,5,1. Male,21,7124
701090122479e11,1,1. Male,48,7124
603024011979e11,1,1. Male,31,7124
70402132232e12,1,1. Male,59,7124
902030322661e11,1,1. Male,34,7124
404070521631e11,1,1. Male,50,7124
802100122622e11,4,1. Male,22,7124
506010521742e11,1,1. Male,50,7124
603020212246e11,1,1. Male,26,7124
110306071288e12,30,1. Male,20,7124
603010911982e11,1,1. Male,56,7124
901050422637e11,1,1. Male,31,7124
5030201217e13,1,1. Male,47,7124
603011411859e11,1,1. Male,63,7124
701090122479e11,1,1. Male,49,7124
603023311966e11,1,1. Male,28,7124
60302341187e12,1,1. Male,44,7124
505050421762e11,1,1. Male,43,7124
120308102302e12,1,1. Male,36,7124
80303181259e12,1,1. Male,39,7124
302050321283e11,1,1. Male,52,7124
302110321234e11,2,1. Male,28,7124
705090122453e11,1,1. Male,47,7129
606010511955e11,2,2. Female,33,7136
603022612194e11,1,1. Male,36,7136
120105032306e12,3,1. Male,35,7137
110301042288e12,3,1. Male,42,7141
603025011918e11,1,1. Male,32,7231
30209051131e12,1,1. Male,40,7231
602040612215e11,1,1. Male,40,7231
602050512066e11,9,1. Male,32,7231
602020312204e11,1,1. Male,46,7231
505020321775e11,5,1. Male,28,7231
60601031195e12,4,1. Male,27,7231
100305012283e12,5,1. Male,23,7231
603021312166e11,1,1. Male,51,7231
60302331189e12,3,2. Female,28,7232
13020303232e13,1,1. Male,25,7241
404080221643e11,2,2. Female,30,7323
403110321499e11,2,2. Female,56,7332
4031101215e13,4,2. Female,70,7332
701070222446e11,2,2. Female,45,7332
701070222446e11,2,2. Female,43,7332
801020222531e11,6,2. Female,54,7332
603026412008e11,2,2. Female,45,7332
110308022291e12,2,2. Female,33,7332
403110221504e11,2,2. Female,64,7332
701050122447e11,1,2. Female,40,7332
120401162311e12,2,2. Female,34,7332
801050322532e11,1,1. Male,43,7332
804050222543e11,2,2. Female,36,7332
120306062301e12,2,1. Male,43,7332
403060221497e11,2,2. Female,64,7332
4031101215e13,2,2. Female,42,7332
804050322511e11,2,2. Female,33,7332
603022012233e11,1,1. Male,32,7411
130501052325e12,8,1. Male,25,7411
120302191298e12,3,1. Male,28,7411
406010521501e11,1,1. Male,47,7411
603013722192e11,1,1. Male,62,7412
70502022227e12,80,1. Male,20,7412
803031012597e11,1,1. Male,33,7414
603025212229e11,13,2. Female,28,7414
603021212257e11,1,1. Male,25,7414
120201042307e12,1,1. Male,39,7421
506020321739e11,1,1. Male,37,7422
804020222506e11,1,2. Female,58,7423
120201102296e12,5,2. Female,68,7432
804020222507e11,5,2. Female,34,7432
120105022304e12,2,2. Female,41,7432
701010522258e11,2,2. Female,66,7432
701050222448e11,2,2. Female,45,7432
701040222252e11,2,2. Female,28,7432
701040122254e11,1,2. Female,74,7432
701050222447e11,6,2. Female,20,7432
70105022245e12,9,2. Female,25,7432
701050222448e11,2,2. Female,32,7432
120102092305e12,2,2. Female,70,7432
701070322445e11,2,2. Female,65,7432
120201032309e12,2,2. Female,54,7432
602020111937e11,1,2. Female,21,7433
505031711714e11,2,2. Female,48,7433
100305022283e12,1,2. Female,50,7433
702010522421e11,2,2. Female,38,7433
504040321681e11,3,2. Female,29,7436
403050221495e11,6,2. Female,80,7436
40605061152e12,1,1. Male,37,8321
402010721604e11,3,2. Female,27,8321
402020521618e11,1,1. Male,32,8321
402020221659e11,4,1. Male,22,8321
402020321608e11,2,1. Male,34,8321
402040521551e11,3,1. Male,24,8321
40605032162e12,3,1. Male,31,8321
901080522762e11,1,1. Male,24,8321
602041412207e11,1,1. Male,30,8322
603024411867e11,5,1. Male,20,8322
602021112073e11,1,1. Male,42,8322
603012511822e11,1,1. Male,49,8322
603024811895e11,6,1. Male,33,8322
606060112078e11,1,1. Male,41,8322
302010811296e11,1,1. Male,43,8322
130510022328e12,1,1. Male,45,8322
602020411841e11,16,1. Male,44,8322
301020421376e11,1,1. Male,39,8322
403140321483e11,1,1. Male,44,8322
60205051216e12,1,1. Male,37,8322
603025912019e11,2,1. Male,30,8322
603025611853e11,1,1. Male,31,8322
603025712237e11,1,1. Male,33,8322
605020412014e11,6,1. Male,25,8322
802050322493e11,3,1. Male,24,8322
606050112104e11,1,1. Male,54,8322
403010521561e11,3,1. Male,22,8322
120302101298e12,1,1. Male,49,8322
702061412331e11,1,1. Male,33,8322
603030312267e11,1,1. Male,64,8322
306020321373e11,1,1. Male,32,8322
302030921404e11,4,1. Male,36,8322
603022411959e11,1,1. Male,42,8322
605051222007e11,2,1. Male,31,8322
302060221254e11,1,1. Male,46,8322
603013722135e11,1,1. Male,40,8322
405030321547e11,5,1. Male,18,8322
20202032113e12,6,1. Male,33,8322
603022612194e11,1,1. Male,43,8322
120302081304e12,3,1. Male,31,8322
405070321527e11,1,1. Male,29,8322
603011011864e11,1,1. Male,35,8322
605050512058e11,5,2. Female,33,8322
605060212087e11,2,1. Male,46,8322
101100311018e11,1,1. Male,36,8322
120305022297e12,1,1. Male,27,8322
606070212081e11,2,1. Male,33,8322
11030512229e13,1,1. Male,49,8322
1203020413e14,1,1. Male,26,8322
603013722202e11,1,1. Male,44,8322
602050712245e11,1,1. Male,33,8322
606070812103e11,7,1. Male,24,8322
40603081153e12,5,2. Female,35,8322
603021912121e11,8,1. Male,29,8322
603024412121e11,6,1. Male,43,8322
704070422469e11,1,1. Male,27,8322
60504011203e12,1,1. Male,46,8322
603010812133e11,1,1. Male,38,8322
130503031324e12,2,1. Male,25,8322
60302291219e12,1,1. Male,43,8322
602030111928e11,1,1. Male,50,8322
302090411308e11,1,1. Male,54,8322
602060311878e11,10,1. Male,26,8322
603021312228e11,1,1. Male,42,8322
802070322504e11,6,1. Male,24,8322
90203081269e12,6,1. Male,29,8323
603012912136e11,1,1. Male,40,8323
60302301187e12,1,1. Male,32,8323
803080322559e11,1,1. Male,36,8323
702020122176e11,2,1. Male,51,8323
60607011194e12,1,1. Male,49,8323
305070121282e11,1,1. Male,33,8323
302110121234e11,1,1. Male,47,8323
30405022135e12,6,2. Female,28,8323
402010921602e11,6,1. Male,22,8323
406030511573e11,3,1. Male,24,8323
120302161303e12,7,1. Male,26,8324
110302032293e12,1,1. Male,45,8324
120302171303e12,12,1. Male,23,8324
10020303228e13,1,1. Male,49,8331
302090511437e11,2,2. Female,44,9111
60207021207e12,1,1. Male,53,9111
701050222447e11,3,2. Female,32,9111
603022112263e11,5,2. Female,14,9111
605010112025e11,5,2. Female,33,9111
130503081328e12,1,2. Female,43,9111
902030422761e11,1,1. Male,48,9111
110302012295e12,1,1. Male,34,9111
902070222685e11,1,1. Male,42,9111
605050712005e11,1,1. Male,51,9111
406030711574e11,2,2. Female,30,9111
403140321483e11,2,2. Female,19,9111
605060212087e11,1,1. Male,48,9111
403140321482e11,2,2. Female,58,9111
603025311998e11,1,1. Male,29,9111
110103012294e12,1,1. Male,62,9111
605060311961e11,1,1. Male,30,9111
505010421788e11,2,2. Female,50,9111
603031212106e11,4,2. Female,30,9111
603012912136e11,1,1. Male,45,9111
701060422388e11,1,1. Male,52,9111
602040612215e11,1,1. Male,46,9111
70402052232e12,1,1. Male,57,9111
110203032287e12,1,1. Male,24,9111
130508012329e12,1,1. Male,40,9111
603020812129e11,1,1. Male,28,9111
702030122345e11,2,2. Female,36,9111
701060422388e11,3,1. Male,30,9111
70509012245e12,4,2. Female,34,9111
902070222685e11,2,2. Female,69,9111
603023812231e11,4,1. Male,31,9111
902030322761e11,3,1. Male,31,9111
603031212242e11,3,1. Male,19,9111
603026611966e11,1,1. Male,20,9111
603025811968e11,1,2. Female,60,9111
130503091328e12,1,2. Female,35,9112
302090121325e11,2,2. Female,41,9112
204080411194e11,1,1. Male,46,9112
603024411867e11,2,2. Female,23,9112
603013722128e11,1,1. Male,36,9112
603021912252e11,1,2. Female,44,9112
201050121155e11,2,2. Female,62,9112
2010601211e13,1,2. Female,42,9112
203021021163e11,2,2. Female,46,9112
505031221718e11,2,2. Female,50,9112
13050901233e13,1,2. Female,38,9112
606010211947e11,2,2. Female,61,9112
302091311466e11,2,2. Female,52,9112
506020221689e11,1,1. Male,35,9112
406050221544e11,4,2. Female,11,9112
903060522723e11,2,2. Female,61,9112
130503091324e12,1,1. Male,51,9112
902031012689e11,8,1. Male,52,9113
507060321683e11,2,2. Female,68,9131
1203021413e14,1,1. Male,27,9131
120302151303e12,1,1. Male,28,9131
605010112025e11,1,1. Male,35,9131
901070122637e11,5,1. Male,16,9131
603021312066e11,1,1. Male,70,9132
605050211994e11,6,2. Female,25,9132
202021121144e11,2,2. Female,34,9132
603026511974e11,2,2. Female,54,9132
605050612045e11,1,1. Male,57,9132
606071012103e11,2,2. Female,28,9132
603021412053e11,2,2. Female,44,9132
204080111206e11,1,1. Male,36,9132
606070711869e11,1,1. Male,49,9132
60607011194e12,9,2. Female,30,9132
603031212001e11,7,1. Male,30,9132
602050211994e11,6,2. Female,50,9132
902050422633e11,2,2. Female,26,9133
605020312014e11,3,1. Male,19,9141
6040105221e13,1,1. Male,48,9141
100203032284e12,6,1. Male,30,9152
120302061296e12,5,1. Male,32,9152
120302011303e12,1,1. Male,45,9152
505020121773e11,1,1. Male,46,9152
30203072124e12,3,1. Male,30,9152
60204021222e12,2,1. Male,23,9152
605060812091e11,1,1. Male,43,9152
406010611578e11,1,1. Male,33,9152
602020711836e11,6,1. Male,45,9152
110306041294e12,1,1. Male,33,9152
603025112053e11,4,1. Male,30,9152
1203021213e14,1,1. Male,53,9152
604020222092e11,6,2. Female,55,9161
603025012122e11,1,1. Male,49,9162
504040221708e11,2,2. Female,60,9211
505010421788e11,2,2. Female,53,9211
505030511786e11,1,1. Male,40,9211
505010421788e11,5,1. Male,72,9211
100305062276e12,1,1. Male,36,9211
404010121518e11,2,1. Male,28,9212
404070321631e11,1,1. Male,32,9212
902030512634e11,1,1. Male,61,9213
902030512634e11,5,1. Male,31,9213
505050721749e11,1,1. Male,43,9213
406011011587e11,1,1. Male,35,9311
603021411851e11,1,1. Male,29,9312
11030507229e13,1,1. Male,44,9312
11030503229e13,1,1. Male,64,9312
11030503229e13,7,1. Male,32,9312
110305072287e12,1,1. Male,25,9312
603021412255e11,1,1. Male,56,9313
302100221238e11,3,1. Male,16,9313
602020211932e11,9,1. Male,20,9313
902030612735e11,1,1. Male,42,9313
603010211959e11,1,1. Male,54,9313
60204121192e12,1,1. Male,41,9313
40202032166e12,1,1. Male,95,9313
302030821451e11,1,1. Male,29,9313
603022912249e11,2,1. Male,20,9313
60201012185e12,1,1. Male,26,9313
901070122666e11,2,2. Female,43,9313
302100221237e11,4,1. Male,18,9313
60506051196e12,6,1. Male,31,9313
801040322529e11,1,1. Male,61,9313
603031112264e11,1,1. Male,34,9313
605030111985e11,8,1. Male,22,9313
901070122666e11,6,1. Male,22,9313
505010821792e11,1,1. Male,33,9331
60302141227e12,1,1. Male,33,9999
10020203228e13,2,2. Female,39,9999
902030322757e11,3,2. Female,21,9999
901050422757e11,1,1. Male,27,9999
130507022327e12,2,2. Female,24,9999
50505062176e12,1,2. Female,52,9999
100502011279e12,2,2. Female,20,9999
100304052277e12,2,1. Male,33,9999
406020511567e11,1,1. Male,55,9999
302060421257e11,1,1. Male,37,9999
303050921244e11,4,2. Female,27,9999
405030421546e11,3,1. Male,23,9999
406020221525e11,4,1. Male,23,9999
507060321683e11,1,1. Male,28,9999
701050122448e11,2,2. Female,25,9999
506010521743e11,1,1. Male,40,9999
801040522522e11,1,1. Male,35,9999
702100112258e11,3,1. Male,24,9999
100502011279e12,2,2. Female,29,9999
505040321777e11,7,1. Male,27,9999
901090422679e11,3,1. Male,29,9999
603012111903e11,1,1. Male,30,9999
505020221772e11,7,1. Male,21,9999
602050712244e11,3,1. Male,16,NA
506040321736e11,3,2. Female,0,NA
505040121783e11,6,1. Male,12,NA
130502022327e12,3,1. Male,4,NA
303060321365e11,3,1. Male,7,NA
100301022283e12,6,1. Male,7,NA
60302311228e12,7,2. Female,11,NA
805020622618e11,5,2. Female,9,NA
120105032306e12,5,1. Male,10,NA
504030421752e11,8,2. Female,46,NA
80502042262e12,3,2. Female,10,NA
703100822407e11,7,1. Male,4,NA
20409052119e12,7,2. Female,10,NA
504030621684e11,5,1. Male,4,NA
802080122497e11,2,2. Female,18,NA
120203032309e12,2,2. Female,50,NA
405020321534e11,3,2. Female,10,NA
40605032162e12,3,1. Male,14,NA
702061212336e11,4,2. Female,1,NA
130503021324e12,2,1. Male,19,NA
303040221201e11,3,2. Female,24,NA
120101052306e12,8,2. Female,4,NA
100301052277e12,7,1. Male,5,NA
606050511949e11,2,2. Female,42,NA
130102052312e12,4,1. Male,14,NA
302090321465e11,3,1. Male,19,NA
100201012284e12,4,2. Female,8,NA
120102092305e12,1,1. Male,35,NA
203020321149e11,9,2. Female,72,NA
603023612279e11,5,1. Male,16,NA
10201012101e12,5,2. Female,4,NA
603020812232e11,5,2. Female,1,NA
701080322287e11,8,1. Male,6,NA
803032522568e11,3,1. Male,19,NA
130510042329e12,3,2. Female,16,NA
803040222603e11,9,1. Male,4,NA
120308032301e12,5,1. Male,1,NA
4010108216e13,5,2. Female,4,NA
10020302228e13,4,2. Female,27,NA
202020421136e11,5,1. Male,2,NA
302080421216e11,6,1. Male,69,NA
30201022125e12,10,1. Male,4,NA
505010921753e11,3,2. Female,14,NA
110306061294e12,10,1. Male,38,NA
603024912132e11,12,2. Female,61,NA
120102062305e12,6,2. Female,6,NA
704010522326e11,7,2. Female,21,NA
204010921161e11,10,2. Female,1,NA
120308082302e12,3,2. Female,17,NA
401010421596e11,10,2. Female,3,NA
13050309133e13,6,1. Male,3,NA
403040421473e11,2,2. Female,32,NA
603013412053e11,3,2. Female,28,NA
8040501226e13,7,1. Male,73,NA
802010222628e11,2,2. Female,48,NA
503040321698e11,4,1. Male,12,NA
202010121129e11,5,1. Male,9,NA
603020712165e11,4,2. Female,1,NA
606010111947e11,9,2. Female,22,NA
705030122362e11,8,2. Female,32,NA
703090322309e11,8,2. Female,0,NA
504020421709e11,4,2. Female,19,NA
704080522328e11,4,2. Female,11,NA
70508012228e12,8,1. Male,0,NA
130304042327e12,4,1. Male,2,NA
903030622647e11,5,1. Male,10,NA
104030221046e11,4,2. Female,13,NA
406020711567e11,3,1. Male,7,NA
703130522361e11,3,1. Male,70,NA
703040222482e11,5,1. Male,19,NA
302010311251e11,5,1. Male,4,NA
802060222495e11,5,2. Female,19,NA
601040221829e11,2,2. Female,33,NA
603022712235e11,4,1. Male,15,NA
502030221725e11,4,1. Male,14,NA
110302012289e12,3,1. Male,16,NA
703050322438e11,4,1. Male,1,NA
120302161303e12,6,1. Male,9,NA
203010421169e11,3,1. Male,3,NA
602021411939e11,6,2. Female,10,NA
130206092321e12,5,2. Female,5,NA
201030321121e11,6,1. Male,14,NA
602040422177e11,3,2. Female,2,NA
506040421736e11,3,1. Male,3,NA
606040611951e11,7,2. Female,0,NA
120105012305e12,6,1. Male,7,NA
603020912196e11,3,1. Male,18,NA
302010611309e11,10,2. Female,0,NA
7.0302012230200004e+22,5,1. Male,10,NA
802010122632e11,7,1. Male,2,NA
504020121703e11,4,2. Female,5,NA
506020321739e11,4,2. Female,6,NA
110204032286e12,6,1. Male,4,NA
702070122424e11,8,2. Female,0,NA
601050121893e11,6,1. Male,11,NA
402060321648e11,4,2. Female,18,NA
130401032316e12,1,2. Female,68,NA
401020121614e11,3,2. Female,22,NA
605051112057e11,7,2. Female,2,NA
605020112014e11,12,2. Female,1,NA
901040322667e11,5,2. Female,1,NA
603025712243e11,9,1. Male,17,NA
204010421162e11,6,2. Female,1,NA
605030211984e11,12,2. Female,8,NA
100502062278e12,2,2. Female,29,NA
406020321569e11,3,2. Female,34,NA
13020303232e13,2,2. Female,20,NA
705090122453e11,10,1. Male,3,NA
505040321777e11,1,2. Female,87,NA
70206131233e12,3,2. Female,27,NA
60302611215e12,8,2. Female,30,NA
406050611628e11,6,2. Female,14,NA
902060122631e11,5,1. Male,1,NA
603040112152e11,2,2. Female,35,NA
8.0301042260800008e+22,4,2. Female,11,NA
120201192308e12,3,2. Female,12,NA
304040121356e11,5,2. Female,1,NA
602050712245e11,3,1. Male,25,NA
130508032327e12,6,2. Female,5,NA
8040502226e13,1,2. Female,42,NA
305020421226e11,3,1. Male,3,NA
602070112068e11,6,1. Male,10,NA
603021212239e11,3,1. Male,23,NA
602060412224e11,5,2. Female,10,NA
406070721501e11,2,1. Male,17,NA
110409022287e12,7,2. Female,17,NA
902060322631e11,4,1. Male,11,NA
120306062301e12,7,2. Female,8,NA
704070122467e11,4,2. Female,11,NA
605050112048e11,5,2. Female,20,NA
602040712214e11,2,2. Female,34,NA
103020121052e11,7,1. Male,17,NA
603025812259e11,7,1. Male,26,NA
602040212217e11,5,1. Male,9,NA
606020111953e11,5,1. Male,19,NA
303070421366e11,6,2. Female,24,NA
703110322303e11,7,1. Male,9,NA
90102032264e12,7,1. Male,6,NA
110308022291e12,4,1. Male,13,NA
603010611861e11,3,1. Male,4,NA
100502021279e12,2,2. Female,35,NA
901010122726e11,5,1. Male,16,NA
602060812176e11,6,1. Male,5,NA
903010522706e11,6,1. Male,3,NA
606060112076e11,2,2. Female,28,NA
505050421762e11,3,1. Male,12,NA
120103012305e12,3,2. Female,11,NA
802010222623e11,2,2. Female,12,NA
603030912282e11,6,2. Female,13,NA
601040421828e11,5,1. Male,68,NA
506040521738e11,5,2. Female,12,NA
403110321665e11,4,2. Female,5,NA
802020422623e11,3,2. Female,15,NA
40304022147e12,11,2. Female,4,NA
80303072258e12,2,2. Female,42,NA
603011711858e11,1,1. Male,24,NA
505020121772e11,6,2. Female,6,NA
303050921362e11,4,2. Female,15,NA
301050121421e11,7,1. Male,17,NA
101080221002e11,4,1. Male,23,NA
602020512185e11,7,2. Female,60,NA
505040521777e11,2,2. Female,49,NA
703030522348e11,3,2. Female,19,NA
101070221068e11,6,2. Female,3,NA
603020912196e11,2,2. Female,47,NA
701030322395e11,2,2. Female,20,NA
603014112245e11,8,1. Male,27,NA
802020422623e11,5,2. Female,14,NA
304050821352e11,4,1. Male,13,NA
504040421705e11,3,2. Female,20,NA
505031011717e11,2,2. Female,30,NA
605050612045e11,5,2. Female,7,NA
120302071298e12,3,1. Male,47,NA
60302281223e12,4,1. Male,13,NA
803080122559e11,7,1. Male,1,NA
603011711852e11,10,1. Male,30,NA
902030422761e11,7,1. Male,17,NA
302090411308e11,15,2. Female,28,NA
302091111232e11,8,1. Male,5,NA
30411032134e12,3,1. Male,7,NA
120306012297e12,3,2. Female,18,NA
505050921745e11,4,1. Male,32,NA
30608032144e12,9,2. Female,26,NA
704050522374e11,1,2. Female,40,NA
602020111937e11,11,1. Male,18,NA
605060312016e11,6,1. Male,41,NA
901070122727e11,4,1. Male,19,NA
604010321826e11,2,2. Female,30,NA
602021511934e11,4,1. Male,24,NA
104080121077e11,6,2. Female,10,NA
803031012598e11,1,1. Male,72,NA
304070321353e11,3,1. Male,5,NA
802020522495e11,9,1. Male,70,NA
602030911928e11,4,1. Male,25,NA
803030722578e11,3,2. Female,7,NA
506010121691e11,4,2. Female,11,NA
120302051296e12,7,1. Male,15,NA
13020402232e13,5,2. Female,0,NA
301020421468e11,4,1. Male,17,NA
703050722301e11,5,1. Male,10,NA
110302022295e12,2,2. Female,62,NA
603013512199e11,4,1. Male,5,NA
803040322603e11,4,2. Female,8,NA
104080121054e11,4,1. Male,6,NA
40507022153e12,4,2. Female,26,NA
100503012279e12,1,2. Female,54,NA
120307012299e12,3,2. Female,0,NA
40318022149e12,5,1. Male,6,NA
803032912561e11,7,2. Female,13,NA
606010311956e11,3,1. Male,10,NA
204090121186e11,4,2. Female,8,NA
603011311978e11,9,1. Male,20,NA
201020521122e11,4,1. Male,5,NA
130502062329e12,8,2. Female,8,NA
100502031279e12,3,2. Female,15,NA
103040221056e11,6,2. Female,17,NA
103010221007e11,12,1. Male,0,NA
603030412148e11,7,2. Female,18,NA
505030711768e11,3,2. Female,8,NA
301080121427e11,1,1. Male,59,NA
902060522691e11,4,1. Male,0,NA
504030321707e11,8,1. Male,5,NA
602040212217e11,3,1. Male,7,NA
606060411952e11,3,1. Male,26,NA
401030121622e11,2,2. Female,43,NA
603026411969e11,6,2. Female,23,NA
201010511093e11,2,2. Female,14,NA
603026712188e11,1,2. Female,25,NA
302110121235e11,5,1. Male,12,NA
110303062285e12,5,1. Male,13,NA
403040421473e11,5,1. Male,1,NA
30204042129e12,5,2. Female,8,NA
60302151219e12,8,1. Male,26,NA
201040121111e11,5,2. Female,5,NA
901080422715e11,5,1. Male,5,NA
702060922276e11,3,1. Male,8,NA
506030121693e11,1,2. Female,87,NA
100305032281e12,6,1. Male,11,NA
60302391226e12,5,1. Male,18,NA
80403012254e12,6,2. Female,5,NA
301050421422e11,6,1. Male,3,NA
804030522539e11,2,2. Female,31,NA
504030621731e11,6,2. Female,16,NA
60203061193e12,5,2. Female,11,NA
403070221476e11,4,1. Male,27,NA
804050322512e11,6,1. Male,8,NA
60302241182e12,3,2. Female,14,NA
302110721236e11,6,1. Male,6,NA
304060421388e11,5,1. Male,3,NA
120102052305e12,3,2. Female,13,NA
104030221016e11,2,2. Female,60,NA
802020422495e11,4,1. Male,3,NA
901050222675e11,4,2. Female,7,NA
304040521346e11,2,2. Female,60,NA
705030222365e11,7,2. Female,12,NA
10102022107e12,5,2. Female,12,NA
605060512091e11,3,2. Female,19,NA
703130622361e11,6,1. Male,4,NA
301040121374e11,4,1. Male,18,NA
704050522374e11,3,1. Male,29,NA
306050421213e11,5,2. Female,15,NA
70202032243e12,7,2. Female,8,NA
130103012314e12,4,2. Female,33,NA
120201102296e12,5,1. Male,10,NA
202010921106e11,3,1. Male,21,NA
803100122571e11,7,1. Male,8,NA
100503022279e12,3,1. Male,16,NA
602022012207e11,7,1. Male,6,NA
102010321012e11,3,2. Female,7,NA
110306071288e12,4,1. Male,10,NA
102040321011e11,6,1. Male,2,NA
603030412149e11,5,1. Male,2,NA
802090522534e11,2,2. Female,33,NA
603011112241e11,3,1. Male,22,NA
804050322511e11,4,1. Male,16,NA
403160321674e11,10,1. Male,1,NA
302030211402e11,3,1. Male,5,NA
130304012322e12,4,2. Female,5,NA
605060212087e11,18,2. Female,22,NA
130301012323e12,6,1. Male,0,NA
60601031195e12,5,1. Male,0,NA
702050122297e11,3,1. Male,18,NA
110408022287e12,6,2. Female,2,NA
602030112283e11,4,2. Female,4,NA
302010711233e11,8,2. Female,7,NA
602060712174e11,1,1. Male,63,NA
204010121159e11,3,1. Male,24,NA
3030501213e13,5,1. Male,18,NA
603022512137e11,4,1. Male,12,NA
303040221243e11,3,1. Male,20,NA
703100322312e11,5,2. Female,8,NA
903030122706e11,4,1. Male,4,NA
120302081303e12,3,2. Female,22,NA
802090322501e11,4,1. Male,13,NA
70210021229e12,10,2. Female,27,NA
402010721604e11,10,2. Female,14,NA
406050611687e11,4,1. Male,17,NA
605051112057e11,5,1. Male,4,NA
100301012277e12,14,2. Female,0,NA
1203030423e14,2,2. Female,30,NA
100102032282e12,5,2. Female,1,NA
202020521137e11,5,1. Male,7,NA
605060812091e11,5,2. Female,11,NA
702100512293e11,1,1. Male,17,NA
606070912102e11,3,1. Male,23,NA
406010811589e11,5,1. Male,13,NA
103070221007e11,4,2. Female,20,NA
602030812222e11,7,1. Male,70,NA
203020121148e11,3,1. Male,10,NA
204080621195e11,5,2. Female,2,NA
402040521551e11,4,1. Male,7,NA
30211042132e12,6,1. Male,13,NA
603030512142e11,10,2. Female,16,NA
202021121144e11,5,2. Female,17,NA
702100512291e11,7,2. Female,16,NA
100301042277e12,4,2. Female,10,NA
204090221188e11,6,2. Female,22,NA
60302591e15,4,2. Female,11,NA
705050322482e11,9,2. Female,7,NA
506040421735e11,6,1. Male,1,NA
505031711714e11,2,2. Female,40,NA
602060312159e11,5,1. Male,14,NA
203020321148e11,5,1. Male,8,NA
603025112035e11,1,1. Male,42,NA
504030621732e11,3,2. Female,5,NA
603010812134e11,8,1. Male,1,NA
506010421692e11,1,1. Male,90,NA
60206112221e12,4,1. Male,14,NA
603024612234e11,11,1. Male,26,NA
604010222098e11,8,1. Male,12,NA
603014212236e11,5,2. Female,21,NA
702060422337e11,4,1. Male,8,NA
100502072278e12,7,1. Male,2,NA
403170121477e11,6,1. Male,9,NA
602022312206e11,5,2. Female,5,NA
302090711481e11,3,2. Female,27,NA
602021711842e11,3,2. Female,23,NA
120104042307e12,3,2. Female,5,NA
406030421485e11,5,1. Male,8,NA
306060421249e11,7,1. Male,4,NA
6030401122e13,3,2. Female,12,NA
110301012288e12,3,2. Female,7,NA
80310012257e12,7,1. Male,11,NA
603022712235e11,2,1. Male,25,NA
903020222681e11,8,1. Male,11,NA
306060121249e11,4,1. Male,9,NA
100402012283e12,10,1. Male,6,NA
302030521239e11,6,2. Female,1,NA
605050912038e11,1,1. Male,58,NA
301050521421e11,7,1. Male,6,NA
603022511891e11,7,1. Male,4,NA
403110121498e11,4,2. Female,9,NA
401010321595e11,2,2. Female,25,NA
702070622452e11,3,2. Female,1,NA
104030221016e11,9,1. Male,1,NA
30209012131e12,6,2. Female,63,NA
101100221039e11,3,1. Male,16,NA
70204052234e12,6,1. Male,2,NA
11030502229e13,6,2. Female,2,NA
606040821951e11,2,2. Female,39,NA
100506052284e12,3,1. Male,14,NA
603022412262e11,4,1. Male,21,NA
10111032107e12,15,1. Male,8,NA
302030211403e11,2,2. Female,55,NA
902030512689e11,1,1. Male,83,NA
204081121197e11,4,2. Female,19,NA
902030322734e11,4,1. Male,12,NA
602021012184e11,6,1. Male,7,NA
10106012102e12,4,1. Male,17,NA
60302141227e12,9,2. Female,25,NA
120304062297e12,2,2. Female,17,NA
110305112286e12,5,1. Male,5,NA
603021412109e11,5,1. Male,68,NA
703040222414e11,3,2. Female,0,NA
603024412011e11,5,1. Male,3,NA
605060712085e11,3,1. Male,7,NA
602050112061e11,6,2. Female,20,NA
11041001229e13,7,1. Male,19,NA
302060321255e11,4,1. Male,7,NA
404010321642e11,7,1. Male,9,NA
70210021229e12,8,2. Female,4,NA
130301012323e12,3,2. Female,15,NA
110306051289e12,3,2. Female,63,NA
402060221647e11,13,1. Male,2,NA
120201172308e12,7,1. Male,6,NA
302090221325e11,10,1. Male,5,NA
304070321349e11,1,2. Female,40,NA
100502021279e12,12,1. Male,0,NA
702030422342e11,6,2. Female,11,NA
305070121281e11,6,2. Female,72,NA
130305042322e12,2,2. Female,13,NA
903010722709e11,10,1. Male,4,NA
60301191199e12,3,2. Female,24,NA
303050621299e11,3,2. Female,14,NA
803010222609e11,1,1. Male,36,NA
120302181312e12,5,2. Female,79,NA
606071012124e11,8,2. Female,24,NA
602022212186e11,22,2. Female,14,NA
306010521448e11,4,1. Male,21,NA
120306052297e12,2,2. Female,27,NA
603013212244e11,5,1. Male,2,NA
130303082324e12,9,1. Male,1,NA
302011011253e11,2,2. Female,15,NA
903050622671e11,6,2. Female,6,NA
702090422342e11,3,1. Male,5,NA
100502031279e12,3,1. Male,68,NA
304110221386e11,5,1. Male,9,NA
603023811866e11,9,1. Male,21,NA
130301012323e12,4,1. Male,13,NA
306040121456e11,2,2. Female,46,NA
202010721129e11,5,2. Female,22,NA
80301022261e12,4,2. Female,26,NA
603020912198e11,5,1. Male,6,NA
504040121705e11,2,2. Female,43,NA
13020702232e13,7,2. Female,17,NA
20407012118e12,7,2. Female,11,NA
603011312257e11,5,1. Male,26,NA
100601022284e12,5,2. Female,98,NA
704061122385e11,10,2. Female,7,NA
603025711979e11,1,2. Female,41,NA
202010721128e11,8,1. Male,4,NA
101030221001e11,7,2. Female,5,NA
603013722128e11,3,1. Male,27,NA
120201162308e12,4,2. Female,6,NA
110203052285e12,3,1. Male,13,NA
302020121296e11,3,2. Female,6,NA
602061321878e11,6,1. Male,1,NA
130303012324e12,2,2. Female,39,NA
101030321078e11,3,2. Female,17,NA
902030512634e11,4,2. Female,9,NA
12040203231e13,6,1. Male,5,NA
704070722468e11,3,1. Male,7,NA
120302011303e12,7,2. Female,12,NA
803100122571e11,5,1. Male,8,NA
40202042166e12,5,1. Male,5,NA
130401012316e12,5,1. Male,9,NA
606071012124e11,7,1. Male,12,NA
606040412108e11,12,1. Male,26,NA
702060222275e11,9,1. Male,75,NA
303070121273e11,20,2. Female,14,NA
101100421051e11,10,1. Male,21,NA
504040421705e11,3,1. Male,8,NA
50601052174e12,3,1. Male,14,NA
60301261215e12,6,1. Male,1,NA
505031921713e11,4,2. Female,24,NA
601030221833e11,5,2. Female,9,NA
406050711688e11,4,1. Male,1,NA
303020121244e11,3,1. Male,14,NA
903050422718e11,2,2. Female,49,NA
605060412085e11,4,2. Female,5,NA
403100421507e11,3,2. Female,8,NA
901030222644e11,2,2. Female,72,NA
701010322256e11,6,2. Female,4,NA
204060121191e11,4,1. Male,8,NA
120201182308e12,4,1. Male,6,NA
406050611687e11,9,2. Female,12,NA
204010421182e11,5,2. Female,19,NA
606050212107e11,4,1. Male,13,NA
50501022179e12,4,1. Male,15,NA
606070611873e11,4,2. Female,1,NA
120305012297e12,2,2. Female,45,NA
60204021222e12,3,1. Male,19,NA
803030522597e11,3,2. Female,13,NA
801060222519e11,3,2. Female,1,NA
601030421832e11,4,1. Male,11,NA
804030222543e11,3,2. Female,15,NA
302030421326e11,4,1. Male,8,NA
100103012282e12,7,1. Male,11,NA
30204042129e12,3,1. Male,20,NA
504020121742e11,4,1. Male,12,NA
110102012294e12,2,1. Male,18,NA
504020521728e11,4,2. Female,17,NA
304150121385e11,3,2. Female,15,NA
802030322506e11,4,2. Female,7,NA
603030912231e11,2,2. Female,22,NA
803040122605e11,6,2. Female,2,NA
603024412129e11,6,2. Female,3,NA
80106032252e12,6,1. Male,10,NA
703020422363e11,8,1. Male,9,NA
603012912137e11,4,1. Male,15,NA
901030322716e11,3,2. Female,14,NA
505020521776e11,3,1. Male,13,NA
902030712634e11,6,2. Female,61,NA
120201122307e12,3,1. Male,8,NA
303010121305e11,1,1. Male,79,NA
60203071222e12,3,1. Male,14,NA
60102022183e12,1,2. Female,88,NA
120308112299e12,4,1. Male,15,NA
602020512185e11,2,2. Female,50,NA
304030321379e11,5,1. Male,12,NA
802040122629e11,3,1. Male,8,NA
502010321727e11,3,1. Male,9,NA
603031011888e11,1,2. Female,28,NA
203021321172e11,5,1. Male,12,NA
404030221638e11,4,2. Female,60,NA
120308092302e12,2,2. Female,50,NA
803040322602e11,6,2. Female,7,NA
301030321377e11,4,2. Female,8,NA
306040221454e11,4,2. Female,10,NA
701020222284e11,17,2. Female,2,NA
101030121053e11,7,1. Male,8,NA
60607061208e12,5,1. Male,14,NA
603026411969e11,11,1. Male,28,NA
305070221333e11,4,2. Female,18,NA
130306042322e12,7,1. Male,6,NA
507080521796e11,3,1. Male,4,NA
90104042267e12,5,1. Male,10,NA
120306032296e12,2,2. Female,34,NA
703020122306e11,7,1. Male,7,NA
120302111299e12,2,2. Female,36,NA
602040122219e11,7,1. Male,11,NA
603031111903e11,5,1. Male,3,NA
805010222614e11,4,1. Male,23,NA
130205012321e12,9,2. Female,5,NA
703070322351e11,4,2. Female,7,NA
803040322603e11,4,2. Female,15,NA
705020112274e11,9,2. Female,18,NA
603031111972e11,7,1. Male,1,NA
602021112075e11,2,2. Female,15,NA
60504021203e12,2,2. Female,19,NA
701010122255e11,9,1. Male,3,NA
603010812133e11,5,2. Female,16,NA
13020502232e13,5,2. Female,6,NA
703010622403e11,8,1. Male,11,NA
602060712173e11,6,1. Male,12,NA
130207012328e12,3,1. Male,36,NA
602020111937e11,2,2. Female,59,NA
602060412225e11,6,2. Female,26,NA
606070411941e11,2,2. Female,42,NA
302110721319e11,9,1. Male,15,NA
11010204229e13,4,1. Male,8,NA
100103012282e12,4,1. Male,8,NA
602040312178e11,10,1. Male,48,NA
10104032106e12,7,2. Female,6,NA
104030121031e11,3,2. Female,5,NA
702060422456e11,3,1. Male,10,NA
403140121483e11,7,1. Male,4,NA
401020321615e11,7,1. Male,10,NA
701070322445e11,3,2. Female,10,NA
70206121237e12,12,1. Male,0,NA
505051021749e11,1,1. Male,53,NA
13020501232e13,4,1. Male,11,NA
603020111899e11,7,2. Female,7,NA
603013112253e11,5,2. Female,89,NA
120306022296e12,4,1. Male,12,NA
202021121144e11,4,2. Female,3,NA
406030421485e11,5,2. Female,1,NA
12030101231e13,7,1. Male,5,NA
603011711858e11,3,2. Female,12,NA
30307012127e12,7,1. Male,15,NA
301060221421e11,2,2. Female,72,NA
120201172308e12,2,1. Male,12,NA
202010621138e11,4,2. Female,17,NA
805010122601e11,3,1. Male,15,NA
120103102306e12,4,2. Female,13,NA
603024812127e11,7,1. Male,20,NA
110306101289e12,6,2. Female,0,NA
130201012319e12,3,2. Female,18,NA
40601061159e12,3,1. Male,7,NA
202020521137e11,2,1. Male,21,NA
602030311926e11,6,1. Male,18,NA
302060321256e11,13,1. Male,16,NA
130306032322e12,3,1. Male,16,NA
803030622602e11,1,2. Female,67,NA
60203081222e12,5,2. Female,25,NA
606060112077e11,4,1. Male,13,NA
704070722468e11,5,1. Male,2,NA
603012312127e11,4,1. Male,26,NA
901050422757e11,5,1. Male,16,NA
130302092323e12,2,2. Female,24,NA
11040302229e13,7,2. Female,16,NA
605060812091e11,3,1. Male,21,NA
803032212593e11,2,1. Male,16,NA
802040222494e11,4,1. Male,10,NA
130502012326e12,5,1. Male,5,NA
702100722397e11,7,2. Female,16,NA
605060712085e11,8,1. Male,4,NA
101090521039e11,7,2. Female,11,NA
203010121166e11,3,1. Male,5,NA
505031921714e11,4,1. Male,18,NA
110305012288e12,3,2. Female,1,NA
505031921715e11,3,2. Female,23,NA
8.0301042260800008e+22,7,2. Female,0,NA
603024412234e11,11,1. Male,2,NA
603011511858e11,2,2. Female,36,NA
302020221318e11,10,2. Female,23,NA
110408022287e12,7,2. Female,15,NA
130303012324e12,8,2. Female,98,NA
130102022312e12,7,1. Male,10,NA
60605021191e12,4,1. Male,37,NA
702090422339e11,7,2. Female,13,NA
130509072326e12,3,2. Female,19,NA
505050421762e11,3,1. Male,27,NA
120104052307e12,4,2. Female,12,NA
406070221582e11,6,2. Female,8,NA
601020221836e11,3,1. Male,2,NA
603022011988e11,7,2. Female,3,NA
903050522651e11,5,2. Female,5,NA
30415032135e12,4,2. Female,18,NA
406060121562e11,3,1. Male,4,NA
405030421546e11,6,2. Female,6,NA
602060311878e11,3,1. Male,18,NA
90302042268e12,6,1. Male,0,NA
901060222663e11,2,2. Female,23,NA
60204121192e12,5,2. Female,11,NA
603012212137e11,1,1. Male,46,NA
602060212209e11,10,2. Female,3,NA
603014012192e11,7,2. Female,13,NA
606070511874e11,5,2. Female,12,NA
302080121214e11,2,2. Female,38,NA
605051522045e11,3,2. Female,20,NA
603030312267e11,3,2. Female,4,NA
605020512015e11,11,1. Male,19,NA
702050322294e11,12,1. Male,12,NA
705040122267e11,2,2. Female,53,NA
305040221219e11,6,2. Female,14,NA
605020112014e11,5,1. Male,24,NA
603011612198e11,6,2. Female,30,NA
406020711568e11,2,2. Female,47,NA
505031611766e11,3,1. Male,16,NA
404010321645e11,5,1. Male,5,NA
703080222263e11,4,1. Male,15,NA
603022612238e11,3,1. Male,21,NA
403070321667e11,9,1. Male,4,NA
603025412277e11,4,1. Male,6,NA
70208052243e12,10,2. Female,6,NA
703040922412e11,9,2. Female,0,NA
401020321616e11,5,1. Male,9,NA
704010122324e11,6,2. Female,2,NA
100503012279e12,5,1. Male,3,NA
403180321489e11,8,1. Male,9,NA
802060322498e11,4,2. Female,1,NA
406030511553e11,4,2. Female,8,NA
703050922299e11,6,1. Male,2,NA
603023712154e11,2,2. Female,30,NA
703100522364e11,3,1. Male,27,NA
603026611965e11,5,1. Male,5,NA
130403022317e12,6,1. Male,13,NA
603010912201e11,1,2. Female,44,NA
201050121155e11,9,1. Male,3,NA
303040321397e11,6,2. Female,7,NA
60607112212e12,6,2. Female,18,NA
605050512059e11,2,1. Male,19,NA
110302042293e12,1,1. Male,63,NA
602041011925e11,4,2. Female,25,NA
801030222534e11,6,2. Female,10,NA
90109052264e12,7,1. Male,28,NA
803070222583e11,5,1. Male,9,NA
603021112189e11,6,1. Male,3,NA
901050422636e11,5,2. Female,11,NA
603030212191e11,4,2. Female,21,NA
102040521024e11,8,1. Male,11,NA
404080221642e11,7,2. Female,6,NA
803050122579e11,5,2. Female,4,NA
11030506229e13,5,1. Male,13,NA
602021511934e11,4,1. Male,14,NA
603022511892e11,10,1. Male,0,NA
606070111955e11,4,2. Female,17,NA
305070121225e11,3,2. Female,53,NA
605050812006e11,8,2. Female,24,NA
100601022284e12,11,1. Male,2,NA
902070222685e11,2,1. Male,19,NA
60606041212e12,3,1. Male,25,NA
30206012146e12,4,2. Female,9,NA
401040521606e11,4,1. Male,16,NA
100303022277e12,5,1. Male,13,NA
506040521738e11,6,1. Male,4,NA
701090122478e11,5,2. Female,10,NA
405050321515e11,3,2. Female,30,NA
302030521239e11,7,1. Male,12,NA
703130422435e11,2,2. Female,41,NA
606010311956e11,3,2. Female,20,NA
110204022285e12,6,2. Female,11,NA
40205012161e12,5,1. Male,2,NA
302040421288e11,7,1. Male,12,NA
901090122655e11,10,2. Female,4,NA
302040521286e11,5,1. Male,21,NA
605050211993e11,13,2. Female,22,NA
130203012319e12,6,1. Male,7,NA
304050421348e11,8,2. Female,3,NA
803010122609e11,10,1. Male,2,NA
406060521566e11,2,2. Female,29,NA
130508012329e12,3,2. Female,28,NA
302010611313e11,1,2. Female,42,NA
606070611873e11,7,2. Female,12,NA
120308172302e12,3,1. Male,18,NA
603022511892e11,9,2. Female,3,NA
705090222451e11,7,2. Female,4,NA
703090522415e11,8,1. Male,3,NA
902010122686e11,7,2. Female,7,NA
60302051201e12,3,1. Male,27,NA
901030422639e11,3,1. Male,21,NA
507010221809e11,4,1. Male,14,NA
100101012282e12,4,1. Male,11,NA
80303161261e12,3,2. Female,9,NA
120302232298e12,1,1. Male,81,NA
902050422634e11,1,2. Female,70,NA
303060221242e11,2,2. Female,37,NA
603013211956e11,7,2. Female,19,NA
602022112206e11,12,2. Female,3,NA
505031921713e11,3,2. Female,1,NA
401011121592e11,5,2. Female,10,NA
110302072289e12,2,2. Female,40,NA
603026211999e11,4,1. Male,21,NA
901020322639e11,7,2. Female,5,NA
704080122478e11,5,2. Female,9,NA
802020322581e11,3,2. Female,32,NA
204020321153e11,4,2. Female,10,NA
901030122638e11,3,1. Male,20,NA
10020305228e13,7,2. Female,19,NA
901030422637e11,5,2. Female,19,NA
201050121154e11,7,1. Male,7,NA
101040221061e11,5,1. Male,20,NA
505030511785e11,6,1. Male,5,NA
10109022104e12,5,1. Male,7,NA
606040821951e11,3,2. Female,19,NA
602030611931e11,5,2. Female,21,NA
506040421725e11,5,2. Female,9,NA
302011011253e11,11,1. Male,1,NA
302010121252e11,1,2. Female,27,NA
603014111851e11,7,1. Male,7,NA
102030421008e11,6,2. Female,25,NA
603023311966e11,4,1. Male,22,NA
100305072276e12,4,1. Male,8,NA
406050921575e11,5,1. Male,3,NA
110306112289e12,5,2. Female,13,NA
602060121876e11,3,1. Male,23,NA
702030122344e11,5,2. Female,9,NA
10020202228e13,4,1. Male,16,NA
104010321086e11,6,1. Male,2,NA
406051221486e11,3,1. Male,12,NA
701060212386e11,9,2. Female,0,NA
304010221357e11,5,1. Male,83,NA
130404012315e12,5,1. Male,0,NA
703060222335e11,6,2. Female,8,NA
120103042304e12,3,1. Male,14,NA
130503021329e12,9,2. Female,20,NA
304090421344e11,6,2. Female,5,NA
704061122378e11,3,2. Female,6,NA
804030222543e11,7,2. Female,8,NA
1.2040109231100001e+23,3,1. Male,19,NA
60505041204e12,7,2. Female,63,NA
302080121214e11,4,2. Female,7,NA
403160321674e11,8,1. Male,5,NA
100506062281e12,6,1. Male,0,NA
304100221361e11,3,1. Male,5,NA
204090321189e11,7,1. Male,9,NA
120306072301e12,8,2. Female,7,NA
130405022316e12,4,1. Male,4,NA
702070122423e11,4,1. Male,16,NA
406010121588e11,4,2. Female,13,NA
303040621366e11,3,1. Male,22,NA
120201192308e12,3,2. Female,12,NA
602021511933e11,1,2. Female,53,NA
603012512126e11,2,2. Female,29,NA
130403022317e12,3,2. Female,13,NA
505030211685e11,13,1. Male,19,NA
201050121154e11,3,1. Male,16,NA
130303092317e12,5,2. Female,8,NA
302030721408e11,4,2. Female,12,NA
702090422338e11,8,1. Male,6,NA
602020312205e11,2,2. Female,34,NA
120304032299e12,3,2. Female,80,NA
302030821406e11,5,1. Male,14,NA
110308022291e12,5,2. Female,20,NA
603024412129e11,3,2. Female,16,NA
120306042297e12,7,1. Male,1,NA
703040922413e11,8,2. Female,0,NA
703050122409e11,5,1. Male,14,NA
505031611766e11,4,1. Male,13,NA
701040122253e11,8,2. Female,9,NA
304060221386e11,8,1. Male,15,NA
110302042293e12,5,1. Male,11,NA
303010421305e11,2,2. Female,25,NA
704010322381e11,6,1. Male,12,NA
505030511785e11,4,2. Female,15,NA
104050121014e11,3,1. Male,12,NA
10020305228e13,3,1. Male,7,NA
301070621415e11,3,1. Male,16,NA
602021411839e11,6,2. Female,10,NA
40603011157e12,5,1. Male,10,NA
302070121317e11,5,2. Female,9,NA
110102052292e12,3,1. Male,17,NA
130403022317e12,7,2. Female,23,NA
120401032311e12,3,2. Female,17,NA
120401102311e12,6,1. Male,9,NA
130405012316e12,1,2. Female,44,NA
606040212118e11,5,2. Female,22,NA
803032012565e11,7,1. Male,9,NA
703020322306e11,8,1. Male,2,NA
507050521795e11,8,2. Female,62,NA
110105032292e12,7,2. Female,11,NA
701030122395e11,3,1. Male,15,NA
602022312205e11,6,1. Male,2,NA
901060322747e11,6,2. Female,11,NA
60202041184e12,22,2. Female,7,NA
602040512179e11,3,1. Male,1,NA
603020612215e11,13,2. Female,8,NA
603012212151e11,2,2. Female,22,NA
603014012192e11,8,1. Male,27,NA
602021612187e11,7,2. Female,10,NA
603012611863e11,5,1. Male,2,NA
605050612045e11,5,2. Female,19,NA
505050221761e11,2,2. Female,74,NA
802090322501e11,6,1. Male,5,NA
120302081303e12,10,1. Male,7,NA
100506042279e12,5,2. Female,13,NA
803040122604e11,5,1. Male,13,NA
204080411194e11,6,1. Male,14,NA
13050308133e13,3,2. Female,17,NA
602021511843e11,7,2. Female,25,NA
12040202231e13,4,1. Male,9,NA
603024412129e11,4,1. Male,0,NA
13020303232e13,3,2. Female,15,NA
110102022292e12,6,2. Female,10,NA
901040422669e11,3,2. Female,11,NA
130501062317e12,3,2. Female,15,NA
603030411898e11,5,2. Female,19,NA
505040121782e11,2,1. Male,10,NA
12030102231e13,3,1. Male,12,NA
703010222404e11,5,1. Male,10,NA
803010122609e11,4,2. Female,12,NA
60506061209e12,2,2. Female,30,NA
406070721484e11,2,2. Female,27,NA
603026211999e11,3,2. Female,18,NA
604020222098e11,4,1. Male,17,NA
403140121482e11,5,1. Male,1,NA
603030912242e11,6,2. Female,9,NA
203030121147e11,4,2. Female,18,NA
304030421379e11,3,1. Male,14,NA
702061112333e11,4,2. Female,13,NA
130303062325e12,7,1. Male,3,NA
703050422301e11,4,2. Female,10,NA
507080521813e11,2,2. Female,44,NA
302010911326e11,7,2. Female,10,NA
603011311977e11,2,2. Female,31,NA
120302211298e12,3,1. Male,6,NA
120301082295e12,1,1. Male,60,NA
130503021324e12,1,2. Female,18,NA
903030822695e11,2,2. Female,42,NA
110302042292e12,6,2. Female,26,NA
201060221099e11,3,1. Male,18,NA
130303042318e12,4,1. Male,17,NA
40605071162e12,4,2. Female,3,NA
605010212027e11,6,2. Female,62,NA
130510022326e12,1,2. Female,60,NA
603012312009e11,6,2. Female,3,NA
100502031279e12,2,2. Female,40,NA
603025512111e11,3,1. Male,28,NA
130302072323e12,4,1. Male,8,NA
702100622397e11,7,2. Female,16,NA
901070222664e11,3,2. Female,5,NA
204020321153e11,5,2. Female,8,NA
701080422287e11,4,2. Female,14,NA
201020221125e11,13,1. Male,14,NA
702070122422e11,6,2. Female,6,NA
110301052286e12,8,1. Male,0,NA
120401152311e12,5,2. Female,7,NA
603020612145e11,5,2. Female,0,NA
605010312028e11,1,2. Female,10,NA
110408012287e12,5,1. Male,6,NA
100605012281e12,6,1. Male,1,NA
901030222645e11,8,2. Female,66,NA
301040221375e11,5,1. Male,8,NA
406050921576e11,3,1. Male,3,NA
603025712293e11,8,1. Male,19,NA
901040522656e11,11,2. Female,1,NA
606010111875e11,2,1. Male,19,NA
702020122427e11,5,2. Female,13,NA
406010611588e11,3,2. Female,14,NA
302100321293e11,7,2. Female,34,NA
302100421293e11,3,2. Female,9,NA
603040112139e11,3,2. Female,97,NA
701010522258e11,5,1. Male,8,NA
606070511872e11,6,2. Female,1,NA
60303041197e12,5,1. Male,23,NA
100203032284e12,10,2. Female,25,NA
603013212204e11,6,2. Female,22,NA
603024412265e11,6,1. Male,14,NA
303030221399e11,8,1. Male,7,NA
702040322483e11,7,2. Female,7,NA
602010321848e11,4,2. Female,16,NA
120302031303e12,8,1. Male,19,NA
705070122278e11,6,2. Female,49,NA
120306012301e12,6,2. Female,21,NA
60205071188e12,2,2. Female,30,NA
4031102215e13,10,1. Male,0,NA
703110322305e11,6,1. Male,2,NA
100305022284e12,2,2. Female,37,NA
7.0204012228000004e+22,6,2. Female,7,NA
110301012287e12,4,2. Female,16,NA
803090222588e11,3,1. Male,30,NA
701010322256e11,5,1. Male,8,NA
602042122241e11,5,2. Female,23,NA
803040122605e11,8,1. Male,4,NA
507080221812e11,12,1. Male,15,NA
603023612132e11,7,1. Male,6,NA
701060422388e11,3,2. Female,15,NA
602050412063e11,8,2. Female,19,NA
602050212066e11,4,1. Male,11,NA
606050411913e11,4,1. Male,7,NA
505030311687e11,11,1. Male,1,NA
302030721404e11,4,1. Male,7,NA
130505022317e12,7,2. Female,60,NA
803030722577e11,2,2. Female,35,NA
602041012176e11,3,1. Male,22,NA
903070122648e11,1,1. Male,59,NA
302110421319e11,4,1. Male,9,NA
901050222645e11,4,1. Male,13,NA
11040203229e13,3,2. Female,24,NA
702050122294e11,4,2. Female,0,NA
605060812091e11,4,1. Male,22,NA
606030621943e11,5,2. Female,0,NA
110205012286e12,5,1. Male,16,NA
130302012323e12,5,2. Female,8,NA
406010811587e11,6,1. Male,7,NA
403160121666e11,4,1. Male,12,NA
120201102296e12,3,1. Male,15,NA
203030621175e11,6,2. Female,5,NA
304090421344e11,1,1. Male,52,NA
403080321475e11,4,1. Male,12,NA
703050622415e11,5,1. Male,6,NA
805020522621e11,12,1. Male,0,NA
100105012281e12,20,2. Female,16,NA
204030221184e11,5,1. Male,15,NA
304100121361e11,5,1. Male,12,NA
100304012277e12,3,2. Female,8,NA
406010721586e11,5,2. Female,20,NA
603010911865e11,9,2. Female,14,NA
100105032281e12,6,1. Male,1,NA
505040221778e11,7,2. Female,26,NA
401010421595e11,4,2. Female,35,NA
507030621801e11,7,1. Male,24,NA
902030912692e11,4,2. Female,11,NA
605050311994e11,5,2. Female,14,NA
402020321605e11,3,1. Male,8,NA
605051112057e11,10,2. Female,3,NA
60603042195e12,7,2. Female,3,NA
602030111929e11,8,2. Female,15,NA
603024412129e11,1,1. Male,17,NA
1.0408022104500001e+22,3,2. Female,2,NA
302091011462e11,3,1. Male,23,NA
120307012299e12,2,2. Female,55,NA
120307032302e12,4,2. Female,17,NA
70210021229e12,7,2. Female,12,NA
903060122649e11,11,1. Male,12,NA
302090811307e11,4,2. Female,16,NA
603030512142e11,2,2. Female,20,NA
507080521796e11,4,2. Female,11,NA
130104022314e12,4,1. Male,9,NA
302020321295e11,3,2. Female,17,NA
130508022326e12,5,1. Male,7,NA
100506022278e12,5,1. Male,12,NA
1203021713e14,3,2. Female,7,NA
903030722649e11,2,2. Female,57,NA
120305022296e12,6,2. Female,0,NA
120201202308e12,4,2. Female,8,NA
104010221083e11,5,1. Male,9,NA
110102042292e12,2,2. Female,25,NA
406020221525e11,9,1. Male,0,NA
201010921106e11,4,2. Female,12,NA
302090611463e11,7,2. Female,49,NA
803031412569e11,1,2. Female,40,NA
303040321243e11,7,1. Male,17,NA
702050412295e11,8,2. Female,6,NA
603030912272e11,3,2. Female,22,NA
702100622493e11,2,2. Female,41,NA
11030502229e13,2,2. Female,26,NA
110203032287e12,3,2. Female,70,NA
901070222728e11,3,1. Male,16,NA
203021321171e11,17,2. Female,5,NA
130403012316e12,9,1. Male,75,NA
803032412597e11,3,2. Female,10,NA
102030421008e11,5,2. Female,1,NA
603023011968e11,4,2. Female,17,NA
110103022295e12,4,1. Male,7,NA
606040611951e11,8,1. Male,1,NA
803030622599e11,6,1. Male,13,NA
120302081295e12,8,1. Male,17,NA
602021612187e11,5,2. Female,7,NA
602020711836e11,13,2. Female,26,NA
901080522762e11,6,1. Male,2,NA
802040322492e11,3,2. Female,12,NA
506040321737e11,4,2. Female,14,NA
704010122324e11,4,2. Female,16,NA
201020321124e11,4,1. Male,18,NA
301080221423e11,3,1. Male,15,NA
100301012284e12,3,2. Female,9,NA
402030421654e11,5,2. Female,75,NA
603040412002e11,4,2. Female,6,NA
603013612128e11,6,1. Male,15,NA
10101012108e12,6,1. Male,14,NA
605051321992e11,9,2. Female,23,NA
603024812128e11,1,1. Male,44,NA
901090422715e11,13,2. Female,74,NA
40605032162e12,2,2. Female,31,NA
802090522551e11,2,2. Female,46,NA
100602022282e12,4,2. Female,5,NA
903060722722e11,5,1. Male,10,NA
120103082304e12,3,1. Male,16,NA
703040122413e11,7,1. Male,10,NA
605060312016e11,13,1. Male,2,NA
606070511872e11,6,1. Male,31,NA
602022821939e11,9,1. Male,3,NA
406010411538e11,11,1. Male,13,NA
603024512252e11,2,2. Female,35,NA
602030111928e11,9,2. Female,0,NA
101100921016e11,2,2. Female,52,NA
100504022278e12,10,2. Female,3,NA
702061412338e11,4,2. Female,0,NA
903030822649e11,7,1. Male,15,NA
401040321611e11,7,1. Male,14,NA
70206032233e12,5,2. Female,16,NA
701070222446e11,3,1. Male,12,NA
101090721037e11,3,2. Female,17,NA
505051021748e11,3,2. Female,31,NA
601020221829e11,5,2. Female,9,NA
120302161303e12,3,1. Male,12,NA
802010222623e11,3,2. Female,18,NA
702070122425e11,10,2. Female,3,NA
602020612075e11,3,2. Female,23,NA
603024911977e11,4,1. Male,19,NA
606070912121e11,2,2. Female,5,NA
802070322627e11,4,1. Male,15,NA
803070222583e11,4,2. Female,13,NA
704020622319e11,3,1. Male,16,NA
703100322352e11,7,1. Male,15,NA
603021812232e11,7,2. Female,5,NA
702100512291e11,3,1. Male,6,NA
702030322344e11,15,1. Male,5,NA
903010422693e11,2,2. Female,68,NA
603020512009e11,8,1. Male,15,NA
705020322271e11,2,2. Female,36,NA
603012811885e11,5,2. Female,19,NA
406070221585e11,6,2. Female,4,NA
20103022112e12,9,2. Female,24,NA
110302042293e12,4,1. Male,15,NA
90305042272e12,4,1. Male,95,NA
406070321583e11,4,1. Male,12,NA
604010122098e11,6,2. Female,9,NA
120302201298e12,5,1. Male,19,NA
130202022319e12,2,2. Female,68,NA
204090321189e11,5,2. Female,18,NA
901090422655e11,5,2. Female,10,NA
603022712235e11,6,2. Female,8,NA
605060311961e11,4,2. Female,3,NA
302100421241e11,3,2. Female,17,NA
301030121411e11,4,1. Male,16,NA
902060122631e11,4,2. Female,8,NA
604020121825e11,6,1. Male,8,NA
201010511093e11,4,1. Male,15,NA
10407012103e12,2,2. Female,51,NA
602041611917e11,9,1. Male,2,NA
130504012328e12,7,2. Female,8,NA
702061312335e11,5,1. Male,9,NA
100305032281e12,10,1. Male,4,NA
605050512058e11,2,2. Female,50,NA
701040222253e11,2,1. Male,12,NA
602020512185e11,5,1. Male,15,NA
606010111947e11,2,2. Female,31,NA
302100421291e11,3,2. Female,16,NA
302090811222e11,6,2. Female,3,NA
120304022297e12,3,2. Female,4,NA
901080122665e11,5,1. Male,18,NA
60605031191e12,6,2. Female,11,NA
606040212114e11,11,2. Female,3,NA
110203032287e12,3,2. Female,28,NA
120302242303e12,6,2. Female,10,NA
602020812181e11,8,1. Male,13,NA
60603042195e12,4,1. Male,17,NA
130509042324e12,6,2. Female,35,NA
603023411888e11,7,2. Female,21,NA
606030421948e11,7,2. Female,16,NA
101010321062e11,8,2. Female,18,NA
305070321332e11,2,2. Female,62,NA
507080121813e11,11,2. Female,76,NA
403070221476e11,2,2. Female,63,NA
403120321665e11,3,1. Male,11,NA
602040312177e11,6,2. Female,20,NA
606040312118e11,12,1. Male,0,NA
302090121466e11,4,1. Male,17,NA
702061112332e11,4,1. Male,16,NA
110302052286e12,2,1. Male,7,NA
602040712215e11,2,2. Female,49,NA
606040111954e11,10,1. Male,8,NA
104080221086e11,7,1. Male,2,NA
120302091298e12,8,1. Male,18,NA
80205012249e12,11,1. Male,2,NA
110305142293e12,7,1. Male,8,NA
606030421943e11,8,2. Female,14,NA
406050821555e11,6,2. Female,33,NA
603011511859e11,6,2. Female,30,NA
603022512156e11,6,1. Male,15,NA
304040321347e11,3,2. Female,25,NA
502030221726e11,4,1. Male,7,NA
602050112061e11,8,1. Male,18,NA
605060612089e11,10,1. Male,3,NA
80205012249e12,11,1. Male,12,NA
101050121075e11,5,2. Female,1,NA
803031112598e11,7,1. Male,0,NA
602021012181e11,4,1. Male,6,NA
603014211857e11,4,2. Female,17,NA
101110221081e11,3,2. Female,0,NA
201010611115e11,5,1. Male,13,NA
101090321043e11,7,2. Female,12,NA
603012611863e11,1,2. Female,70,NA
505010921754e11,3,2. Female,12,NA
110103032291e12,3,2. Female,17,NA
90205042274e12,4,1. Male,16,NA
702061312333e11,2,2. Female,65,NA
903050322721e11,4,2. Female,8,NA
10109022104e12,4,2. Female,25,NA
803010522607e11,9,2. Female,3,NA
120401172312e12,4,2. Female,11,NA
705070122278e11,3,2. Female,20,NA
406040321579e11,4,1. Male,3,NA
602050412064e11,2,2. Female,39,NA
606040612108e11,7,2. Female,1,NA
802090522533e11,14,1. Male,24,NA
606020211945e11,1,1. Male,34,NA
130508022328e12,10,2. Female,9,NA
20104032111e12,4,1. Male,10,NA
901090422712e11,7,1. Male,12,NA
130104022314e12,6,2. Female,11,NA
302090411307e11,6,1. Male,18,NA
1203031123e14,5,2. Female,9,NA
702040122278e11,5,2. Female,9,NA
504030621721e11,4,2. Female,20,NA
703030422348e11,4,1. Male,18,NA
304060321387e11,3,2. Female,13,NA
10020201228e13,7,2. Female,13,NA
304150121348e11,3,1. Male,16,NA
403160121669e11,2,2. Female,18,NA
120203092308e12,6,2. Female,6,NA
702100112259e11,6,1. Male,14,NA
803090222588e11,4,1. Male,13,NA
506040321737e11,6,2. Female,17,NA
130508032326e12,5,2. Female,14,NA
90203051268e12,8,1. Male,12,NA
901040522658e11,4,2. Female,0,NA
201020121104e11,4,1. Male,8,NA
104020421047e11,2,2. Female,17,NA
120302011298e12,3,2. Female,7,NA
40605032162e12,4,1. Male,12,NA
603023011979e11,4,2. Female,13,NA
130303062324e12,4,2. Female,10,NA
130301062318e12,4,2. Female,9,NA
100503012279e12,3,2. Female,8,NA
70307022235e12,6,2. Female,12,NA
704010422263e11,7,1. Male,8,NA
603013722135e11,4,1. Male,45,NA
403120121663e11,3,1. Male,14,NA
601020221906e11,5,1. Male,3,NA
704080622323e11,3,2. Female,1,NA
70313042236e12,2,2. Female,45,NA
201060221099e11,8,2. Female,1,NA
130204032321e12,2,1. Male,17,NA
902030222753e11,1,2. Female,49,NA
130504012328e12,4,2. Female,12,NA
102030421008e11,4,2. Female,19,NA
60302311228e12,4,2. Female,11,NA
504030621743e11,2,2. Female,35,NA
110203032287e12,6,1. Male,4,NA
120308082311e12,3,1. Male,9,NA
60302111187e12,4,1. Male,21,NA
702100722269e11,4,2. Female,10,NA
702070322423e11,2,2. Female,20,NA
130502072326e12,7,2. Female,2,NA
304080421352e11,5,2. Female,7,NA
304060321394e11,7,2. Female,5,NA
603025712249e11,2,1. Male,25,NA
60301021229e12,2,1. Male,20,NA
901050322732e11,2,2. Female,54,NA
403100421508e11,7,1. Male,11,NA
90206042269e12,6,2. Female,65,NA
100203032284e12,2,1. Male,2,NA
201010611116e11,9,1. Male,0,NA
801020122535e11,8,2. Female,11,NA
704020322321e11,5,2. Female,10,NA
802070322503e11,4,1. Male,8,NA
102030321026e11,6,2. Female,22,NA
100102032282e12,5,2. Female,10,NA
802020222586e11,4,2. Female,5,NA
120302061303e12,5,2. Female,2,NA
100601022284e12,9,1. Male,5,NA
120104042306e12,8,1. Male,5,NA
403040421473e11,5,1. Male,11,NA
603023611957e11,3,2. Female,3,NA
202020121134e11,4,1. Male,2,NA
603020712166e11,2,2. Female,28,NA
302110221319e11,2,2. Female,55,NA
702100312293e11,6,2. Female,16,NA
202011121138e11,2,2. Female,64,NA
301050221422e11,8,2. Female,10,NA
605051321992e11,5,1. Male,43,NA
604020121826e11,3,2. Female,31,NA
702030322344e11,4,2. Female,17,NA
120201132307e12,4,1. Male,20,NA
101100421041e11,3,1. Male,4,NA
304120221356e11,4,1. Male,14,NA
110201032286e12,4,2. Female,0,NA
30605042121e12,5,2. Female,6,NA
120102082305e12,3,2. Female,12,NA
603011311982e11,6,1. Male,13,NA
403040221471e11,3,1. Male,8,NA
201020521123e11,7,2. Female,6,NA
100105032281e12,4,1. Male,5,NA
803040322603e11,4,2. Female,38,NA
504030521724e11,6,2. Female,0,NA
120302171304e12,7,1. Male,11,NA
603023612279e11,8,1. Male,6,NA
203021221149e11,3,2. Female,13,NA
130406012316e12,1,2. Female,37,NA
11040202229e13,7,1. Male,6,NA
100506032279e12,7,1. Male,14,NA
603020612004e11,2,2. Female,17,NA
602021111918e11,2,1. Male,21,NA
701010422258e11,6,1. Male,4,NA
701010422257e11,3,1. Male,21,NA
402010921598e11,5,2. Female,67,NA
101090421043e11,5,2. Female,13,NA
50601032169e12,4,1. Male,13,NA
10106022107e12,2,2. Female,17,NA
505040121782e11,2,2. Female,28,NA
603021412052e11,2,2. Female,46,NA
602040712214e11,7,1. Male,2,NA
204010421161e11,6,1. Male,2,NA
702100512293e11,9,1. Male,6,NA
801040422524e11,4,1. Male,15,NA
902060522679e11,3,2. Female,12,NA
302040121234e11,4,1. Male,11,NA
704021322317e11,4,1. Male,9,NA
70204042234e12,7,2. Female,12,NA
603021812167e11,4,1. Male,2,NA
703050822299e11,4,1. Male,26,NA
201050121155e11,5,1. Male,9,NA
100302032277e12,5,1. Male,12,NA
130503111324e12,3,2. Female,0,NA
603013212181e11,2,2. Female,65,NA
603023011823e11,5,2. Female,23,NA
110411022286e12,6,2. Female,6,NA
302100421291e11,2,2. Female,41,NA
507060321682e11,5,2. Female,8,NA
603011711896e11,3,2. Female,15,NA
602022711934e11,12,2. Female,27,NA
702061412334e11,5,1. Male,12,NA
201050121155e11,3,1. Male,23,NA
702030122344e11,5,2. Female,11,NA
603010312263e11,4,2. Female,1,NA
70504022227e12,8,1. Male,12,NA
602020812182e11,8,1. Male,7,NA
902060222738e11,5,1. Male,9,NA
303030221301e11,14,2. Female,11,NA
204080521185e11,1,2. Female,75,NA
101090721037e11,5,1. Male,12,NA
701060322389e11,4,2. Female,11,NA
903060122745e11,3,1. Male,12,NA
802080122498e11,4,1. Male,11,NA
405070421527e11,4,1. Male,0,NA
803031412567e11,2,2. Female,42,NA
603024912125e11,5,1. Male,16,NA
100301032283e12,6,2. Female,16,NA
702060422484e11,6,1. Male,14,NA
404060321557e11,4,1. Male,15,NA
305040221279e11,7,1. Male,0,NA
602060611879e11,11,1. Male,26,NA
703030322359e11,5,1. Male,11,NA
701020422283e11,5,1. Male,77,NA
60204121192e12,5,1. Male,15,NA
704020822318e11,7,2. Female,77,NA
402020221659e11,6,2. Female,23,NA
120302011298e12,3,1. Male,19,NA
605060311961e11,4,1. Male,16,NA
803032412596e11,5,2. Female,8,NA
303040621396e11,5,2. Female,80,NA
404080221643e11,6,2. Female,75,NA
606060112076e11,4,1. Male,14,NA
802090522534e11,5,1. Male,2,NA
702040122386e11,2,2. Female,24,NA
50601052174e12,3,1. Male,2,NA
603025712249e11,4,1. Male,21,NA
703090422357e11,3,2. Female,15,NA
603022012265e11,10,1. Male,1,NA
101110921067e11,5,1. Male,8,NA
703100522352e11,3,2. Female,5,NA
203030121147e11,7,2. Female,5,NA
110306061285e12,7,1. Male,1,NA
505030711788e11,6,1. Male,7,NA
302030421454e11,3,2. Female,6,NA
403120121663e11,2,2. Female,55,NA
505031921714e11,6,2. Female,8,NA
903070322648e11,3,1. Male,25,NA
110105012291e12,4,1. Male,29,NA
701080422289e11,8,2. Female,65,NA
601010321905e11,3,2. Female,10,NA
40406032164e12,4,1. Male,7,NA
702061412334e11,3,2. Female,12,NA
802030522624e11,3,1. Male,0,NA
603013211956e11,5,2. Female,12,NA
702050122297e11,10,2. Female,2,NA
603030811887e11,2,2. Female,16,NA
203020121147e11,5,1. Male,1,NA
603026512152e11,5,1. Male,18,NA
602042021848e11,6,1. Male,7,NA
130403022317e12,2,2. Female,34,NA
30206012146e12,1,2. Female,71,NA
1.2040109231100001e+23,2,2. Female,18,NA
103010221007e11,7,2. Female,8,NA
901040322668e11,3,1. Male,9,NA
102040321011e11,5,1. Male,4,NA
110301012288e12,4,2. Female,3,NA
901030422639e11,4,1. Male,37,NA
802080122497e11,1,1. Male,18,NA
603021112189e11,3,1. Male,25,NA
204050221202e11,4,2. Female,1,NA
13020402232e13,7,1. Male,8,NA
704070122382e11,5,1. Male,13,NA
605010212025e11,6,1. Male,8,NA
40204032161e12,6,2. Female,2,NA
406030711573e11,3,2. Female,34,NA
604010422093e11,7,1. Male,17,NA
405020221535e11,2,2. Female,40,NA
303080321396e11,4,2. Female,2,NA
130503021324e12,6,2. Female,6,NA
130302082323e12,6,2. Female,15,NA
120302181297e12,3,1. Male,3,NA
902040122683e11,6,1. Male,19,NA
804010222543e11,3,1. Male,9,NA
40313012149e12,5,1. Male,7,NA
40307012154e12,6,1. Male,7,NA
801010222515e11,7,2. Female,3,NA
701020322285e11,5,2. Female,2,NA
130104022315e12,4,2. Female,5,NA
302070121314e11,2,2. Female,33,NA
120201212308e12,4,2. Female,7,NA
101110521068e11,3,1. Male,13,NA
701010122254e11,5,1. Male,1,NA
110409022287e12,3,1. Male,22,NA
602020612075e11,6,1. Male,19,NA
705040222267e11,4,1. Male,4,NA
101100921033e11,5,1. Male,18,NA
606060412083e11,3,2. Female,12,NA
603024912166e11,8,2. Female,16,NA
503040421685e11,9,1. Male,0,NA
120103072304e12,4,2. Female,9,NA
603021312228e11,7,2. Female,2,NA
703040522489e11,9,1. Male,1,NA
130504012326e12,4,1. Male,2,NA
202011021104e11,3,1. Male,11,NA
101090121044e11,8,1. Male,12,NA
702061212331e11,8,2. Female,3,NA
203020821166e11,9,2. Female,1,NA
130209012319e12,7,1. Male,2,NA
703040522437e11,7,1. Male,3,NA
603026512153e11,8,2. Female,1,NA
603022212138e11,12,1. Male,12,NA
130202012319e12,2,2. Female,52,NA
202010721129e11,4,1. Male,21,NA
130102062312e12,7,2. Female,18,NA
120302081303e12,2,1. Male,68,NA
605050812005e11,11,2. Female,0,NA
13020702232e13,2,1. Male,15,NA
110306121289e12,7,1. Male,2,NA
802030322505e11,2,2. Female,34,NA
704010422325e11,4,1. Male,12,NA
901050322757e11,10,2. Female,18,NA
803030812577e11,6,1. Male,18,NA
100504032278e12,4,1. Male,12,NA
602021212074e11,3,1. Male,33,NA
603031212036e11,3,2. Female,3,NA
401010421595e11,2,2. Female,43,NA
402050121657e11,4,1. Male,11,NA
405060321513e11,2,2. Female,46,NA
804050322511e11,8,2. Female,2,NA
603010312054e11,2,2. Female,32,NA
903010322707e11,6,2. Female,5,NA
605051112057e11,2,1. Male,32,NA
8020205226e13,3,1. Male,5,NA
903050322719e11,4,1. Male,19,NA
703040322482e11,9,2. Female,6,NA
801050322532e11,3,1. Male,7,NA
603023512241e11,5,1. Male,18,NA
403150321509e11,3,1. Male,34,NA
603021012203e11,3,2. Female,3,NA
603025512019e11,5,1. Male,21,NA
803060422555e11,6,1. Male,6,NA
603022311895e11,5,2. Female,13,NA
902030322661e11,11,2. Female,4,NA
802100322492e11,2,2. Female,51,NA
306050321212e11,2,2. Female,49,NA
120302282298e12,5,1. Male,7,NA
605051522044e11,4,2. Female,5,NA
803030522597e11,1,2. Female,65,NA
605050112047e11,6,1. Male,9,NA
12040203231e13,4,2. Female,9,NA
120203072308e12,3,2. Female,15,NA
100203032284e12,9,2. Female,4,NA
603011311978e11,3,2. Female,2,NA
13020505232e13,4,2. Female,9,NA
13050306133e13,4,2. Female,18,NA
110306081295e12,3,1. Male,1,NA
130503101329e12,5,2. Female,4,NA
602041721844e11,7,1. Male,9,NA
902030512635e11,8,1. Male,5,NA
10110022105e12,5,2. Female,18,NA
702100922452e11,10,1. Male,23,NA
603023311889e11,3,1. Male,13,NA
204090221188e11,7,2. Female,7,NA
603013212188e11,5,2. Female,9,NA
110408022287e12,3,2. Female,19,NA
204030421152e11,11,2. Female,1,NA
130502062329e12,3,1. Male,16,NA
702070622483e11,4,1. Male,28,NA
606010411948e11,2,2. Female,24,NA
701070222446e11,3,2. Female,15,NA
130402012315e12,6,2. Female,2,NA
120306042298e12,2,2. Female,40,NA
505040521777e11,2,2. Female,40,NA
201020121126e11,4,2. Female,4,NA
402010221544e11,8,1. Male,69,NA
603020112248e11,7,1. Male,19,NA
602021012184e11,4,2. Female,8,NA
406020611518e11,2,2. Female,34,NA
704060222472e11,3,2. Female,23,NA
306040121456e11,3,1. Male,13,NA
605020512015e11,3,1. Male,25,NA
602010321848e11,2,1. Male,18,NA
702060822269e11,2,2. Female,47,NA
70204052227e12,5,2. Female,2,NA
120202042309e12,4,2. Female,8,NA
306030421449e11,3,2. Female,21,NA
60506031196e12,5,2. Female,21,NA
120303052303e12,6,2. Female,15,NA
605050412039e11,2,2. Female,25,NA
704030522462e11,6,1. Male,5,NA
603014112233e11,10,2. Female,20,NA
705090322451e11,4,1. Male,24,NA
702030522346e11,2,2. Female,50,NA
60302381213e12,9,2. Female,17,NA
130404022316e12,3,2. Female,4,NA
705030122483e11,2,2. Female,11,NA
703130822477e11,2,1. Male,16,NA
101100511064e11,4,1. Male,7,NA
70304062241e12,4,1. Male,4,NA
704060522377e11,6,2. Female,12,NA
603021412009e11,4,1. Male,8,NA
606050411912e11,15,1. Male,21,NA
406050611629e11,4,2. Female,19,NA
402010321543e11,10,2. Female,1,NA
12040113231e13,5,2. Female,8,NA
902030322755e11,5,2. Female,7,NA
302100221237e11,9,2. Female,39,NA
100203042283e12,4,2. Female,98,NA
803040322603e11,3,1. Male,9,NA
60203071222e12,7,1. Male,0,NA
603023311889e11,7,1. Male,29,NA
4010108216e13,8,2. Female,3,NA
605050112048e11,16,1. Male,6,NA
702030422342e11,12,1. Male,5,NA
803080422559e11,3,1. Male,17,NA
30414012139e12,6,2. Female,8,NA
604020222092e11,3,2. Female,12,NA
901030322638e11,2,2. Female,18,NA
40602012152e12,7,1. Male,1,NA
602010221849e11,5,2. Female,14,NA
703050622358e11,7,1. Male,8,NA
704040122472e11,6,1. Male,14,NA
603030712268e11,6,1. Male,13,NA
401040321611e11,5,2. Female,8,NA
602030812221e11,4,1. Male,4,NA
302060121458e11,3,1. Male,13,NA
703080222263e11,8,1. Male,2,NA
20407012118e12,7,1. Male,9,NA
120301042295e12,4,1. Male,9,NA
90301012267e12,8,2. Female,4,NA
902030912735e11,3,1. Male,23,NA
704021322315e11,4,1. Male,8,NA
120201212308e12,3,1. Male,5,NA
605050211995e11,10,1. Male,14,NA
403080221474e11,6,1. Male,3,NA
130102062312e12,2,2. Female,28,NA
130304072313e12,7,1. Male,5,NA
10104042106e12,3,1. Male,29,NA
603014211857e11,1,1. Male,40,NA
705030322454e11,4,1. Male,13,NA
603030411969e11,3,1. Male,21,NA
805020322613e11,3,2. Female,24,NA
703120122415e11,2,2. Female,42,NA
602041412207e11,3,2. Female,21,NA
605050612046e11,1,2. Female,43,NA
603021012203e11,9,1. Male,20,NA
805010422619e11,3,2. Female,3,NA
40104012161e12,5,1. Male,7,NA
604020222093e11,6,2. Female,10,NA
120201192308e12,5,2. Female,7,NA
406020221525e11,2,2. Female,31,NA
130509062329e12,3,1. Male,14,NA
701090222479e11,4,1. Male,14,NA
130101022313e12,4,2. Female,8,NA
130510022326e12,3,1. Male,20,NA
130509072329e12,1,1. Male,40,NA
603013112191e11,11,1. Male,25,NA
603023612051e11,1,1. Male,27,NA
100506012278e12,6,1. Male,14,NA
130101012313e12,3,1. Male,10,NA
702010322421e11,5,1. Male,4,NA
703040522443e11,2,2. Female,44,NA
603024012009e11,6,1. Male,19,NA
803100322572e11,3,2. Female,8,NA
303060221242e11,11,2. Female,8,NA
602020512185e11,3,2. Female,15,NA
30109022141e12,6,1. Male,19,NA
505050921745e11,4,1. Male,1,NA
602060611877e11,2,2. Female,40,NA
602041211924e11,1,1. Male,68,NA
903070422674e11,4,2. Female,72,NA
902060222738e11,12,1. Male,3,NA
702070122424e11,3,1. Male,21,NA
110204012285e12,3,2. Female,13,NA
504030421763e11,4,2. Female,44,NA
203021021163e11,1,2. Female,75,NA
704030522463e11,5,2. Female,12,NA
130406012316e12,7,1. Male,16,NA
603011311978e11,9,1. Male,11,NA
603013722128e11,4,2. Female,6,NA
603024512111e11,6,2. Female,7,NA
120103102304e12,3,1. Male,28,NA
100204022284e12,5,2. Female,13,NA
100305062276e12,6,1. Male,65,NA
301090321415e11,3,1. Male,9,NA
204070221181e11,5,2. Female,10,NA
100101032282e12,4,1. Male,13,NA
602041511921e11,4,2. Female,21,NA
8.0404022254400008e+22,4,1. Male,11,NA
120302071298e12,4,2. Female,21,NA
703020722349e11,4,1. Male,32,NA
110301012288e12,3,1. Male,6,NA
104030321046e11,4,1. Male,5,NA
202020721132e11,4,2. Female,29,NA
603040112139e11,3,1. Male,24,NA
602050312062e11,8,2. Female,26,NA
603025512194e11,6,1. Male,1,NA
110303062287e12,2,2. Female,42,NA
60302571225e12,5,2. Female,6,NA
100503042279e12,2,2. Female,50,NA
602021711842e11,4,1. Male,8,NA
110301062291e12,4,2. Female,26,NA
304080221358e11,2,1. Male,7,NA
901050422757e11,3,2. Female,19,NA
10201012101e12,8,1. Male,8,NA
901050222645e11,4,2. Female,13,NA
305070221332e11,9,2. Female,2,NA
402050421649e11,2,2. Female,26,NA
603040212152e11,3,1. Male,13,NA
201020221125e11,4,2. Female,10,NA
902050222752e11,3,1. Male,10,NA
702070122425e11,4,1. Male,13,NA
701080122287e11,4,2. Female,5,NA
101110421063e11,3,1. Male,12,NA
100101032282e12,7,2. Female,14,NA
120302201298e12,3,2. Female,12,NA
901050322715e11,5,2. Female,18,NA
704030122459e11,4,2. Female,9,NA
804010222543e11,4,1. Male,12,NA
104010521032e11,1,2. Female,35,NA
802040122629e11,7,1. Male,8,NA
60302211197e12,6,2. Female,11,NA
302040521287e11,3,2. Female,19,NA
130501012329e12,3,1. Male,16,NA
702100112259e11,11,1. Male,15,NA
704040222472e11,6,1. Male,16,NA
203021021164e11,2,2. Female,23,NA
30604032145e12,4,2. Female,13,NA
606060112077e11,4,1. Male,16,NA
302110121235e11,7,1. Male,2,NA
120105042305e12,5,1. Male,10,NA
70201042237e12,2,2. Female,28,NA
605060412086e11,5,2. Female,16,NA
602021311938e11,7,1. Male,26,NA
304040121356e11,4,2. Female,15,NA
505031711714e11,2,2. Female,33,NA
801040422524e11,4,1. Male,10,NA
302090611463e11,12,2. Female,17,NA
101070221068e11,5,1. Male,11,NA
602021711842e11,9,1. Male,18,NA
202020621142e11,6,1. Male,6,NA
802070322503e11,5,2. Female,7,NA
605050112047e11,9,1. Male,20,NA
102020121028e11,5,1. Male,16,NA
70307022235e12,4,2. Female,8,NA
80209052263e12,10,1. Male,11,NA
703020722349e11,9,2. Female,11,NA
403140221484e11,6,1. Male,0,NA
302110421321e11,9,2. Female,9,NA
6040105221e13,2,2. Female,11,NA
903060722722e11,2,2. Female,42,NA
100503012279e12,1,1. Male,75,NA
603021612154e11,8,2. Female,18,NA
605060512091e11,8,2. Female,24,NA
505030711788e11,7,1. Male,11,NA
304060221388e11,8,2. Female,1,NA
101090421043e11,7,2. Female,12,NA
602050112062e11,4,2. Female,14,NA
302100221237e11,7,1. Male,9,NA
70111022239e12,2,2. Female,63,NA
803031012598e11,8,1. Male,13,NA
130301022323e12,3,1. Male,11,NA
705060122458e11,4,1. Male,15,NA
605020412014e11,11,2. Female,0,NA
101040221071e11,9,1. Male,65,NA
406050321559e11,2,2. Female,43,NA
70204012245e12,3,1. Male,11,NA
702100212292e11,16,1. Male,3,NA
903030622697e11,2,2. Female,28,NA
603010611861e11,4,2. Female,24,NA
130303042325e12,6,1. Male,21,NA
703020722402e11,6,2. Female,19,NA
701060422389e11,7,2. Female,6,NA
603023611869e11,7,2. Female,3,NA
110102052292e12,8,1. Male,15,NA
100304022277e12,6,1. Male,7,NA
504010221742e11,6,1. Male,14,NA
605050112047e11,7,1. Male,3,NA
120303032296e12,5,2. Female,2,NA
603025611853e11,6,2. Female,17,NA
603040112152e11,7,1. Male,4,NA
901050322718e11,8,2. Female,0,NA
120306012301e12,5,1. Male,9,NA
120306082296e12,3,1. Male,1,NA
701060322387e11,2,2. Female,26,NA
701080222288e11,6,1. Male,11,NA
402020321605e11,2,2. Female,51,NA
801010322515e11,4,2. Female,7,NA
505010921753e11,3,1. Male,12,NA
606070211949e11,11,1. Male,50,NA
805020122612e11,3,1. Male,13,NA
80209062263e12,1,1. Male,50,NA
130503091325e12,4,2. Female,5,NA
303080721272e11,4,2. Female,5,NA
100506032279e12,3,1. Male,22,NA
601030121834e11,3,2. Female,16,NA
50502082177e12,8,2. Female,81,NA
702060922331e11,8,1. Male,5,NA
30211022132e12,11,2. Female,2,NA
110102032292e12,4,1. Male,7,NA
506020221689e11,3,2. Female,20,NA
606030621942e11,3,1. Male,5,NA
602050512063e11,5,2. Female,60,NA
204070221181e11,9,2. Female,0,NA
802080322496e11,4,1. Male,3,NA
306050421443e11,8,2. Female,10,NA
507030421797e11,4,2. Female,19,NA
603012111902e11,3,2. Female,5,NA
901070222729e11,6,2. Female,7,NA
603025611854e11,4,2. Female,20,NA
130203012319e12,4,1. Male,9,NA
100202012284e12,2,2. Female,72,NA
603024012054e11,5,2. Female,20,NA
702060322454e11,2,2. Female,33,NA
603021412255e11,8,2. Female,20,NA
602022921837e11,5,2. Female,1,NA
11040201229e13,4,1. Male,3,NA
302010711312e11,3,2. Female,16,NA
602021711843e11,3,2. Female,12,NA
303070121478e11,7,1. Male,3,NA
605010212027e11,7,1. Male,4,NA
602041511921e11,5,1. Male,15,NA
110403022294e12,3,1. Male,29,NA
704080522326e11,4,2. Female,9,NA
130101022313e12,9,2. Female,20,NA
803060122554e11,6,2. Female,9,NA
901040222657e11,4,2. Female,4,NA
603014212201e11,5,1. Male,26,NA
130301032323e12,2,2. Female,29,NA
606040212118e11,4,2. Female,19,NA
506010521742e11,6,2. Female,9,NA
104030221016e11,10,1. Male,63,NA
606070511872e11,1,1. Male,26,NA
70313032236e12,15,2. Female,22,NA
101060221018e11,3,2. Female,14,NA
204030321184e11,3,1. Male,27,NA
302060421293e11,3,2. Female,22,NA
10020304228e13,3,1. Male,25,NA
301090321432e11,2,2. Female,26,NA
11030512229e13,7,1. Male,11,NA
10401012108e12,3,2. Female,32,NA
13050303133e13,2,2. Female,10,NA
603021112189e11,5,1. Male,6,NA
8.0301042260800008e+22,4,2. Female,11,NA
100102012282e12,5,1. Male,25,NA
606030321943e11,7,1. Male,8,NA
100502021279e12,3,2. Female,5,NA
80303072258e12,3,2. Female,39,NA
606070711874e11,3,2. Female,62,NA
606070512081e11,11,2. Female,9,NA
603026212261e11,5,2. Female,3,NA
603030512144e11,3,1. Male,8,NA
901040122656e11,4,2. Female,0,NA
901070122637e11,11,1. Male,16,NA
605010112024e11,3,1. Male,14,NA
406040321579e11,7,2. Female,3,NA
603022012233e11,6,2. Female,25,NA
605060712085e11,4,1. Male,23,NA
130403022317e12,6,1. Male,2,NA
101010121081e11,10,2. Female,5,NA
10020304228e13,5,2. Female,5,NA
70304012241e12,3,2. Female,68,NA
103040321055e11,5,2. Female,18,NA
30110012143e12,4,1. Male,9,NA
100403012281e12,3,1. Male,8,NA
602022411823e11,3,1. Male,11,NA
120305032296e12,5,1. Male,3,NA
30211022132e12,1,1. Male,30,NA
603030212256e11,2,2. Female,20,NA
602050112061e11,5,2. Female,0,NA
507050621814e11,10,1. Male,9,NA
203020821165e11,8,1. Male,0,NA
603024912193e11,2,2. Female,39,NA
50501082179e12,5,2. Female,8,NA
603030412148e11,2,2. Female,31,NA
602021612187e11,6,1. Male,23,NA
601030321834e11,8,2. Female,4,NA
10020305228e13,5,2. Female,11,NA
605060212087e11,3,2. Female,20,NA
302050321283e11,2,2. Female,52,NA
100503022279e12,4,1. Male,5,NA
304120221356e11,3,1. Male,7,NA
201020121126e11,1,1. Male,50,NA
305070521229e11,3,1. Male,20,NA
110302052286e12,8,1. Male,6,NA
603011612133e11,2,2. Female,52,NA
901030322717e11,10,2. Female,28,NA
110205012286e12,4,1. Male,13,NA
130503021327e12,7,1. Male,28,NA
603014012264e11,4,1. Male,5,NA
101090321043e11,6,2. Female,15,NA
703110222304e11,5,1. Male,4,NA
901080122665e11,6,2. Female,17,NA
704021122317e11,4,2. Female,4,NA
702090322342e11,6,2. Female,5,NA
602030411929e11,3,2. Female,16,NA
110305142293e12,5,1. Male,6,NA
602030611931e11,6,1. Male,19,NA
302090321409e11,3,2. Female,9,NA
11040202229e13,6,1. Male,3,NA
204060321192e11,6,2. Female,6,NA
302091111482e11,2,1. Male,20,NA
801030222534e11,3,1. Male,16,NA
606070912103e11,4,1. Male,24,NA
204010221207e11,5,1. Male,20,NA
801060222519e11,4,2. Female,15,NA
101110321032e11,7,1. Male,10,NA
110104012291e12,5,1. Male,14,NA
703050322277e11,3,2. Female,18,NA
110401012294e12,6,1. Male,8,NA
903070422754e11,3,2. Female,21,NA
6030201119e13,5,2. Female,15,NA
30403022138e12,4,2. Female,0,NA
901030322716e11,1,2. Female,65,NA
901050222646e11,3,1. Male,8,NA
504020321707e11,1,1. Male,48,NA
302090411331e11,5,2. Female,9,NA
406010521588e11,7,2. Female,21,NA
505032021713e11,4,1. Male,9,NA
902030512635e11,14,2. Female,9,NA
302091111406e11,7,1. Male,21,NA
504040121731e11,7,2. Female,3,NA
705050122442e11,3,1. Male,4,NA
110204012285e12,5,2. Female,4,NA
502010321723e11,5,2. Female,20,NA
130306022322e12,4,1. Male,7,NA
302080221215e11,6,1. Male,5,NA
404060521641e11,3,2. Female,23,NA
12040205231e13,5,2. Female,12,NA
130102052313e12,7,2. Female,0,NA
404010121518e11,8,2. Female,9,NA
110302042293e12,9,2. Female,66,NA
101070321052e11,9,1. Male,4,NA
306030221452e11,5,1. Male,15,NA
3030604214e13,2,2. Female,57,NA
1203030223e14,2,1. Male,18,NA
120103042304e12,3,2. Female,11,NA
102010321012e11,12,1. Male,1,NA
120307032302e12,3,1. Male,19,NA
505030911717e11,8,2. Female,14,NA
803032212581e11,10,2. Female,2,NA
505020421772e11,4,1. Male,16,NA
10050205228e13,3,2. Female,23,NA
802030122492e11,8,1. Male,4,NA
603010611881e11,9,2. Female,18,NA
60302581226e12,9,1. Male,16,NA
20409032119e12,5,1. Male,6,NA
507080521796e11,6,2. Female,5,NA
901090322654e11,7,1. Male,0,NA
404060121516e11,8,2. Female,8,NA
204010921205e11,7,2. Female,22,NA
602050512066e11,2,2. Female,26,NA
602030911928e11,8,1. Male,20,NA
70401032237e12,5,2. Female,30,NA
100506062282e12,4,1. Male,15,NA
130404022316e12,4,1. Male,14,NA
602021112073e11,3,1. Male,13,NA
306010521448e11,3,2. Female,9,NA
203021121164e11,1,1. Male,40,NA
603011612133e11,1,1. Male,29,NA
70201052242e12,5,2. Female,31,NA
120202012309e12,4,2. Female,2,NA
104010621031e11,3,1. Male,9,NA
604010122097e11,7,1. Male,4,NA
704060522378e11,5,1. Male,12,NA
402060321605e11,5,1. Male,11,NA
401030121623e11,2,2. Female,35,NA
104010521032e11,4,1. Male,9,NA
305040221278e11,8,1. Male,7,NA
902020322684e11,3,2. Female,2,NA
120105022304e12,5,2. Female,10,NA
4010108216e13,10,2. Female,21,NA
902030512689e11,8,2. Female,5,NA
602050212064e11,6,1. Male,23,NA
110303062288e12,6,2. Female,8,NA
507080321684e11,8,2. Female,13,NA
603024012147e11,4,2. Female,13,NA
903020422753e11,9,1. Male,30,NA
805010422619e11,7,1. Male,6,NA
603024411855e11,8,1. Male,40,NA
130204032321e12,4,2. Female,6,NA
803031512567e11,2,1. Male,17,NA
203030521176e11,5,1. Male,12,NA
10104032106e12,3,1. Male,28,NA
110202012286e12,8,2. Female,9,NA
702090422261e11,8,1. Male,2,NA
507030121813e11,3,1. Male,10,NA
603021211897e11,3,2. Female,16,NA
120105022305e12,7,1. Male,6,NA
603025012136e11,6,2. Female,7,NA
703130622477e11,6,2. Female,20,NA
802090322593e11,2,2. Female,58,NA
702061212334e11,5,2. Female,9,NA
60301421214e12,3,2. Female,13,NA
803020322574e11,2,2. Female,24,NA
130508042328e12,6,2. Female,9,NA
110306112289e12,6,1. Male,0,NA
110301052295e12,7,2. Female,71,NA
203020821165e11,12,2. Female,25,NA
603031112141e11,3,2. Female,22,NA
503020221699e11,4,1. Male,18,NA
802030122626e11,6,1. Male,12,NA
603023611989e11,3,1. Male,22,NA
603023812232e11,1,1. Male,36,NA
802010122533e11,7,2. Female,22,NA
50203012172e12,3,1. Male,6,NA
602020211932e11,3,2. Female,22,NA
505030711768e11,6,1. Male,15,NA
203030321177e11,4,2. Female,16,NA
606010111874e11,8,2. Female,5,NA
302060221254e11,9,2. Female,17,NA
606030421943e11,7,2. Female,5,NA
3030406214e13,6,1. Male,13,NA
11030507229e13,6,1. Male,12,NA
306070221413e11,3,1. Male,16,NA
603025412277e11,2,2. Female,25,NA
60302361201e12,3,2. Female,13,NA
507060321795e11,3,2. Female,13,NA
901050422757e11,5,1. Male,8,NA
130101022313e12,2,2. Female,53,NA
603022311896e11,7,1. Male,16,NA
507030521803e11,2,2. Female,27,NA
606040312112e11,9,1. Male,5,NA
603022012117e11,5,2. Female,6,NA
120302021301e12,2,1. Male,22,NA
605051012037e11,5,1. Male,27,NA
603013211956e11,3,2. Female,13,NA
602060412225e11,6,1. Male,18,NA
403070321667e11,3,1. Male,9,NA
120203062308e12,3,1. Male,18,NA
301010321427e11,2,2. Female,59,NA
506030421694e11,6,1. Male,2,NA
301050221431e11,4,1. Male,7,NA
606071012103e11,5,1. Male,9,NA
110306071288e12,3,2. Female,10,NA
130305042324e12,5,2. Female,10,NA
507030121802e11,5,1. Male,17,NA
70407022238e12,6,2. Female,10,NA
50505082175e12,4,1. Male,4,NA
802090522534e11,2,2. Female,25,NA
306030121451e11,10,1. Male,6,NA
405070421534e11,7,2. Female,57,NA
403030221479e11,7,1. Male,10,NA
303010121367e11,3,1. Male,15,NA
404020221636e11,8,2. Female,5,NA
602030812222e11,8,2. Female,9,NA
603026511974e11,11,1. Male,6,NA
11040602229e13,5,1. Male,3,NA
603023811867e11,7,1. Male,22,NA
601040421828e11,6,1. Male,6,NA
901090122641e11,6,1. Male,2,NA
602060812176e11,9,2. Female,16,NA
306010321259e11,3,1. Male,25,NA
902030812689e11,7,1. Male,12,NA
901080322728e11,2,2. Female,27,NA
602010321848e11,5,2. Female,13,NA
603024411855e11,3,2. Female,9,NA
605060212087e11,1,1. Male,27,NA
603011711852e11,5,1. Male,17,NA
606040821951e11,23,1. Male,0,NA
100401032283e12,3,2. Female,2,NA
120302181296e12,7,2. Female,3,NA
401030221623e11,3,1. Male,14,NA
603014212143e11,7,2. Female,31,NA
110104022291e12,5,1. Male,9,NA
301060121421e11,1,2. Female,72,NA
110203052287e12,4,1. Male,9,NA
101100711036e11,6,1. Male,13,NA
306050321443e11,5,2. Female,4,NA
100105032281e12,5,2. Female,26,NA
406030711573e11,6,2. Female,7,NA
201060321101e11,2,2. Female,25,NA
602041412208e11,4,2. Female,5,NA
100305062276e12,4,2. Female,10,NA
602020911883e11,2,2. Female,64,NA
130306032322e12,3,2. Female,11,NA
104010221083e11,4,1. Male,15,NA
120203042306e12,5,1. Male,9,NA
101040321061e11,1,1. Male,29,NA
302100421293e11,2,2. Female,71,NA
603030511883e11,6,1. Male,17,NA
701070322445e11,7,2. Female,2,NA
505010721757e11,4,2. Female,16,NA
12040113231e13,6,2. Female,3,NA
10020303228e13,7,2. Female,16,NA
120302131303e12,7,1. Male,11,NA
603020112146e11,3,1. Male,3,NA
306030321445e11,4,1. Male,16,NA
305030321276e11,3,2. Female,7,NA
803060622634e11,8,1. Male,3,NA
801060222532e11,2,2. Female,23,NA
702100622368e11,8,1. Male,9,NA
201040121111e11,4,1. Male,17,NA
302030111409e11,9,2. Female,0,NA
602021612187e11,9,1. Male,50,NA
60303111214e12,4,1. Male,12,NA
804020222506e11,10,2. Female,0,NA
803060622556e11,1,2. Female,78,NA
705040222266e11,7,2. Female,1,NA
90203042266e12,7,1. Male,15,NA
605050311963e11,7,2. Female,3,NA
603010711862e11,10,2. Female,22,NA
60302671187e12,5,1. Male,28,NA
304030321379e11,4,1. Male,16,NA
403140121483e11,2,2. Female,27,NA
403070321667e11,11,1. Male,3,NA
120306032298e12,3,2. Female,26,NA
605050512059e11,1,2. Female,45,NA
602060412224e11,4,2. Female,1,NA
604020222092e11,8,1. Male,1,NA
603021412053e11,10,2. Female,17,NA
305020121266e11,5,2. Female,8,NA
606040111954e11,5,1. Male,19,NA
606070111955e11,5,2. Female,46,NA
30109012141e12,11,1. Male,0,NA
605060311961e11,7,1. Male,23,NA
60302311201e12,8,1. Male,26,NA
406050511576e11,3,1. Male,15,NA
402030421543e11,2,2. Female,78,NA
602021511934e11,3,1. Male,17,NA
302030211403e11,3,1. Male,20,NA
402030221652e11,2,1. Male,9,NA
90202012269e12,5,2. Female,24,NA
130206082321e12,1,1. Male,58,NA
100301012277e12,7,1. Male,9,NA
902050122751e11,8,1. Male,2,NA
103070121076e11,4,1. Male,1,NA
403080221475e11,6,1. Male,4,NA
902030322763e11,8,1. Male,11,NA
130402022315e12,7,1. Male,8,NA
302090121309e11,7,2. Female,10,NA
304050621348e11,11,1. Male,23,NA
701090122478e11,4,2. Female,9,NA
902010122687e11,3,1. Male,18,NA
130509072326e12,4,2. Female,3,NA
302060221256e11,4,1. Male,8,NA
603020611981e11,9,2. Female,8,NA
602040212217e11,8,1. Male,7,NA
13050306133e13,6,1. Male,1,NA
603026612152e11,8,1. Male,8,NA
60201012185e12,10,2. Female,24,NA
601010221905e11,8,2. Female,15,NA
110104032294e12,8,1. Male,4,NA
603031112254e11,4,1. Male,3,NA
120302041302e12,2,2. Female,21,NA
203030321178e11,7,2. Female,7,NA
30603012125e12,10,2. Female,4,NA
100506022278e12,7,2. Female,12,NA
110301042287e12,2,1. Male,46,NA
204081121198e11,5,2. Female,20,NA
405070421526e11,2,2. Female,31,NA
602020111936e11,4,1. Male,21,NA
603024411854e11,2,2. Female,25,NA
603021412275e11,4,1. Male,6,NA
901060222662e11,2,1. Male,13,NA
60506081209e12,3,2. Female,25,NA
901050222646e11,8,2. Female,1,NA
903070322672e11,6,2. Female,22,NA
104030321046e11,2,2. Female,26,NA
100506032279e12,3,1. Male,13,NA
504010421705e11,6,2. Female,14,NA
60204081192e12,8,1. Male,20,NA
606071012124e11,4,1. Male,24,NA
60301141186e12,7,1. Male,6,NA
602040712214e11,3,2. Female,15,NA
803030322598e11,4,2. Female,18,NA
120301032295e12,3,2. Female,0,NA
602021011925e11,7,1. Male,3,NA
602041312218e11,7,1. Male,12,NA
505031921715e11,4,1. Male,13,NA
603013211957e11,4,2. Female,21,NA
405020221535e11,5,1. Male,7,NA
104020421048e11,3,2. Female,9,NA
802040122629e11,8,2. Female,21,NA
130206052318e12,2,2. Female,60,NA
606030121942e11,14,2. Female,8,NA
605051222006e11,3,1. Male,21,NA
10020304228e13,4,1. Male,1,NA
70201052242e12,8,2. Female,68,NA
70210021237e12,9,2. Female,19,NA
505030811784e11,2,2. Female,26,NA
803060722557e11,6,1. Male,13,NA
406070721613e11,4,2. Female,7,NA
603023112054e11,4,1. Male,19,NA
302090121465e11,2,2. Female,72,NA
302030521239e11,11,1. Male,3,NA
130510012327e12,4,2. Female,8,NA
704070322468e11,3,1. Male,16,NA
703040522481e11,2,2. Female,50,NA
110411022291e12,3,1. Male,27,NA
70403012246e12,6,2. Female,12,NA
701010122255e11,4,1. Male,4,NA
603012811884e11,3,2. Female,11,NA
405020121538e11,4,2. Female,5,NA
605050512058e11,4,1. Male,5,NA
90102032264e12,3,2. Female,15,NA
602050712061e11,3,1. Male,17,NA
603031212272e11,4,2. Female,18,NA
60302461219e12,2,2. Female,21,NA
130302072323e12,3,1. Male,17,NA
901040622636e11,5,1. Male,3,NA
100101012282e12,6,2. Female,5,NA
100502072278e12,6,2. Female,7,NA
803032912578e11,2,2. Female,58,NA
702020122427e11,6,1. Male,14,NA
603024612159e11,6,2. Female,24,NA
901090322654e11,10,2. Female,12,NA
303080221395e11,6,1. Male,22,NA
101060121083e11,6,2. Female,24,NA
802030622506e11,5,2. Female,9,NA
803032712588e11,3,1. Male,3,NA
30608032144e12,3,1. Male,20,NA
120203102309e12,5,1. Male,5,NA
603011911863e11,3,2. Female,15,NA
304150321349e11,3,2. Female,17,NA
504040421706e11,3,1. Male,25,NA
304060421387e11,5,2. Female,10,NA
602010221849e11,10,2. Female,20,NA
202010721127e11,4,1. Male,18,NA
404050121634e11,3,1. Male,7,NA
110303032292e12,2,1. Male,17,NA
305060221272e11,7,1. Male,3,NA
13020103232e13,7,2. Female,4,NA
901050222645e11,5,2. Female,18,NA
603031111903e11,5,2. Female,19,NA
60302581226e12,6,1. Male,19,NA
204090221187e11,5,2. Female,11,NA
101110421072e11,5,1. Male,12,NA
603025011821e11,4,1. Male,11,NA
903020122681e11,4,2. Female,24,NA
603023812166e11,5,2. Female,24,NA
603024012284e11,3,2. Female,8,NA
505010921753e11,4,1. Male,11,NA
30608022144e12,3,2. Female,15,NA
50502082177e12,1,2. Female,47,NA
120302131303e12,2,2. Female,40,NA
110205012286e12,4,1. Male,8,NA
603011911862e11,6,2. Female,95,NA
901030222645e11,9,1. Male,1,NA
102030421008e11,8,1. Male,17,NA
101010221018e11,10,2. Female,17,NA
100401012283e12,6,1. Male,2,NA
703090522308e11,3,2. Female,7,NA
603022912259e11,6,1. Male,8,NA
603011312252e11,4,1. Male,2,NA
602050412063e11,4,1. Male,4,NA
70208052243e12,6,2. Female,14,NA
603024612189e11,7,2. Female,23,NA
130205042302e12,2,1. Male,18,NA
13020703232e13,1,2. Female,39,NA
302090411462e11,3,2. Female,17,NA
303060421301e11,2,2. Female,25,NA
305040121279e11,1,2. Female,72,NA
702060122431e11,2,2. Female,64,NA
602040811918e11,4,1. Male,19,NA
803032012615e11,6,2. Female,5,NA
10020201228e13,1,1. Male,65,NA
603012611863e11,3,1. Male,13,NA
602041312217e11,10,1. Male,26,NA
110104012294e12,4,2. Female,10,NA
70407022238e12,5,2. Female,82,NA
203020821166e11,4,2. Female,12,NA
130104022315e12,7,1. Male,0,NA
201020521124e11,3,1. Male,2,NA
505031011717e11,4,1. Male,9,NA
505010621756e11,12,2. Female,24,NA
80502042262e12,5,1. Male,9,NA
705040322268e11,2,2. Female,22,NA
302040421288e11,7,1. Male,0,NA
302040221329e11,5,2. Female,12,NA
80310012257e12,8,2. Female,15,NA
606071012103e11,4,2. Female,19,NA
603021412291e11,5,2. Female,6,NA
30411042134e12,4,2. Female,19,NA
602021012181e11,3,1. Male,0,NA
605050612045e11,8,1. Male,5,NA
120308172302e12,6,1. Male,11,NA
603024811895e11,4,2. Female,19,NA
305070221333e11,6,1. Male,2,NA
301070421377e11,6,2. Female,0,NA
70204052234e12,3,1. Male,12,NA
30605032121e12,5,2. Female,11,NA
505020521771e11,6,2. Female,9,NA
605060112088e11,5,2. Female,25,NA
402030421651e11,3,1. Male,16,NA
402050221657e11,3,1. Male,3,NA
606070711872e11,5,2. Female,8,NA
12040204231e13,5,2. Female,4,NA
606070611876e11,9,1. Male,21,NA
604020222098e11,7,1. Male,23,NA
301100121431e11,6,2. Female,14,NA
403140321483e11,5,1. Male,10,NA
603024411866e11,9,1. Male,11,NA
100305022284e12,5,1. Male,19,NA
80303151257e12,4,1. Male,13,NA
10109082102e12,5,1. Male,9,NA
110302032292e12,4,2. Female,56,NA
406070621603e11,3,2. Female,9,NA
702090422338e11,2,1. Male,16,NA
402050421605e11,2,2. Female,23,NA
603031111972e11,5,1. Male,4,NA
505030511786e11,5,1. Male,6,NA
304090421385e11,7,2. Female,16,NA
130101022313e12,3,1. Male,18,NA
901020122748e11,3,2. Female,27,NA
803030122564e11,2,2. Female,40,NA
803032812596e11,2,1. Male,24,NA
90204012274e12,6,2. Female,17,NA
303050621299e11,3,1. Male,3,NA
606050212105e11,6,1. Male,24,NA
501020321734e11,4,1. Male,13,NA
130303062325e12,2,2. Female,69,NA
130503081326e12,8,2. Female,1,NA
100101032282e12,3,1. Male,10,NA
507030121801e11,1,1. Male,32,NA
130304012322e12,2,2. Female,12,NA
130510042328e12,4,1. Male,4,NA
204030421152e11,9,2. Female,27,NA
606070911875e11,7,1. Male,19,NA
110104012291e12,4,2. Female,12,NA
80303181259e12,7,2. Female,2,NA
6060202121e13,4,2. Female,7,NA
603022712235e11,6,1. Male,12,NA
701020422285e11,1,1. Male,74,NA
701050122449e11,4,2. Female,11,NA
302030921403e11,14,2. Female,85,NA
202010921133e11,3,1. Male,2,NA
130303062324e12,3,1. Male,23,NA
603011212262e11,5,2. Female,9,NA
603026311889e11,8,1. Male,1,NA
603013212072e11,6,1. Male,22,NA
202020421136e11,6,2. Female,3,NA
801060122519e11,4,2. Female,8,NA
80205012249e12,5,2. Female,22,NA
605050311994e11,15,2. Female,4,NA
202020621143e11,3,1. Male,13,NA
602020711839e11,12,1. Male,26,NA
306070121412e11,6,1. Male,4,NA
303050921367e11,7,2. Female,8,NA
602060712174e11,3,1. Male,5,NA
10040302228e13,8,2. Female,8,NA
603024412257e11,9,1. Male,6,NA
602010221849e11,10,1. Male,11,NA
101100921016e11,3,2. Female,0,NA
302030321404e11,2,2. Female,61,NA
406060221564e11,2,2. Female,28,NA
302030211403e11,10,2. Female,19,NA
304060121358e11,6,2. Female,2,NA
130501082327e12,4,1. Male,9,NA
605060112031e11,19,2. Female,24,NA
60204081192e12,5,2. Female,14,NA
903020222682e11,10,2. Female,16,NA
603021812287e11,4,2. Female,7,NA
805010422619e11,4,1. Male,13,NA
603021412285e11,8,2. Female,20,NA
603020212237e11,6,2. Female,1,NA
505040121782e11,3,1. Male,22,NA
306080221441e11,3,1. Male,19,NA
705030322363e11,4,2. Female,19,NA
901040622635e11,3,2. Female,14,NA
120306022297e12,4,1. Male,19,NA
302060321256e11,5,2. Female,15,NA
13050306133e13,4,1. Male,1,NA
703060422314e11,7,2. Female,2,NA
406020221525e11,4,1. Male,11,NA
603024011872e11,4,2. Female,0,NA
11040803229e13,6,1. Male,5,NA
603012912137e11,3,2. Female,11,NA
602040312178e11,6,2. Female,3,NA
406011011586e11,2,1. Male,18,NA
505040621776e11,4,1. Male,15,NA
120103072303e12,4,1. Male,7,NA
602020711839e11,8,2. Female,13,NA
120303112296e12,5,1. Male,2,NA
602030311926e11,3,1. Male,4,NA
602060512225e11,4,2. Female,0,NA
303050421304e11,6,2. Female,6,NA
605050812006e11,4,1. Male,6,NA
306050121265e11,9,1. Male,80,NA
402020521617e11,4,2. Female,22,NA
603025012267e11,11,1. Male,0,NA
60301191198e12,2,2. Female,31,NA
101110721065e11,6,2. Female,1,NA
100204012284e12,7,1. Male,3,NA
304060321389e11,5,1. Male,4,NA
120102032305e12,4,1. Male,7,NA
130302072323e12,3,2. Female,23,NA
901030322718e11,1,1. Male,31,NA
301020321418e11,6,1. Male,1,NA
306020221412e11,4,2. Female,1,NA
302110121235e11,3,1. Male,17,NA
503010121701e11,11,2. Female,22,NA
30608032144e12,9,1. Male,5,NA
406010221589e11,7,2. Female,0,NA
8.0301042260800008e+22,6,1. Male,17,NA
404050121635e11,2,2. Female,40,NA
101070321063e11,2,2. Female,44,NA
802030422623e11,4,2. Female,8,NA
602021112075e11,6,1. Male,19,NA
603021412284e11,5,2. Female,21,NA
701070122446e11,2,2. Female,70,NA
406030211571e11,9,1. Male,4,NA
603025212195e11,3,1. Male,14,NA
130206042322e12,2,2. Female,37,NA
605030211984e11,8,2. Female,19,NA
606071012124e11,3,2. Female,19,NA
306030321411e11,3,2. Female,21,NA
11030503229e13,3,2. Female,11,NA
802070522633e11,2,2. Female,8,NA
201011021116e11,8,2. Female,4,NA
202010321126e11,5,1. Male,5,NA
603011711852e11,4,1. Male,10,NA
902060222736e11,3,2. Female,12,NA
130102072313e12,3,1. Male,11,NA
402020321608e11,9,2. Female,23,NA
603021412019e11,9,1. Male,16,NA
704070222379e11,5,1. Male,8,NA
603026111855e11,6,2. Female,5,NA
203030621175e11,6,1. Male,6,NA
603030411969e11,3,1. Male,25,NA
406020411522e11,5,1. Male,31,NA
702060222459e11,1,2. Female,45,NA
605051222007e11,5,1. Male,22,NA
606040611951e11,13,2. Female,24,NA
302060221255e11,3,1. Male,15,NA
702061022333e11,5,2. Female,6,NA
13020703232e13,2,2. Female,36,NA
130201012319e12,4,1. Male,5,NA
110306051287e12,7,1. Male,18,NA
403010521672e11,6,1. Male,10,NA
130302022323e12,2,2. Female,60,NA
204010121208e11,2,1. Male,8,NA
903030522696e11,7,2. Female,6,NA
203030321177e11,8,2. Female,0,NA
602020612075e11,7,2. Female,21,NA
120201032309e12,3,1. Male,0,NA
306010521436e11,2,2. Female,25,NA
101110321071e11,11,1. Male,0,NA
603011711852e11,2,2. Female,32,NA
606050111908e11,3,1. Male,21,NA
507020221807e11,3,1. Male,21,NA
403140321483e11,9,2. Female,3,NA
803060622634e11,3,2. Female,14,NA
602040422177e11,4,2. Female,12,NA
602060412224e11,3,2. Female,25,NA
304050621348e11,3,2. Female,18,NA
302090411308e11,4,2. Female,2,NA
704070322397e11,1,1. Male,43,NA
201010921107e11,6,2. Female,10,NA
602022012207e11,7,1. Male,5,NA
100505012278e12,4,1. Male,12,NA
120306112298e12,4,1. Male,15,NA
603024411855e11,2,2. Female,40,NA
11040302229e13,2,2. Female,41,NA
302091211262e11,6,2. Female,11,NA
602050612156e11,4,1. Male,16,NA
602050112062e11,3,2. Female,2,NA
306050121266e11,6,1. Male,4,NA
120305032296e12,3,1. Male,8,NA
404060221515e11,3,1. Male,22,NA
605050912038e11,6,2. Female,20,NA
4031101215e13,7,2. Female,14,NA
602021511934e11,13,1. Male,7,NA
120302021301e12,3,1. Male,14,NA
402020521618e11,3,2. Female,16,NA
603021212168e11,3,2. Female,4,NA
602060212209e11,8,2. Female,19,NA
701010322256e11,9,2. Female,2,NA
60203081222e12,5,1. Male,14,NA
120305032296e12,6,2. Female,22,NA
401011121591e11,7,2. Female,8,NA
130201012319e12,13,2. Female,0,NA
120201162308e12,7,2. Female,1,NA
903010122678e11,3,2. Female,16,NA
703050922299e11,3,2. Female,4,NA
702020222429e11,4,2. Female,7,NA
603012511821e11,3,1. Male,4,NA
602041111845e11,4,1. Male,18,NA
130509012329e12,4,1. Male,65,NA
100502031279e12,9,2. Female,25,NA
702100112293e11,5,2. Female,2,NA
103010221007e11,9,1. Male,0,NA
110104042291e12,5,1. Male,3,NA
120401052311e12,2,2. Female,25,NA
603025311998e11,9,2. Female,15,NA
605060312017e11,10,1. Male,29,NA
101090821019e11,6,1. Male,15,NA
603031111972e11,3,1. Male,7,NA
303070221223e11,6,2. Female,14,NA
902020222658e11,6,2. Female,15,NA
705030122362e11,5,1. Male,17,NA
306050221451e11,3,1. Male,18,NA
402030421543e11,10,2. Female,8,NA
507010221809e11,7,2. Female,6,NA
60302511225e12,5,1. Male,23,NA
903030622798e11,6,2. Female,12,NA
101010221062e11,3,2. Female,4,NA
901090422655e11,4,1. Male,3,NA
13020608233e13,5,2. Female,3,NA
803100322572e11,1,2. Female,65,NA
110308012288e12,4,1. Male,0,NA
703010622403e11,2,2. Female,10,NA
602060311879e11,3,1. Male,15,NA
505030711768e11,5,2. Female,10,NA
703070122313e11,6,1. Male,7,NA
60301121225e12,9,2. Female,4,NA
603023412195e11,12,1. Male,5,NA
602022312205e11,5,2. Female,18,NA
120306032296e12,3,1. Male,5,NA
603012512126e11,10,2. Female,16,NA
602021012182e11,4,2. Female,3,NA
403160121666e11,2,2. Female,50,NA
4010109216e13,4,1. Male,8,NA
403050221496e11,9,1. Male,3,NA
604010521825e11,13,1. Male,28,NA
505031111718e11,4,1. Male,31,NA
602070112068e11,5,1. Male,20,NA
10110012105e12,4,1. Male,15,NA
130509052327e12,2,2. Female,41,NA
306010821437e11,7,1. Male,7,NA
703040522444e11,2,1. Male,33,NA
203020121148e11,4,1. Male,11,NA
203010221168e11,3,1. Male,16,NA
605050211995e11,13,1. Male,24,NA
110202012286e12,15,1. Male,17,NA
603030312287e11,6,2. Female,11,NA
130401042316e12,8,1. Male,2,NA
60302201182e12,1,2. Female,20,NA
606050212107e11,9,2. Female,27,NA
701110222392e11,2,2. Female,55,NA
104030321047e11,4,2. Female,12,NA
13020701233e13,4,1. Male,9,NA
803060722556e11,3,1. Male,24,NA
903030522696e11,4,2. Female,3,NA
903040322653e11,2,2. Female,34,NA
305070821337e11,1,2. Female,50,NA
603031112134e11,5,2. Female,2,NA
301040221374e11,7,2. Female,14,NA
203010221167e11,3,1. Male,17,NA
302090511307e11,3,1. Male,21,NA
606040212118e11,5,1. Male,8,NA
130503021324e12,2,2. Female,35,NA
100502041279e12,3,1. Male,23,NA
110305052288e12,8,2. Female,0,NA
120305062296e12,4,1. Male,10,NA
130304052325e12,5,1. Male,18,NA
603022012266e11,5,2. Female,18,NA
10020303228e13,5,1. Male,2,NA
701010122254e11,6,1. Male,85,NA
603030411969e11,2,2. Female,25,NA
110409012287e12,3,2. Female,14,NA
80209062263e12,3,1. Male,15,NA
805010522619e11,5,2. Female,22,NA
100305012283e12,2,2. Female,43,NA
803032012536e11,80,1. Male,15,NA
130304072322e12,5,1. Male,9,NA
702061412336e11,12,2. Female,17,NA
306070221446e11,3,1. Male,18,NA
603025512277e11,6,2. Female,12,NA
30411042134e12,7,2. Female,13,NA
401030221624e11,3,2. Female,13,NA
602021311938e11,7,1. Male,24,NA
604010521826e11,4,1. Male,21,NA
110302042289e12,2,2. Female,25,NA
10102032107e12,6,2. Female,15,NA
804050222512e11,7,1. Male,12,NA
7030507223e13,8,2. Female,8,NA
602021711842e11,7,1. Male,0,NA
204090121186e11,7,2. Female,5,NA
30106022143e12,8,1. Male,16,NA
602021511934e11,8,2. Female,9,NA
606010311956e11,9,1. Male,26,NA
130104022314e12,4,1. Male,10,NA
606040312116e11,1,1. Male,76,NA
102030421008e11,7,2. Female,8,NA
505020521775e11,7,1. Male,6,NA
802100122622e11,5,2. Female,12,NA
802030522625e11,2,2. Female,28,NA
602022521837e11,4,1. Male,9,NA
602030712223e11,5,1. Male,19,NA
103040321022e11,6,2. Female,14,NA
110302042292e12,5,2. Female,10,NA
602040712213e11,8,1. Male,20,NA
803030222562e11,2,2. Female,42,NA
802060322628e11,4,2. Female,12,NA
104030321047e11,13,2. Female,24,NA
606050611909e11,4,2. Female,18,NA
507030121801e11,4,2. Female,10,NA
902020122659e11,6,2. Female,1,NA
603023412195e11,8,1. Male,20,NA
301040221428e11,3,1. Male,10,NA
505040621777e11,3,2. Female,15,NA
602050512065e11,7,1. Male,29,NA
120302011298e12,2,1. Male,8,NA
120305062207e12,8,1. Male,0,NA
704070122467e11,7,2. Female,8,NA
130202042319e12,3,1. Male,8,NA
603021111869e11,5,1. Male,16,NA
30206042129e12,2,2. Female,38,NA
130510022326e12,7,2. Female,10,NA
30503022128e12,5,2. Female,12,NA
305060121218e11,5,1. Male,4,NA
603030111972e11,3,1. Male,23,NA
603021711988e11,6,2. Female,1,NA
110203032287e12,9,1. Male,2,NA
704060622385e11,3,1. Male,2,NA
101110721067e11,7,2. Female,0,NA
703130622361e11,6,1. Male,9,NA
110301012288e12,13,2. Female,14,NA
505050221761e11,4,2. Female,10,NA
101030221001e11,5,2. Female,6,NA
302070121317e11,3,1. Male,18,NA
406010321578e11,4,1. Male,9,NA
120201222308e12,6,1. Male,1,NA
705060122458e11,7,1. Male,10,NA
204070321179e11,4,2. Female,6,NA
504010321742e11,4,1. Male,24,NA
603021412284e11,6,2. Female,1,NA
702100212293e11,4,2. Female,3,NA
103070121053e11,3,1. Male,4,NA
606020111944e11,5,2. Female,10,NA
304080121359e11,3,1. Male,18,NA
803040122605e11,10,2. Female,17,NA
20201112114e12,7,2. Female,0,NA
602041011925e11,3,2. Female,7,NA
602021911843e11,7,1. Male,8,NA
306030521246e11,10,2. Female,67,NA
103030221007e11,4,2. Female,8,NA
406030511532e11,5,1. Male,10,NA
110201022286e12,5,1. Male,12,NA
130509042324e12,3,1. Male,2,NA
404060421631e11,5,1. Male,4,NA
120308032301e12,3,2. Female,20,NA
402010421639e11,3,1. Male,4,NA
6060202121e13,6,2. Female,22,NA
606060312084e11,3,1. Male,14,NA
704070122467e11,2,2. Female,30,NA
406050611629e11,3,2. Female,16,NA
203010421169e11,6,1. Male,7,NA
130501052328e12,3,2. Female,15,NA
302110321234e11,3,2. Female,30,NA
406020221525e11,2,2. Female,52,NA
100101012282e12,4,2. Female,0,NA
701030122395e11,7,1. Male,15,NA
30209012131e12,4,2. Female,18,NA
603040211968e11,5,1. Male,21,NA
102030321025e11,3,2. Female,21,NA
802020222585e11,8,2. Female,8,NA
606070312081e11,7,1. Male,3,NA
803031312589e11,4,2. Female,15,NA
805010322621e11,6,2. Female,14,NA
603025611853e11,5,2. Female,2,NA
703050622416e11,9,2. Female,6,NA
803031012598e11,6,1. Male,9,NA
702100212293e11,7,1. Male,14,NA
406060521563e11,4,1. Male,0,NA
100503012279e12,3,1. Male,6,NA
605020512015e11,7,1. Male,29,NA
901040122656e11,11,2. Female,2,NA
605050512058e11,5,1. Male,13,NA
802040322494e11,3,2. Female,10,NA
603025711999e11,2,2. Female,3,NA
60302141227e12,4,2. Female,14,NA
902031012691e11,7,1. Male,40,NA
902050322752e11,4,2. Female,6,NA
11030503229e13,9,1. Male,0,NA
605060312017e11,6,2. Female,11,NA
605060511962e11,4,2. Female,17,NA
100502052278e12,6,1. Male,29,NA
603026512155e11,4,1. Male,9,NA
704050422374e11,9,2. Female,4,NA
602070112068e11,10,2. Female,10,NA
902030512634e11,31,2. Female,17,NA
405030121548e11,3,1. Male,13,NA
903040422712e11,4,2. Female,7,NA
303060221369e11,3,2. Female,13,NA
70404022247e12,7,1. Male,18,NA
705070122277e11,5,1. Male,0,NA
304040321347e11,2,2. Female,50,NA
90302012275e12,4,1. Male,12,NA
703110422305e11,6,2. Female,5,NA
406070321585e11,4,1. Male,16,NA
301080321424e11,7,2. Female,14,NA
603030412149e11,4,1. Male,12,NA
603030912001e11,9,1. Male,19,NA
602020812184e11,2,2. Female,58,NA
603012111902e11,6,1. Male,19,NA
110104052291e12,3,1. Male,14,NA
604020222092e11,3,2. Female,25,NA
603022612137e11,4,1. Male,19,NA
10404012103e12,12,1. Male,14,NA
703010122405e11,7,2. Female,0,NA
60302051227e12,4,1. Male,7,NA
60607061208e12,1,2. Female,59,NA
130301032323e12,3,2. Female,11,NA
605020512015e11,3,2. Female,21,NA
703100322416e11,5,1. Male,6,NA
901080222692e11,5,1. Male,2,NA
606040311949e11,8,2. Female,9,NA
30204012133e12,4,2. Female,8,NA
506040421722e11,2,1. Male,10,NA
120302161312e12,6,2. Female,7,NA
402010721638e11,14,2. Female,0,NA
803010522608e11,3,2. Female,14,NA
120303022299e12,7,2. Female,6,NA
203030621175e11,5,2. Female,12,NA
305040121278e11,3,2. Female,11,NA
803031012597e11,5,1. Male,5,NA
704020722317e11,4,2. Female,15,NA
406040321579e11,3,1. Male,5,NA
120301052295e12,8,1. Male,2,NA
20406022119e12,7,1. Male,5,NA
602022012207e11,21,1. Male,2,NA
603024411866e11,3,2. Female,15,NA
110102052292e12,8,2. Female,5,NA
603023812232e11,4,2. Female,11,NA
606070412082e11,5,2. Female,12,NA
702061112333e11,1,2. Female,88,NA
901080222692e11,2,2. Female,54,NA
203020421116e11,4,1. Male,11,NA
803032612615e11,10,1. Male,8,NA
110301052285e12,1,1. Male,73,NA
304060221388e11,2,2. Female,42,NA
501010321728e11,4,1. Male,19,NA
803031922616e11,2,2. Female,56,NA
603025712001e11,2,2. Female,25,NA
20401052116e12,4,2. Female,10,NA
301040221422e11,3,1. Male,20,NA
305020221273e11,2,2. Female,61,NA
100304042277e12,8,2. Female,0,NA
603025111883e11,2,2. Female,54,NA
404050321635e11,6,2. Female,2,NA
1203021213e14,5,1. Male,6,NA
110201032286e12,5,2. Female,12,NA
130304052325e12,3,1. Male,17,NA
130506022329e12,6,2. Female,8,NA
120305022296e12,4,2. Female,14,NA
605050412039e11,2,2. Female,38,NA
903070322676e11,4,2. Female,17,NA
505030311688e11,10,1. Male,1,NA
605051522044e11,4,1. Male,18,NA
603031212256e11,3,1. Male,24,NA
402040421658e11,2,1. Male,80,NA
702061412337e11,6,1. Male,11,NA
603026511975e11,5,1. Male,34,NA
30204042129e12,1,1. Male,76,NA
302010121252e11,5,1. Male,15,NA
602020111937e11,4,2. Female,6,NA
902020322684e11,6,1. Male,0,NA
302050121285e11,8,1. Male,9,NA
602040212217e11,4,2. Female,5,NA
120201172308e12,5,2. Female,12,NA
703090522307e11,7,2. Female,0,NA
507050721807e11,9,2. Female,1,NA
903030422705e11,2,2. Female,51,NA
302090911479e11,7,2. Female,11,NA
100204032285e12,1,2. Female,58,NA
505031811715e11,4,2. Female,5,NA
603023612237e11,4,1. Male,2,NA
100304012277e12,5,1. Male,9,NA
603020612117e11,5,2. Female,70,NA
802070422627e11,3,2. Female,14,NA
606010111875e11,3,1. Male,14,NA
602030212221e11,5,1. Male,20,NA
705090122483e11,7,1. Male,7,NA
110308022291e12,4,1. Male,7,NA
1.0111052106600001e+22,5,1. Male,12,NA
203020221173e11,4,1. Male,10,NA
702061412337e11,5,2. Female,1,NA
602060412227e11,14,2. Female,20,NA
703090522307e11,5,1. Male,5,NA
701020422285e11,2,2. Female,29,NA
603026512147e11,4,1. Male,1,NA
201060421098e11,8,1. Male,8,NA
902010122687e11,2,2. Female,4,NA
803031612611e11,12,2. Female,22,NA
130102042312e12,7,1. Male,3,NA
120202032309e12,1,1. Male,85,NA
601050221894e11,7,1. Male,16,NA
603021112131e11,4,1. Male,7,NA
80102022253e12,3,1. Male,11,NA
100305032281e12,4,2. Female,15,NA
403100321506e11,4,1. Male,16,NA
120302221303e12,9,2. Female,50,NA
130303012324e12,5,2. Female,3,NA
90203032266e12,7,1. Male,10,NA
603030412148e11,5,1. Male,60,NA
302040421289e11,5,1. Male,13,NA
603013512199e11,3,1. Male,12,NA
402050721656e11,5,1. Male,0,NA
602050112061e11,7,2. Female,25,NA
80209052263e12,1,2. Female,49,NA
403010521561e11,6,1. Male,5,NA
602060121877e11,7,2. Female,6,NA
11040201229e13,4,2. Female,3,NA
120302221303e12,3,2. Female,29,NA
602021411939e11,4,2. Female,22,NA
606070611874e11,12,1. Male,21,NA
30503012128e12,5,2. Female,26,NA
302060421256e11,4,2. Female,2,NA
406070321585e11,2,2. Female,60,NA
903030222646e11,7,2. Female,8,NA
101090421043e11,5,2. Female,8,NA
302030921242e11,6,1. Male,0,NA
80303161261e12,5,2. Female,10,NA
303050621224e11,5,2. Female,6,NA
103070221007e11,3,2. Female,23,NA
605051112057e11,11,1. Male,23,NA
30403022138e12,8,2. Female,1,NA
130303052325e12,4,2. Female,2,NA
803100422573e11,2,2. Female,70,NA
13020403213e13,5,1. Male,28,NA
903060922699e11,8,1. Male,6,NA
702061412336e11,2,2. Female,15,NA
603030912142e11,2,1. Male,22,NA
13020701232e13,2,2. Female,31,NA
702061412335e11,4,1. Male,10,NA
306030221438e11,1,2. Female,67,NA
406070321585e11,2,2. Female,23,NA
10102022106e12,4,1. Male,15,NA
10040302228e13,5,2. Female,19,NA
606070411941e11,8,2. Female,1,NA
901060222662e11,4,2. Female,7,NA
702030522261e11,5,2. Female,5,NA
705040222269e11,2,2. Female,44,NA
20103022112e12,7,2. Female,8,NA
110305132291e12,8,1. Male,16,NA
70210011226e12,5,2. Female,13,NA
704050422374e11,4,1. Male,10,NA
803100122571e11,3,1. Male,18,NA
130503021326e12,1,1. Male,23,NA
60302041189e12,4,1. Male,13,NA
50601022169e12,2,2. Female,30,NA
303040621305e11,2,2. Female,39,NA
130203022319e12,2,2. Female,70,NA
805010322621e11,4,2. Female,11,NA
120302151304e12,3,1. Male,1,NA
110201032286e12,8,2. Female,2,NA
603021212246e11,8,1. Male,21,NA
703070122353e11,3,2. Female,13,NA
304050421348e11,3,2. Female,14,NA
100301032283e12,5,2. Female,6,NA
505010921754e11,3,1. Male,1,NA
100503032279e12,4,2. Female,13,NA
100602012283e12,9,1. Male,4,NA
603023311889e11,7,1. Male,25,NA
901050322727e11,2,2. Female,44,NA
302100421294e11,4,2. Female,17,NA
204040321199e11,8,1. Male,2,NA
130301052322e12,7,2. Female,7,NA
110306112289e12,3,2. Female,9,NA
507060121683e11,6,1. Male,11,NA
130302042323e12,6,1. Male,5,NA
402050821656e11,3,1. Male,8,NA
130502062329e12,4,1. Male,10,NA
603025812259e11,3,1. Male,16,NA
100304052277e12,5,1. Male,3,NA
306030521449e11,2,1. Male,5,NA
702100212291e11,9,1. Male,19,NA
60302041189e12,10,2. Female,25,NA
603026611965e11,5,1. Male,18,NA
1203022013e14,5,1. Male,2,NA
70402132232e12,8,2. Female,4,NA
603011612241e11,7,2. Female,22,NA
302030321325e11,4,2. Female,24,NA
603023112294e11,9,2. Female,16,NA
100305012283e12,4,1. Male,12,NA
120304022297e12,6,1. Male,2,NA
130403012318e12,3,2. Female,8,NA
104010621031e11,6,2. Female,7,NA
120302282297e12,5,1. Male,4,NA
901030222644e11,5,1. Male,9,NA
302030821404e11,6,2. Female,9,NA
803060422555e11,4,2. Female,27,NA
606050212105e11,5,2. Female,2,NA
602020211932e11,7,2. Female,58,NA
100305012283e12,3,1. Male,6,NA
803050222579e11,2,2. Female,37,NA
704060522478e11,3,2. Female,17,NA
101070321068e11,7,1. Male,10,NA
603011411859e11,3,2. Female,11,NA
100303032277e12,4,2. Female,11,NA
803032012616e11,4,1. Male,8,NA
60301021225e12,4,1. Male,9,NA
602060412225e11,3,1. Male,4,NA
401040521607e11,4,1. Male,36,NA
603010312054e11,2,2. Female,22,NA
130203012319e12,4,1. Male,14,NA
403160121667e11,4,1. Male,5,NA
120201042309e12,5,1. Male,8,NA
120401112311e12,3,2. Female,8,NA
602020111937e11,5,2. Female,23,NA
102010121027e11,4,2. Female,8,NA
603022412095e11,3,1. Male,5,NA
702090422342e11,6,2. Female,6,NA
507050621811e11,4,1. Male,0,NA
10104032106e12,3,2. Female,9,NA
604010321825e11,5,2. Female,3,NA
130505032329e12,6,1. Male,3,NA
603011812251e11,11,2. Female,8,NA
402010321609e11,3,1. Male,15,NA
603011311978e11,5,1. Male,18,NA
402040121662e11,3,2. Female,11,NA
606070611873e11,2,2. Female,29,NA
605050612046e11,5,2. Female,15,NA
100506052284e12,3,1. Male,27,NA
601050221893e11,5,1. Male,10,NA
503020121697e11,3,2. Female,8,NA
505010821792e11,2,2. Female,21,NA
301060321415e11,2,1. Male,26,NA
603012411998e11,4,1. Male,19,NA
302010411311e11,7,1. Male,98,NA
505020321774e11,5,2. Female,14,NA
306020421372e11,3,1. Male,1,NA
506040321737e11,3,1. Male,19,NA
302030421404e11,7,2. Female,27,NA
606040821951e11,8,2. Female,0,NA
303060121479e11,2,1. Male,17,NA
803031412568e11,4,2. Female,10,NA
803100122571e11,6,1. Male,1,NA
603021212246e11,5,2. Female,18,NA
603021811974e11,9,1. Male,21,NA
605050211993e11,11,2. Female,26,NA
303080121262e11,7,1. Male,15,NA
704080222263e11,3,1. Male,12,NA
802020322585e11,4,1. Male,7,NA
703050422369e11,12,2. Female,21,NA
605050112048e11,5,1. Male,27,NA
204050221202e11,5,2. Female,11,NA
406020221521e11,3,1. Male,16,NA
606040212114e11,5,2. Female,6,NA
120302081296e12,5,2. Female,13,NA
702080122431e11,6,1. Male,1,NA
401020221615e11,2,2. Female,42,NA
606050411913e11,5,2. Female,14,NA
130303062318e12,4,2. Female,6,NA
803030522597e11,7,2. Female,75,NA
20302022115e12,4,2. Female,13,NA
30308012138e12,6,2. Female,12,NA
703100322251e11,4,1. Male,17,NA
603040312094e11,3,2. Female,8,NA
703020422418e11,4,1. Male,14,NA
504030521703e11,6,2. Female,56,NA
130301052324e12,6,2. Female,9,NA
603010812134e11,9,1. Male,17,NA
306060421444e11,5,2. Female,9,NA
601040122094e11,4,2. Female,11,NA
602021411935e11,4,2. Female,36,NA
603020312164e11,6,1. Male,15,NA
203010521121e11,1,1. Male,40,NA
110307032289e12,5,1. Male,22,NA
505011021789e11,7,1. Male,12,NA
603025511999e11,4,1. Male,7,NA
603021412292e11,7,2. Female,5,NA
202020921135e11,5,2. Female,10,NA
606010211947e11,8,2. Female,22,NA
702060622492e11,4,2. Female,35,NA
120304022297e12,2,2. Female,31,NA
406010521614e11,3,1. Male,20,NA
302090411365e11,3,1. Male,19,NA
803100222573e11,5,1. Male,6,NA
406070521613e11,3,1. Male,19,NA
301040121429e11,2,2. Female,43,NA
603014111984e11,12,1. Male,32,NA
702090522341e11,6,1. Male,0,NA
903030722649e11,6,2. Female,6,NA
120304062297e12,4,1. Male,4,NA
602050112245e11,5,1. Male,14,NA
100401032283e12,3,2. Female,27,NA
201050121155e11,7,2. Female,5,NA
100506042279e12,6,2. Female,19,NA
100401042283e12,4,2. Female,3,NA
306010521449e11,3,2. Female,24,NA
603026212246e11,4,2. Female,22,NA
903010222694e11,4,1. Male,3,NA
9030603227e13,7,1. Male,16,NA
120302071299e12,9,2. Female,18,NA
802090522551e11,2,2. Female,25,NA
702040222279e11,4,1. Male,2,NA
603011112282e11,10,2. Female,4,NA
602022312206e11,4,1. Male,10,NA
70408052233e12,4,1. Male,8,NA
60206012188e12,4,1. Male,19,NA
302010311251e11,4,2. Female,4,NA
603024412121e11,4,1. Male,2,NA
703130722275e11,4,1. Male,12,NA
703040522486e11,5,1. Male,2,NA
406050611619e11,3,1. Male,13,NA
605050112047e11,3,1. Male,15,NA
403140121482e11,4,1. Male,16,NA
110408022287e12,6,1. Male,2,NA
606040212118e11,3,2. Female,22,NA
406050711688e11,6,2. Female,27,NA
602020111937e11,4,1. Male,18,NA
401030321625e11,9,2. Female,2,NA
303040421243e11,2,2. Female,50,NA
120105042305e12,3,1. Male,15,NA
602050612157e11,2,2. Female,29,NA
901060322747e11,6,1. Male,6,NA
130303072324e12,5,1. Male,15,NA
403050321494e11,3,1. Male,8,NA
702100412291e11,8,2. Female,7,NA
704060822385e11,5,1. Male,10,NA
302050321283e11,3,2. Female,15,NA
803030812595e11,7,1. Male,19,NA
120103062304e12,5,2. Female,8,NA
130404012315e12,6,1. Male,8,NA
401030321625e11,2,2. Female,67,NA
605051012036e11,6,2. Female,20,NA
505050121747e11,5,2. Female,2,NA
403170121477e11,5,1. Male,6,NA
903040422712e11,5,1. Male,1,NA
703090422357e11,6,1. Male,16,NA
50505082175e12,5,1. Male,70,NA
80206022263e12,5,2. Female,18,NA
602040712213e11,7,2. Female,1,NA
100603012281e12,5,1. Male,8,NA
803032312394e11,3,1. Male,27,NA
606050311909e11,3,2. Female,23,NA
605010212025e11,3,1. Male,21,NA
40301042156e12,2,1. Male,16,NA
601040321829e11,4,2. Female,6,NA
7030509223e13,8,2. Female,20,NA
703100422251e11,4,2. Female,2,NA
100502031279e12,4,1. Male,19,NA
702030422343e11,12,2. Female,6,NA
802030522626e11,4,2. Female,11,NA
120302201303e12,3,1. Male,22,NA
603030411898e11,3,1. Male,2,NA
805010222614e11,3,1. Male,11,NA
13020505232e13,3,2. Female,27,NA
130203022319e12,3,2. Female,15,NA
11030502229e13,6,2. Female,2,NA
505030111686e11,3,2. Female,9,NA
903030622703e11,5,2. Female,9,NA
301020321418e11,5,1. Male,23,NA
702020322429e11,8,1. Male,8,NA
704070722469e11,5,2. Female,20,NA
110306081289e12,7,1. Male,5,NA
130305052318e12,2,2. Female,62,NA
603023812275e11,4,1. Male,23,NA
403050121495e11,13,2. Female,12,NA
405040221541e11,4,2. Female,2,NA
10020305228e13,5,2. Female,5,NA
130502012329e12,3,2. Female,13,NA
602050712244e11,3,1. Male,17,NA
603010511976e11,4,2. Female,13,NA
402060121646e11,6,1. Male,20,NA
606030521942e11,10,1. Male,9,NA
602021612187e11,3,2. Female,25,NA
403120321664e11,4,1. Male,19,NA
102050221027e11,8,1. Male,3,NA
101090521038e11,7,1. Male,6,NA
130508032325e12,3,2. Female,9,NA
103050121006e11,6,1. Male,18,NA
603030412179e11,9,2. Female,68,NA
803032112566e11,8,2. Female,7,NA
805010322621e11,3,2. Female,7,NA
60202181218e12,11,1. Male,0,NA
602041011924e11,3,1. Male,9,NA
406030711574e11,4,2. Female,25,NA
130204022321e12,14,1. Male,0,NA
504020321709e11,4,1. Male,5,NA
703020622349e11,3,1. Male,7,NA
103040121015e11,4,2. Female,10,NA
505032021712e11,4,2. Female,4,NA
703130622275e11,4,1. Male,8,NA
803040222603e11,3,2. Female,57,NA
302090221407e11,5,1. Male,3,NA
603020812132e11,3,2. Female,25,NA
301070321417e11,2,2. Female,55,NA
102020221009e11,6,1. Male,17,NA
120102082305e12,8,2. Female,16,NA
603013512199e11,7,1. Male,4,NA
103020321023e11,1,2. Female,62,NA
70310062226e12,3,1. Male,13,NA
602041012176e11,1,1. Male,33,NA
403100321508e11,9,1. Male,3,NA
302091111465e11,4,1. Male,5,NA
603011511858e11,6,1. Male,8,NA
506010121691e11,2,2. Female,36,NA
204080111096e11,7,1. Male,4,NA
902010222634e11,4,1. Male,2,NA
803100122571e11,7,2. Female,1,NA
201050121155e11,3,2. Female,9,NA
302060321256e11,4,1. Male,18,NA
104050121013e11,4,2. Female,12,NA
110305132291e12,4,2. Female,25,NA
402010221656e11,5,2. Female,6,NA
901060222662e11,6,1. Male,16,NA
505031511765e11,5,2. Female,11,NA
303060421402e11,6,2. Female,5,NA
901090422655e11,7,1. Male,3,NA
606010111876e11,11,2. Female,20,NA
702020122426e11,4,2. Female,0,NA
13020802232e13,4,1. Male,10,NA
704060422377e11,3,2. Female,4,NA
201010511093e11,14,1. Male,0,NA
303070121479e11,9,1. Male,19,NA
803030522598e11,13,1. Male,0,NA
803090222588e11,6,1. Male,9,NA
303060421298e11,3,2. Female,13,NA
110303032292e12,7,1. Male,7,NA
110102022292e12,6,1. Male,4,NA
603040211967e11,5,2. Female,28,NA
130403052316e12,11,1. Male,20,NA
70304062241e12,4,1. Male,14,NA
302110121237e11,2,2. Female,24,NA
60302261224e12,6,1. Male,23,NA
505030211686e11,5,2. Female,9,NA
60302171228e12,8,2. Female,28,NA
803060622558e11,8,1. Male,11,NA
603023912261e11,5,2. Female,1,NA
505050721749e11,6,1. Male,7,NA
602070212069e11,7,1. Male,16,NA
40506042151e12,2,2. Female,48,NA
603024612234e11,14,1. Male,20,NA
306080221438e11,2,2. Female,31,NA
404030221639e11,4,2. Female,3,NA
302060121258e11,5,1. Male,6,NA
50404032168e12,9,1. Male,9,NA
130202042319e12,2,2. Female,32,NA
702061022331e11,6,2. Female,22,NA
120104042306e12,5,1. Male,12,NA
903030622694e11,6,2. Female,28,NA
606070111954e11,3,1. Male,10,NA
603010812134e11,4,2. Female,3,NA
110303032292e12,2,2. Female,34,NA
30606012125e12,5,2. Female,7,NA
130507042326e12,4,1. Male,9,NA
603010912201e11,12,1. Male,0,NA
901030322749e11,7,2. Female,4,NA
602020612075e11,3,2. Female,21,NA
901070222664e11,8,1. Male,1,NA
204040221199e11,8,2. Female,12,NA
804010222543e11,4,2. Female,85,NA
401030121623e11,9,2. Female,7,NA
203030321177e11,4,1. Male,6,NA
302090411463e11,2,2. Female,32,NA
603010312257e11,5,2. Female,24,NA
403160321674e11,2,2. Female,71,NA
603020612261e11,9,1. Male,10,NA
603012511822e11,9,2. Female,24,NA
130301062318e12,3,1. Male,18,NA
705030222364e11,8,2. Female,9,NA
507080521684e11,3,2. Female,18,NA
302070221315e11,2,2. Female,20,NA
502030121721e11,5,2. Female,80,NA
901050322715e11,4,1. Male,8,NA
130303092318e12,4,1. Male,18,NA
903070422754e11,6,2. Female,12,NA
302030211402e11,4,2. Female,4,NA
302090811465e11,7,1. Male,11,NA
301050321429e11,6,2. Female,12,NA
120302181312e12,2,2. Female,49,NA
602020912073e11,4,2. Female,21,NA
603021412049e11,6,1. Male,41,NA
803030622602e11,3,2. Female,15,NA
604020121825e11,10,1. Male,11,NA
306080221438e11,3,1. Male,14,NA
130306012322e12,4,1. Male,1,NA
203010421169e11,4,1. Male,2,NA
606070611873e11,2,2. Female,24,NA
406070221585e11,5,2. Female,1,NA
603024212247e11,4,2. Female,0,NA
605050612045e11,13,1. Male,22,NA
603026411969e11,4,2. Female,64,NA
203030621174e11,4,2. Female,5,NA
50601042169e12,3,2. Female,14,NA
605050112047e11,1,2. Female,60,NA
202020121135e11,4,2. Female,22,NA
101110321071e11,8,2. Female,28,NA
505030611786e11,2,1. Male,17,NA
603021412106e11,1,1. Male,70,NA
302070121317e11,3,1. Male,17,NA
306080421371e11,3,2. Female,28,NA
201011121091e11,4,2. Female,16,NA
606010111875e11,9,1. Male,20,NA
302090811307e11,11,1. Male,17,NA
100103012282e12,6,1. Male,2,NA
603012511822e11,8,2. Female,22,NA
903030622694e11,6,2. Female,15,NA
505031611767e11,2,2. Female,31,NA
203030521171e11,6,1. Male,8,NA
602060712176e11,2,2. Female,30,NA
901020322639e11,13,2. Female,67,NA
110205012286e12,9,1. Male,20,NA
204060121191e11,11,1. Male,67,NA
702060622369e11,3,2. Female,18,NA
130301022323e12,3,2. Female,15,NA
100102032282e12,2,2. Female,55,NA
603011711904e11,11,2. Female,28,NA
702060922331e11,4,1. Male,11,NA
605060312029e11,4,1. Male,12,NA
602022012207e11,6,2. Female,25,NA
602020811844e11,1,1. Male,39,NA
60303021279e12,4,1. Male,11,NA
802070322503e11,5,2. Female,16,NA
805010322614e11,4,1. Male,10,NA
602040712213e11,8,1. Male,8,NA
110306081289e12,3,1. Male,14,NA
603024811895e11,6,1. Male,6,NA
100506052284e12,3,1. Male,13,NA
30403012138e12,7,2. Female,23,NA
120303052303e12,7,1. Male,3,NA
505050421762e11,5,2. Female,65,NA
606070111955e11,4,1. Male,12,NA
304030221379e11,9,2. Female,13,NA
702060222333e11,11,1. Male,10,NA
203030121147e11,3,1. Male,9,NA
204090321188e11,7,1. Male,7,NA
302060121459e11,3,1. Male,21,NA
602021711842e11,7,1. Male,2,NA
603020511976e11,10,1. Male,0,NA
130304052322e12,5,2. Female,18,NA
104010221083e11,1,1. Male,73,NA
505031611767e11,4,2. Female,11,NA
130102042312e12,5,2. Female,0,NA
704030522462e11,3,1. Male,12,NA
403160121668e11,5,2. Female,14,NA
406060621546e11,7,2. Female,7,NA
603030811886e11,7,1. Male,17,NA
2010603211e13,2,2. Female,12,NA
303040221243e11,4,1. Male,11,NA
201050121155e11,3,1. Male,4,NA
901030422639e11,3,2. Female,23,NA
602020211932e11,10,2. Female,0,NA
606050311912e11,7,1. Male,13,NA
304110321341e11,3,1. Male,33,NA
603040112139e11,8,1. Male,6,NA
903030422704e11,4,1. Male,2,NA
403080321475e11,4,1. Male,13,NA
101090421044e11,5,1. Male,19,NA
803090122587e11,5,1. Male,6,NA
704040122472e11,4,2. Female,22,NA
120306122298e12,6,2. Female,8,NA
100401012283e12,4,2. Female,7,NA
703050622358e11,3,1. Male,7,NA
60301261186e12,2,2. Female,22,NA
903060222742e11,10,1. Male,2,NA
120104042306e12,4,1. Male,10,NA
110403012291e12,6,2. Female,12,NA
703100622407e11,8,2. Female,4,NA
802090222501e11,4,2. Female,81,NA
505040421781e11,4,2. Female,3,NA
901080222728e11,10,2. Female,18,NA
10020304228e13,4,1. Male,7,NA
505050921744e11,5,2. Female,81,NA
303080221395e11,3,2. Female,42,NA
7.0204012228000004e+22,2,2. Female,47,NA
402050521618e11,2,2. Female,45,NA
110103022294e12,1,2. Female,67,NA
505030411684e11,5,2. Female,2,NA
100304042277e12,7,1. Male,1,NA
602021511933e11,13,1. Male,16,NA
305070521225e11,6,2. Female,83,NA
102010321012e11,12,1. Male,10,NA
13020402232e13,2,2. Female,9,NA
606050212105e11,3,1. Male,15,NA
406030421533e11,3,2. Female,17,NA
505030611787e11,4,2. Female,14,NA
305070421226e11,2,2. Female,63,NA
100501011278e12,4,1. Male,15,NA
110105032292e12,2,2. Female,34,NA
401020221615e11,2,2. Female,34,NA
603022011918e11,7,2. Female,1,NA
203030621175e11,3,2. Female,11,NA
901040422669e11,3,2. Female,14,NA
603022012235e11,3,1. Male,3,NA
903030222646e11,5,2. Female,1,NA
302010911326e11,7,2. Female,75,NA
602021612187e11,3,1. Male,5,NA
302060121459e11,11,2. Female,2,NA
80303161261e12,4,2. Female,10,NA
901090422748e11,3,1. Male,8,NA
602020211932e11,5,1. Male,25,NA
605010212025e11,3,1. Male,14,NA
30209131141e12,10,2. Female,18,NA
305030421274e11,4,2. Female,15,NA
903040422713e11,3,2. Female,18,NA
303080521395e11,1,2. Female,29,NA
802070522502e11,8,1. Male,7,NA
100102032282e12,8,1. Male,17,NA
506020121688e11,9,1. Male,0,NA
902050422632e11,4,2. Female,15,NA
705040222269e11,1,2. Female,61,NA
603023612035e11,3,2. Female,6,NA
705030222362e11,4,1. Male,1,NA
120102042305e12,3,1. Male,20,NA
602020312205e11,2,2. Female,31,NA
603024011888e11,3,2. Female,1,NA
204070321179e11,4,1. Male,13,NA
603020111899e11,6,1. Male,8,NA
702100412294e11,4,1. Male,1,NA
803040122605e11,4,1. Male,17,NA
130509012324e12,3,2. Female,21,NA
120303052296e12,6,1. Male,14,NA
901080122665e11,7,2. Female,7,NA
304090421344e11,3,1. Male,19,NA
302100421293e11,7,1. Male,6,NA
302030211403e11,5,2. Female,3,NA
802020322582e11,12,2. Female,1,NA
603024012146e11,3,1. Male,4,NA
6030401122e13,6,1. Male,5,NA
10401012108e12,1,1. Male,62,NA
803090122587e11,6,1. Male,15,NA
603026311899e11,9,2. Female,3,NA
606070511872e11,1,1. Male,32,NA
101050121019e11,3,1. Male,14,NA
402040521551e11,5,2. Female,10,NA
120303012299e12,4,1. Male,0,NA
120203022309e12,4,2. Female,23,NA
401030321625e11,1,2. Female,64,NA
100101032282e12,9,1. Male,5,NA
10302012102e12,7,1. Male,0,NA
100604012281e12,3,2. Female,14,NA
130305042324e12,2,2. Female,73,NA
204081121096e11,5,2. Female,1,NA
603021212167e11,7,2. Female,15,NA
10109022104e12,9,1. Male,0,NA
803030812577e11,8,2. Female,19,NA
602050212064e11,2,2. Female,26,NA
303080421363e11,3,2. Female,21,NA
103010221007e11,7,1. Male,8,NA
302050121283e11,2,2. Female,21,NA
70307022235e12,4,2. Female,7,NA
602050412065e11,5,1. Male,21,NA
100301012284e12,11,1. Male,8,NA
101090521039e11,3,2. Female,16,NA
204020121151e11,5,1. Male,9,NA
603021412251e11,3,1. Male,6,NA
402010821657e11,8,2. Female,6,NA
302080421216e11,1,1. Male,65,NA
603024412129e11,6,2. Female,11,NA
403050121495e11,4,2. Female,0,NA
404060221545e11,3,2. Female,8,NA
602022711935e11,3,2. Female,17,NA
102040221057e11,3,2. Female,6,NA
602030911927e11,2,2. Female,39,NA
403180321489e11,1,1. Male,71,NA
40604042158e12,1,1. Male,40,NA
505011021789e11,5,1. Male,10,NA
603013212204e11,5,1. Male,73,NA
130301022324e12,3,2. Female,1,NA
803032812596e11,5,2. Female,5,NA
130302072323e12,5,1. Male,10,NA
901070222664e11,8,1. Male,2,NA
901090422748e11,3,2. Female,8,NA
120302081296e12,4,2. Female,1,NA
901040422669e11,5,2. Female,15,NA
120302101304e12,3,1. Male,9,NA
8020801225e13,5,2. Female,7,NA
701080522289e11,4,2. Female,2,NA
602020411841e11,4,1. Male,30,NA
603021412052e11,3,2. Female,6,NA
605050311995e11,6,2. Female,4,NA
130405022316e12,3,2. Female,11,NA
901070222664e11,3,1. Male,19,NA
603025111989e11,6,1. Male,0,NA
902030322662e11,8,2. Female,27,NA
304020221339e11,2,2. Female,2,NA
60302611215e12,8,1. Male,6,NA
406050711533e11,4,2. Female,7,NA
603030212255e11,12,2. Female,60,NA
303030321245e11,6,2. Female,1,NA
130303032324e12,2,2. Female,68,NA
101090721037e11,4,1. Male,16,NA
404010121518e11,3,1. Male,5,NA
130509042328e12,5,2. Female,78,NA
12040113231e13,5,1. Male,4,NA
304020121339e11,4,1. Male,0,NA
11040302229e13,11,1. Male,1,NA
603014112245e11,4,2. Female,12,NA
605030211984e11,4,2. Female,7,NA
120304022297e12,16,2. Female,0,NA
303080221396e11,3,2. Female,14,NA
507060321793e11,6,2. Female,3,NA
606071012124e11,9,1. Male,5,NA
204080821095e11,6,2. Female,9,NA
130305042323e12,4,1. Male,3,NA
13020502232e13,6,1. Male,7,NA
103070321054e11,3,1. Male,17,NA
705070122274e11,1,1. Male,82,NA
602020512185e11,3,1. Male,1,NA
130102052313e12,7,1. Male,9,NA
602041211923e11,4,2. Female,8,NA
605020312014e11,11,1. Male,25,NA
406030211572e11,3,1. Male,11,NA
202010621142e11,6,1. Male,11,NA
703090122308e11,3,2. Female,28,NA
130509042324e12,4,2. Female,9,NA
302040221329e11,10,1. Male,2,NA
803032212593e11,11,2. Female,12,NA
603030912035e11,4,2. Female,11,NA
804030222539e11,5,1. Male,12,NA
605051321992e11,3,1. Male,14,NA
130206012321e12,5,2. Female,24,NA
130502022327e12,4,2. Female,1,NA
505030811785e11,5,2. Female,74,NA
603013512199e11,2,2. Female,38,NA
902050422631e11,12,2. Female,4,NA
203020521171e11,6,2. Female,16,NA
120302041302e12,2,2. Female,25,NA
605020512015e11,10,1. Male,3,NA
507080121813e11,2,2. Female,26,NA
704010422325e11,2,2. Female,27,NA
605050412038e11,2,2. Female,27,NA
305070221333e11,7,2. Female,2,NA
603014212236e11,3,2. Female,16,NA
603022311855e11,10,1. Male,0,NA
901040222636e11,6,1. Male,12,NA
405070421534e11,7,2. Female,31,NA
120302161301e12,5,1. Male,2,NA
603023611966e11,8,1. Male,9,NA
504010321704e11,4,1. Male,13,NA
603012811885e11,4,2. Female,17,NA
605060212089e11,2,1. Male,21,NA
301050221421e11,3,2. Female,9,NA
203010221168e11,3,2. Female,14,NA
406030711572e11,2,2. Female,41,NA
702100722267e11,2,2. Female,34,NA
101110721067e11,7,1. Male,9,NA
503020221699e11,4,2. Female,7,NA
401011021612e11,10,2. Female,18,NA
605050211995e11,4,2. Female,17,NA
404070121556e11,5,2. Female,8,NA
702090422262e11,8,1. Male,16,NA
901080522762e11,8,2. Female,10,NA
130303092318e12,3,2. Female,13,NA
202020921135e11,6,1. Male,11,NA
802070422491e11,9,1. Male,8,NA
803030912594e11,5,2. Female,8,NA
305070121225e11,5,2. Female,19,NA
103070321055e11,3,2. Female,23,NA
507020321808e11,14,1. Male,2,NA
8020205226e13,4,1. Male,14,NA
605060712085e11,5,2. Female,6,NA
204090621188e11,9,2. Female,8,NA
606040512123e11,5,2. Female,16,NA
201010921107e11,5,1. Male,3,NA
603030512141e11,4,1. Male,25,NA
602021112074e11,6,1. Male,0,NA
130205052322e12,4,2. Female,3,NA
601050221892e11,5,1. Male,7,NA
603011911862e11,7,2. Female,22,NA
503040321698e11,10,2. Female,9,NA
603011812033e11,1,1. Male,25,NA
40507022153e12,3,2. Female,29,NA
11040202229e13,9,2. Female,31,NA
50504072178e12,5,2. Female,11,NA
606030521942e11,6,1. Male,5,NA
901090122655e11,7,1. Male,4,NA
702030122345e11,12,2. Female,12,NA
120302131303e12,5,2. Female,3,NA
703050622358e11,4,1. Male,7,NA
100503012279e12,5,1. Male,4,NA
406070521485e11,4,1. Male,12,NA
101050321001e11,6,1. Male,5,NA
704070322468e11,3,1. Male,9,NA
302080321217e11,2,2. Female,49,NA
704060422385e11,4,2. Female,23,NA
110408022287e12,3,1. Male,16,NA
130304012322e12,4,1. Male,10,NA
701060422387e11,5,2. Female,6,NA
901020122714e11,2,2. Female,68,NA
504010321704e11,8,2. Female,3,NA
602030411929e11,1,1. Male,61,NA
603024811894e11,2,2. Female,28,NA
130505072329e12,4,2. Female,15,NA
110304012292e12,5,1. Male,7,NA
70201032237e12,3,1. Male,13,NA
130303082324e12,1,2. Female,63,NA
100503022279e12,5,2. Female,7,NA
90204012274e12,5,1. Male,13,NA
120401112311e12,2,2. Female,31,NA
304120221355e11,3,1. Male,1,NA
604020121825e11,11,1. Male,73,NA
40303032148e12,6,1. Male,22,NA
804030222539e11,7,1. Male,6,NA
70309022226e12,8,2. Female,6,NA
130503111327e12,8,2. Female,9,NA
903030122703e11,5,2. Female,5,NA
603023611966e11,4,2. Female,0,NA
603021711978e11,7,2. Female,0,NA
603011612127e11,7,2. Female,1,NA
201020221125e11,9,2. Female,1,NA
130301022323e12,5,1. Male,0,NA
802030122623e11,1,1. Male,65,NA
803090222588e11,8,1. Male,0,NA
502010121721e11,4,2. Female,15,NA
13020402232e13,6,2. Female,8,NA
605050112048e11,5,1. Male,20,NA
603021012261e11,3,2. Female,23,NA
404020221636e11,2,2. Female,31,NA
801050322532e11,5,1. Male,5,NA
110202012286e12,4,1. Male,3,NA
605051522045e11,6,1. Male,13,NA
605020112014e11,6,2. Female,2,NA
603021411996e11,3,2. Female,22,NA
602022012207e11,2,2. Female,46,NA
1203021713e14,5,1. Male,2,NA
902030812691e11,6,2. Female,7,NA
202020521138e11,4,2. Female,7,NA
70502022227e12,3,2. Female,20,NA
703040522444e11,2,2. Female,39,NA
603025512239e11,4,1. Male,19,NA
602020111937e11,4,2. Female,23,NA
605050412041e11,3,1. Male,7,NA
704050122372e11,3,2. Female,19,NA
130503021324e12,9,1. Male,5,NA
202010221139e11,4,2. Female,74,NA
802030122626e11,3,2. Female,25,NA
803032112618e11,3,1. Male,2,NA
130304052325e12,6,1. Male,6,NA
701010122254e11,9,1. Male,18,NA
130204042321e12,3,2. Female,15,NA
204080521185e11,7,1. Male,4,NA
302010811253e11,6,2. Female,8,NA
606030521942e11,5,2. Female,25,NA
605030211984e11,5,1. Male,31,NA
104040221029e11,7,2. Female,27,NA
201060321101e11,7,1. Male,9,NA
601040321828e11,4,1. Male,21,NA
403070121539e11,4,2. Female,15,NA
202010921104e11,4,2. Female,5,NA
303030221399e11,5,1. Male,9,NA
11040101229e13,5,1. Male,14,NA
130206022319e12,2,1. Male,6,NA
606050611953e11,2,2. Female,33,NA
130509052325e12,11,2. Female,16,NA
702100112258e11,3,1. Male,4,NA
103040321054e11,9,1. Male,1,NA
120202042309e12,3,1. Male,7,NA
702070122423e11,6,1. Male,2,NA
120304022297e12,5,1. Male,5,NA
401030221623e11,12,1. Male,0,NA
100304032277e12,6,1. Male,5,NA
603021412056e11,6,2. Female,24,NA
505030111686e11,9,1. Male,3,NA
601040122094e11,5,2. Female,11,NA
603020512009e11,3,1. Male,27,NA
103040421024e11,6,1. Male,20,NA
304120121354e11,9,2. Female,0,NA
603025912093e11,8,2. Female,2,NA
603022612241e11,3,1. Male,12,NA
902030222753e11,5,2. Female,5,NA
404060121517e11,5,1. Male,81,NA
204080711185e11,8,1. Male,8,NA
901040222657e11,12,2. Female,2,NA
403110121486e11,9,2. Female,15,NA
603024412292e11,2,2. Female,25,NA
101010121062e11,10,1. Male,8,NA
100101032282e12,8,1. Male,3,NA
605060212087e11,3,2. Female,42,NA
110306081295e12,2,1. Male,9,NA
406060521566e11,4,2. Female,13,NA
602041012176e11,3,2. Female,17,NA
130406022316e12,5,1. Male,7,NA
302010811327e11,8,2. Female,15,NA
603024912189e11,3,2. Female,6,NA
304100121361e11,4,1. Male,15,NA
130508032325e12,3,1. Male,24,NA
902050122751e11,4,1. Male,4,NA
703100322353e11,3,1. Male,3,NA
102040121059e11,6,2. Female,4,NA
120201192308e12,5,2. Female,5,NA
302030321326e11,1,1. Male,92,NA
903020422682e11,6,1. Male,5,NA
10020301228e13,6,1. Male,7,NA
603024811904e11,3,2. Female,18,NA
120401152311e12,5,1. Male,12,NA
13020608233e13,8,1. Male,2,NA
202020921135e11,4,2. Female,17,NA
803030722579e11,1,2. Female,62,NA
803032112618e11,5,2. Female,10,NA
110306051289e12,3,1. Male,8,NA
605060112088e11,5,1. Male,25,NA
100303022277e12,5,1. Male,13,NA
303080221369e11,3,1. Male,30,NA
805020522621e11,8,2. Female,2,NA
803100122571e11,4,2. Female,7,NA
101090421043e11,5,2. Female,29,NA
802030322506e11,6,2. Female,85,NA
204080711206e11,3,1. Male,27,NA
60605031191e12,10,2. Female,0,NA
604010222097e11,6,1. Male,15,NA
402050421605e11,2,2. Female,48,NA
702060922291e11,5,1. Male,16,NA
201030221119e11,3,2. Female,5,NA
507010121808e11,3,2. Female,3,NA
506020321739e11,5,1. Male,8,NA
100502072278e12,4,1. Male,23,NA
803030622598e11,5,2. Female,14,NA
60506051196e12,7,1. Male,19,NA
404060521641e11,6,1. Male,5,NA
603031112254e11,5,2. Female,21,NA
602041511921e11,6,1. Male,13,NA
507010321806e11,5,2. Female,9,NA
403040221472e11,8,2. Female,32,NA
605020312017e11,12,2. Female,6,NA
120302011296e12,5,2. Female,0,NA
505030611786e11,5,2. Female,4,NA
120303052303e12,2,2. Female,43,NA
404050121634e11,8,2. Female,3,NA
901050422702e11,3,2. Female,5,NA
805010222614e11,4,1. Male,15,NA
701080122287e11,5,1. Male,7,NA
603024411866e11,9,2. Female,25,NA
603010612135e11,4,2. Female,5,NA
603020912198e11,3,2. Female,6,NA
303050621228e11,7,2. Female,71,NA
30203072124e12,4,2. Female,21,NA
803030912595e11,7,1. Male,14,NA
100603012281e12,2,2. Female,23,NA
603030912272e11,9,2. Female,20,NA
101010221018e11,8,2. Female,3,NA
204020321153e11,4,2. Female,13,NA
606050311912e11,3,2. Female,10,NA
130501012329e12,1,1. Male,45,NA
201060221099e11,6,2. Female,7,NA
120308072302e12,2,2. Female,65,NA
603021711889e11,4,2. Female,13,NA
120301042295e12,2,2. Female,49,NA
602060512227e11,6,1. Male,7,NA
504030521764e11,2,1. Male,10,NA
302050121284e11,4,2. Female,29,NA
704010522326e11,3,2. Female,7,NA
602030611931e11,5,2. Female,4,NA
80403012254e12,4,2. Female,14,NA
801040322528e11,7,2. Female,2,NA
702040522339e11,10,2. Female,5,NA
130405012316e12,7,1. Male,0,NA
306080221438e11,4,1. Male,11,NA
602050612158e11,12,1. Male,3,NA
13020303232e13,2,2. Female,67,NA
80106032252e12,5,1. Male,8,NA
505020221771e11,3,1. Male,10,NA
901030322691e11,2,2. Female,25,NA
304120221355e11,4,2. Female,15,NA
704080622322e11,9,1. Male,3,NA
602041012176e11,5,2. Female,18,NA
120104042306e12,3,2. Female,3,NA
603022311895e11,3,1. Male,22,NA
605051221996e11,4,1. Male,18,NA
602042021847e11,4,1. Male,8,NA
306080421372e11,8,2. Female,7,NA
120305042297e12,5,2. Female,10,NA
903030622694e11,5,1. Male,0,NA
303030221399e11,4,2. Female,12,NA
704010422325e11,8,1. Male,8,NA
10205012101e12,8,1. Male,4,NA
704060222471e11,4,2. Female,22,NA
302090811307e11,9,1. Male,21,NA
805010522619e11,8,2. Female,3,NA
903010722709e11,3,1. Male,4,NA
202020921135e11,4,2. Female,10,NA
305030121275e11,4,2. Female,3,NA
406010721588e11,4,1. Male,21,NA
120302041302e12,2,2. Female,31,NA
60302051199e12,7,1. Male,18,NA
505010621756e11,3,1. Male,9,NA
602022312206e11,3,2. Female,17,NA
100101032282e12,7,2. Female,3,NA
100305012281e12,2,1. Male,21,NA
703020322306e11,5,1. Male,17,NA
11040101229e13,10,1. Male,11,NA
130304092329e12,2,2. Female,21,NA
110305022293e12,12,2. Female,29,NA
102020321027e11,4,1. Male,13,NA
602050712064e11,2,2. Female,43,NA
80106032252e12,6,1. Male,3,NA
101050221073e11,5,1. Male,1,NA
903060322673e11,4,1. Male,12,NA
12040202231e13,6,1. Male,6,NA
100506032279e12,5,2. Female,8,NA
603022012233e11,2,2. Female,23,NA
100104022282e12,5,1. Male,1,NA
130503132328e12,3,2. Female,9,NA
120105022305e12,1,1. Male,65,NA
406060221563e11,5,2. Female,4,NA
8020901225e13,2,2. Female,50,NA
100104022282e12,2,2. Female,13,NA
901050322733e11,5,1. Male,10,NA
903030322704e11,3,2. Female,11,NA
603020312233e11,7,1. Male,18,NA
603020512009e11,5,1. Male,2,NA
301070521417e11,2,2. Female,30,NA
606040821951e11,6,2. Female,8,NA
130301062318e12,6,1. Male,6,NA
804050222512e11,5,1. Male,18,NA
100501011278e12,7,2. Female,3,NA
903010122671e11,7,2. Female,7,NA
100301042277e12,9,2. Female,2,NA
100602012283e12,7,1. Male,10,NA
40605032162e12,7,2. Female,0,NA
703040522443e11,4,1. Male,12,NA
603030611886e11,9,2. Female,71,NA
902030422763e11,2,2. Female,28,NA
601040421826e11,4,1. Male,13,NA
120302201298e12,5,1. Male,4,NA
104060221012e11,8,2. Female,86,NA
603010611882e11,6,1. Male,21,NA
603020212237e11,4,2. Female,10,NA
405040221539e11,7,1. Male,12,NA
902040122739e11,4,2. Female,27,NA
102030321012e11,6,2. Female,30,NA
303030121396e11,5,2. Female,7,NA
703030722276e11,4,1. Male,13,NA
603026711898e11,4,1. Male,26,NA
603011112269e11,5,2. Female,12,NA
602041611918e11,2,1. Male,14,NA
302020321295e11,3,1. Male,5,NA
805010322614e11,4,1. Male,28,NA
703100622408e11,4,2. Female,11,NA
801010322514e11,5,1. Male,7,NA
102020321012e11,10,2. Female,5,NA
603024212277e11,5,2. Female,11,NA
302090811308e11,5,2. Female,8,NA
602021012181e11,6,2. Female,2,NA
201060221099e11,4,1. Male,15,NA
130206042322e12,5,1. Male,15,NA
302030421325e11,2,2. Female,78,NA
60206041216e12,5,1. Male,20,NA
601010421908e11,4,1. Male,9,NA
603025212229e11,3,1. Male,9,NA
100401042283e12,2,1. Male,25,NA
60302611215e12,5,2. Female,9,NA
802060222504e11,4,2. Female,9,NA
306070121413e11,1,2. Female,45,NA
130503021328e12,3,2. Female,6,NA
704030522462e11,4,2. Female,12,NA
104010321045e11,7,2. Female,9,NA
505030211685e11,4,1. Male,2,NA
306010321448e11,7,2. Female,2,NA
803060622558e11,6,2. Female,8,NA
120304032299e12,2,2. Female,44,NA
602021112073e11,13,2. Female,2,NA
202020421136e11,5,1. Male,0,NA
901060222663e11,8,2. Female,12,NA
130406022317e12,1,1. Male,84,NA
603024911977e11,3,2. Female,22,NA
60201012185e12,3,1. Male,26,NA
90104062273e12,3,1. Male,3,NA
100301022283e12,3,1. Male,25,NA
703100722407e11,5,2. Female,23,NA
30503022128e12,6,2. Female,15,NA
60204081192e12,5,1. Male,12,NA
40304012147e12,5,2. Female,7,NA
302040421288e11,3,1. Male,15,NA
902030322757e11,3,2. Female,9,NA
603011312201e11,8,1. Male,5,NA
605050112047e11,10,1. Male,0,NA
603030912001e11,2,1. Male,19,NA
602060412224e11,4,2. Female,17,NA
603026411969e11,3,1. Male,7,NA
101070321063e11,3,2. Female,18,NA
302010511313e11,3,1. Male,25,NA
204010821202e11,5,2. Female,7,NA
130304022322e12,5,2. Female,14,NA
40605051162e12,3,2. Female,15,NA
302090811221e11,4,1. Male,12,NA
504020521728e11,5,2. Female,3,NA
505020821771e11,3,1. Male,12,NA
301050221423e11,10,2. Female,1,NA
903070322648e11,2,2. Female,40,NA
100101022282e12,12,2. Female,7,NA
100603012281e12,2,2. Female,54,NA
603025212203e11,3,1. Male,12,NA
603021111981e11,3,1. Male,0,NA
130503081327e12,2,1. Male,10,NA
602021112075e11,3,2. Female,11,NA
505030711768e11,3,1. Male,11,NA
603030812143e11,2,1. Male,20,NA
606030422104e11,10,2. Female,6,NA
304110221386e11,3,1. Male,15,NA
902030612735e11,2,1. Male,13,NA
110302032286e12,5,1. Male,8,NA
60302261224e12,7,1. Male,28,NA
605050512058e11,6,2. Female,18,NA
704021122325e11,4,1. Male,5,NA
602041822219e11,4,1. Male,2,NA
60302641213e12,5,2. Female,9,NA
130304042317e12,8,2. Female,15,NA
803030812552e11,3,2. Female,10,NA
13020702232e13,4,1. Male,13,NA
605050512058e11,6,2. Female,31,NA
130304022322e12,4,2. Female,10,NA
204010821094e11,8,1. Male,15,NA
406020711567e11,11,2. Female,4,NA
302030111239e11,5,2. Female,16,NA
603024812127e11,4,2. Female,15,NA
130103012314e12,7,1. Male,20,NA
606070912102e11,8,1. Male,4,NA
110306101289e12,3,1. Male,7,NA
602021812182e11,6,1. Male,27,NA
603013722202e11,5,2. Female,25,NA
11040601229e13,10,1. Male,3,NA
100304052277e12,4,2. Female,9,NA
120201012309e12,3,1. Male,17,NA
100103012282e12,1,2. Female,31,NA
606070711874e11,8,2. Female,19,NA
603030411898e11,4,2. Female,8,NA
305030421275e11,5,2. Female,32,NA
120308172302e12,6,1. Male,13,NA
606070512081e11,4,1. Male,13,NA
602030311926e11,4,2. Female,6,NA
20201052e15,2,2. Female,11,NA
602022112206e11,4,1. Male,11,NA
603022812125e11,3,1. Male,20,NA
602021411935e11,11,2. Female,2,NA
120102082305e12,5,1. Male,16,NA
602041211923e11,6,2. Female,19,NA
902030422763e11,11,1. Male,4,NA
100505012278e12,11,1. Male,8,NA
204030221184e11,3,1. Male,12,NA
602041211923e11,2,2. Female,31,NA
12040114231e13,3,1. Male,27,NA
802090522551e11,4,1. Male,10,NA
901040222657e11,3,1. Male,18,NA
203020321149e11,8,1. Male,1,NA
704060522378e11,5,1. Male,10,NA
903060722723e11,3,2. Female,8,NA
201020421123e11,6,2. Female,2,NA
404010121632e11,2,2. Female,84,NA
404050221642e11,5,2. Female,21,NA
602050211994e11,5,1. Male,8,NA
902030322763e11,3,1. Male,4,NA
603024412129e11,1,1. Male,32,NA
603024012049e11,13,2. Female,28,NA
805020322613e11,8,1. Male,6,NA
101090121044e11,13,1. Male,6,NA
803020322574e11,2,2. Female,26,NA
130102022312e12,6,1. Male,9,NA
603020112193e11,3,1. Male,2,NA
603023712154e11,2,2. Female,33,NA
603020612001e11,2,2. Female,17,NA
120308082302e12,6,1. Male,10,NA
10020306228e13,6,1. Male,11,NA
110301052285e12,6,2. Female,14,NA
301050521429e11,5,2. Female,2,NA
110105032292e12,8,1. Male,8,NA
605051112057e11,5,1. Male,12,NA
603012612151e11,7,1. Male,27,NA
110303042292e12,4,2. Female,7,NA
606040312116e11,5,1. Male,11,NA
703010122405e11,5,2. Female,2,NA
901050322732e11,5,1. Male,10,NA
505030611787e11,2,2. Female,26,NA
403050221495e11,9,1. Male,4,NA
101010321026e11,2,2. Female,29,NA
403090321505e11,4,2. Female,4,NA
100102012282e12,7,1. Male,7,NA
701060212387e11,7,2. Female,9,NA
606040112115e11,8,2. Female,7,NA
702070122424e11,7,1. Male,15,NA
602041721844e11,4,2. Female,6,NA
605060812091e11,7,1. Male,5,NA
6030201111e13,4,2. Female,3,NA
802060122628e11,4,1. Male,8,NA
12040113231e13,7,1. Male,70,NA
303040321397e11,6,1. Male,4,NA
605050412041e11,3,1. Male,6,NA
204080211096e11,6,2. Female,8,NA
110104042291e12,8,2. Female,0,NA
130403022317e12,3,1. Male,9,NA
110306061294e12,3,1. Male,1,NA
903050622651e11,5,2. Female,20,NA
306020221416e11,9,2. Female,4,NA
802020122501e11,5,2. Female,10,NA
901030122716e11,5,1. Male,12,NA
803031012581e11,3,2. Female,16,NA
506040521741e11,6,1. Male,21,NA
203010521121e11,5,2. Female,3,NA
603025811868e11,6,1. Male,25,NA
701050222449e11,4,2. Female,10,NA
102040321024e11,3,2. Female,21,NA
803060122554e11,5,2. Female,15,NA
120105022305e12,3,1. Male,7,NA
60302611205e12,1,2. Female,80,NA
606070112103e11,1,1. Male,63,NA
110301062291e12,2,2. Female,60,NA
70202032243e12,8,2. Female,0,NA
110306061285e12,2,2. Female,39,NA
305040121282e11,5,2. Female,8,NA
13020802233e13,2,2. Female,32,NA
703020522302e11,3,1. Male,12,NA
604020222092e11,4,2. Female,16,NA
101030221052e11,10,1. Male,1,NA
120301032295e12,4,1. Male,13,NA
406060321563e11,12,1. Male,0,NA
10109022104e12,9,2. Female,5,NA
204070121179e11,3,1. Male,3,NA
406070321583e11,2,2. Female,34,NA
130304062318e12,6,2. Female,17,NA
603014212235e11,3,1. Male,21,NA
602060412224e11,2,2. Female,45,NA
701010322256e11,2,2. Female,65,NA
702080122433e11,8,2. Female,1,NA
104050121013e11,4,2. Female,19,NA
50705062181e12,10,2. Female,0,NA
110105022292e12,6,1. Male,5,NA
704020822318e11,6,1. Male,1,NA
305070821336e11,7,1. Male,12,NA
803032412597e11,4,2. Female,8,NA
406060121562e11,6,2. Female,46,NA
505031921714e11,4,1. Male,21,NA
302060121459e11,6,1. Male,1,NA
605010312022e11,5,2. Female,1,NA
603025412056e11,3,2. Female,2,NA
402010921609e11,3,1. Male,13,NA
603013722135e11,7,2. Female,0,NA
403140321482e11,3,2. Female,16,NA
603023712154e11,4,2. Female,15,NA
603022412095e11,8,2. Female,23,NA
305070121331e11,5,2. Female,0,NA
603011311978e11,5,1. Male,12,NA
201060421098e11,7,1. Male,11,NA
703070322351e11,2,2. Female,13,NA
603011911979e11,4,1. Male,5,NA
90203042268e12,6,2. Female,8,NA
603030912142e11,10,1. Male,20,NA
602021012181e11,9,2. Female,17,NA
703110322305e11,3,2. Female,13,NA
803031512567e11,9,2. Female,11,NA
404060321641e11,3,1. Male,11,NA
11040203229e13,6,1. Male,21,NA
305050121276e11,9,2. Female,8,NA
603022812166e11,7,2. Female,19,NA
603030412149e11,3,2. Female,11,NA
120305042297e12,7,1. Male,2,NA
507030121813e11,4,1. Male,9,NA
303050921367e11,7,2. Female,7,NA
70210021229e12,10,1. Male,15,NA
404010121518e11,8,2. Female,0,NA
130205012321e12,3,1. Male,12,NA
602040422176e11,9,1. Male,1,NA
406070521612e11,6,1. Male,1,NA
505031221719e11,2,1. Male,17,NA
901050322715e11,6,2. Female,15,NA
402060221647e11,4,1. Male,4,NA
901050422715e11,3,1. Male,16,NA
603013611975e11,8,1. Male,2,NA
505020621769e11,2,2. Female,50,NA
130502062329e12,8,2. Female,70,NA
100602022282e12,10,1. Male,8,NA
505031221718e11,5,2. Female,14,NA
605030211984e11,10,1. Male,25,NA
30307012127e12,4,1. Male,13,NA
401010921599e11,4,1. Male,18,NA
204080411195e11,3,1. Male,4,NA
60201022185e12,4,2. Female,4,NA
110302012295e12,3,1. Male,7,NA
204080521185e11,9,1. Male,10,NA
702100412294e11,7,1. Male,16,NA
130303082324e12,2,2. Female,14,NA
606071122119e11,4,1. Male,19,NA
110101012293e12,3,1. Male,9,NA
60302041189e12,2,1. Male,20,NA
5070506218e13,4,1. Male,1,NA
120103032306e12,3,2. Female,2,NA
606010211946e11,3,2. Female,19,NA
602070212069e11,7,1. Male,0,NA
110205012286e12,3,1. Male,13,NA
506040521741e11,6,2. Female,2,NA
130501062317e12,4,2. Female,70,NA
602050512064e11,8,1. Male,30,NA
606070912101e11,6,1. Male,6,NA
306070121414e11,4,1. Male,12,NA
110101022293e12,6,2. Female,10,NA
306060121211e11,9,2. Female,2,NA
702050222296e11,4,1. Male,9,NA
702100212292e11,6,2. Female,21,NA
502020221725e11,3,1. Male,12,NA
602040712213e11,6,1. Male,21,NA
102050221027e11,4,1. Male,13,NA
302090611247e11,2,2. Female,39,NA
703030822406e11,6,1. Male,12,NA
104060221013e11,5,2. Female,17,NA
201060421098e11,4,2. Female,4,NA
130203032316e12,2,2. Female,22,NA
803031722618e11,3,2. Female,0,NA
605020512015e11,4,2. Female,12,NA
11030506229e13,6,1. Male,11,NA
60203061193e12,13,2. Female,1,NA
505030711788e11,3,2. Female,19,NA
901030422686e11,7,1. Male,10,NA
702010522421e11,7,1. Male,14,NA
120302131299e12,5,2. Female,21,NA
602030911928e11,4,2. Female,21,NA
110104012291e12,6,1. Male,83,NA
110301052285e12,7,2. Female,15,NA
405010221522e11,5,2. Female,52,NA
302020221295e11,3,1. Male,12,NA
801010322515e11,6,2. Female,5,NA
602030411929e11,1,1. Male,60,NA
603021412286e11,5,2. Female,0,NA
203030621175e11,3,1. Male,14,NA
110307022288e12,1,1. Male,90,NA
507080621805e11,6,2. Female,1,NA
201010411093e11,10,1. Male,7,NA
202010321127e11,9,1. Male,0,NA
704050522374e11,5,1. Male,2,NA
101080221064e11,1,1. Male,55,NA
301030121411e11,4,2. Female,16,NA
130406022317e12,2,1. Male,10,NA
120308142302e12,3,1. Male,16,NA
505031921714e11,3,1. Male,14,NA
603011612054e11,4,1. Male,28,NA
110303062288e12,4,2. Female,16,NA
302110221321e11,4,2. Female,12,NA
704010322381e11,3,2. Female,18,NA
701040322253e11,8,1. Male,4,NA
505010321757e11,3,1. Male,14,NA
901030322717e11,12,1. Male,16,NA
701040122254e11,4,2. Female,11,NA
902030322763e11,6,2. Female,16,NA
603020512009e11,7,2. Female,7,NA
703050322262e11,5,2. Female,26,NA
7030509223e13,6,1. Male,23,NA
305070421331e11,4,2. Female,11,NA
13020502232e13,2,2. Female,35,NA
406030811531e11,3,2. Female,10,NA
602050412063e11,4,1. Male,19,NA
604010122096e11,5,2. Female,13,NA
602020912183e11,5,2. Female,15,NA
403110321486e11,7,1. Male,7,NA
701050222449e11,6,1. Male,7,NA
120308072302e12,2,2. Female,68,NA
903010522706e11,4,2. Female,0,NA
603011512134e11,7,2. Female,20,NA
505020521775e11,7,1. Male,12,NA
120401172312e12,3,2. Female,13,NA
103030221004e11,8,2. Female,3,NA
130502072326e12,5,2. Female,1,NA
602041111848e11,4,1. Male,10,NA
404020121642e11,11,2. Female,25,NA
120401022311e12,4,1. Male,15,NA
802050322493e11,4,2. Female,31,NA
803080122561e11,3,1. Male,9,NA
903030222697e11,9,1. Male,5,NA
201010921107e11,6,2. Female,3,NA
403100321507e11,3,2. Female,15,NA
603021112149e11,5,1. Male,13,NA
303080121314e11,2,2. Female,29,NA
702070622451e11,8,1. Male,1,NA
703040122413e11,7,1. Male,2,NA
603020312233e11,3,1. Male,2,NA
8020901225e13,8,1. Male,0,NA
130103022312e12,4,2. Female,16,NA
303080221219e11,3,2. Female,16,NA
507050321796e11,3,2. Female,4,NA
301080221424e11,6,1. Male,13,NA
130102042312e12,4,1. Male,4,NA
306050321443e11,2,2. Female,34,NA
803031112618e11,6,1. Male,2,NA
602021711842e11,4,1. Male,0,NA
605051222006e11,2,2. Female,49,NA
602020312204e11,11,2. Female,23,NA
302010221252e11,9,2. Female,18,NA
603021812284e11,6,2. Female,19,NA
302010811326e11,3,1. Male,5,NA
10202022101e12,10,2. Female,12,NA
201050121154e11,4,1. Male,10,NA
603026111855e11,1,1. Male,22,NA
403130421493e11,6,1. Male,1,NA
703050422369e11,7,2. Female,4,NA
120303082296e12,3,2. Female,19,NA
505040121782e11,4,1. Male,21,NA
30308012138e12,4,1. Male,3,NA
130304042322e12,4,1. Male,11,NA
704010422325e11,3,1. Male,14,NA
602021212074e11,8,1. Male,23,NA
204030221184e11,2,2. Female,6,NA
501020321734e11,3,2. Female,15,NA
100502031279e12,4,1. Male,15,NA
602020512185e11,6,1. Male,22,NA
505040421781e11,9,1. Male,6,NA
100201022284e12,2,2. Female,28,NA
120303012299e12,2,2. Female,26,NA
704070722469e11,10,1. Male,0,NA
102050221027e11,5,1. Male,2,NA
606010211946e11,5,1. Male,21,NA
110302032293e12,5,2. Female,16,NA
702061412337e11,3,1. Male,13,NA
606060112077e11,5,2. Female,12,NA
805010222613e11,4,1. Male,21,NA
901080522762e11,3,1. Male,10,NA
130503041324e12,6,1. Male,0,NA
505031221716e11,1,1. Male,33,NA
902030422662e11,6,2. Female,7,NA
303070221271e11,7,1. Male,24,NA
606060412084e11,3,1. Male,14,NA
110301012288e12,7,1. Male,66,NA
104040221029e11,4,2. Female,16,NA
802100122491e11,5,1. Male,12,NA
606030422103e11,5,1. Male,0,NA
701040122253e11,8,1. Male,0,NA
130104032315e12,2,2. Female,50,NA
703050222302e11,3,1. Male,21,NA
204080621195e11,10,2. Female,7,NA
604010122093e11,2,2. Female,31,NA
120401102311e12,3,1. Male,15,NA
90203081269e12,10,2. Female,17,NA
13020303232e13,8,1. Male,14,NA
602021311938e11,5,2. Female,19,NA
605060612088e11,6,1. Male,14,NA
101010221018e11,11,1. Male,8,NA
100503022279e12,7,2. Female,8,NA
602041511921e11,4,2. Female,24,NA
6030404122e13,3,1. Male,3,NA
30209012131e12,8,2. Female,23,NA
603030811887e11,9,2. Female,47,NA
120103022306e12,5,2. Female,10,NA
702030122344e11,4,1. Male,8,NA
902030912736e11,5,1. Male,23,NA
603040112139e11,5,2. Female,21,NA
602021411837e11,7,2. Female,0,NA
60205061216e12,6,1. Male,3,NA
104010321045e11,3,2. Female,14,NA
60505041204e12,2,2. Female,19,NA
605020112014e11,3,2. Female,24,NA
102040521025e11,8,2. Female,10,NA
605050912038e11,5,2. Female,6,NA
701010522475e11,6,2. Female,12,NA
603025611853e11,9,2. Female,25,NA
603026511974e11,3,1. Male,21,NA
304040321347e11,4,1. Male,10,NA
602022012207e11,9,1. Male,22,NA
130506012326e12,3,2. Female,16,NA
703050622416e11,7,1. Male,8,NA
705040322267e11,10,2. Female,4,NA
130504012328e12,5,2. Female,4,NA
602020512185e11,4,1. Male,20,NA
703080222263e11,4,1. Male,14,NA
203030421208e11,4,1. Male,10,NA
203030221153e11,8,2. Female,2,NA
602041111847e11,5,1. Male,3,NA
702061412334e11,4,1. Male,15,NA
306030221264e11,2,2. Female,29,NA
302010711312e11,7,1. Male,15,NA
130503021326e12,2,2. Female,42,NA
903070322674e11,2,2. Female,31,NA
304110321341e11,3,2. Female,8,NA
504030621731e11,2,1. Male,73,NA
40604022158e12,3,2. Female,32,NA
602060611878e11,8,1. Male,2,NA
903030422704e11,6,1. Male,5,NA
120306092298e12,3,2. Female,19,NA
302040421289e11,3,2. Female,5,NA
302030321325e11,3,1. Male,0,NA
203020421173e11,7,2. Female,75,NA
903060622744e11,4,1. Male,1,NA
203030321178e11,6,1. Male,6,NA
606030421948e11,6,2. Female,29,NA
803010622606e11,3,1. Male,24,NA
403130221491e11,4,2. Female,7,NA
902030912734e11,15,2. Female,0,NA
602022312206e11,3,1. Male,4,NA
801050222528e11,7,1. Male,8,NA
130303032324e12,3,2. Female,12,NA
100204032285e12,6,1. Male,4,NA
120301042295e12,3,1. Male,25,NA
903030122703e11,2,2. Female,31,NA
603021812231e11,3,1. Male,1,NA
603021711889e11,6,1. Male,17,NA
702030222343e11,6,1. Male,10,NA
406020711518e11,7,1. Male,12,NA
606030121942e11,16,1. Male,0,NA
402040521662e11,4,2. Female,10,NA
602030611931e11,4,2. Female,13,NA
504010121711e11,4,1. Male,4,NA
605051321992e11,2,1. Male,12,NA
804050222552e11,7,2. Female,70,NA
603021411996e11,8,2. Female,18,NA
302091011462e11,6,2. Female,16,NA
603013212072e11,7,2. Female,19,NA
605060312017e11,4,1. Male,20,NA
603011612125e11,4,1. Male,8,NA
702070322426e11,7,2. Female,7,NA
603012512126e11,5,2. Female,23,NA
130502062329e12,7,1. Male,4,NA
602050712065e11,3,1. Male,15,NA
130304012322e12,7,2. Female,3,NA
603025312136e11,4,1. Male,20,NA
120101052306e12,5,2. Female,16,NA
701020122283e11,2,1. Male,17,NA
603021412254e11,1,1. Male,80,NA
120201052307e12,5,1. Male,9,NA
302010611312e11,5,1. Male,4,NA
702070122424e11,2,2. Female,3,NA
204040221199e11,7,2. Female,2,NA
40602041157e12,7,2. Female,19,NA
80106032252e12,4,1. Male,7,NA
302011011254e11,5,1. Male,12,NA
120302081303e12,3,1. Male,22,NA
401011121592e11,3,1. Male,10,NA
703060122353e11,7,1. Male,2,NA
100303022277e12,10,1. Male,18,NA
130303072324e12,6,2. Female,8,NA
603022612259e11,5,1. Male,19,NA
110301052286e12,4,1. Male,9,NA
302010711311e11,8,1. Male,16,NA
130502022326e12,5,2. Female,0,NA
301060321378e11,3,1. Male,0,NA
901050322733e11,3,1. Male,5,NA
901060322643e11,4,2. Female,21,NA
901050222645e11,5,2. Female,13,NA
110307032289e12,3,1. Male,4,NA
60102012183e12,8,1. Male,15,NA
505030411685e11,4,1. Male,14,NA
201040121111e11,2,2. Female,32,NA
30507062133e12,2,2. Female,32,NA
602022212186e11,9,2. Female,7,NA
603023611999e11,8,1. Male,0,NA
605050112046e11,6,2. Female,20,NA
303070221223e11,6,2. Female,4,NA
60506061209e12,4,2. Female,15,NA
120401132309e12,4,2. Female,8,NA
203030621175e11,5,2. Female,3,NA
130206012318e12,4,1. Male,17,NA
606040212115e11,4,2. Female,12,NA
404050321515e11,8,1. Male,13,NA
507060121816e11,4,2. Female,6,NA
901090222655e11,4,1. Male,18,NA
120104062307e12,3,1. Male,12,NA
403110121499e11,5,1. Male,8,NA
305050121335e11,6,1. Male,5,NA
803040222603e11,2,2. Female,9,NA
202010221138e11,3,1. Male,13,NA
603025611999e11,4,1. Male,25,NA
406020611519e11,3,2. Female,16,NA
702061312333e11,4,1. Male,18,NA
703080122262e11,7,1. Male,6,NA
60302591e15,4,1. Male,6,NA
120402022311e12,5,1. Male,8,NA
130505062317e12,7,2. Female,1,NA
203020921163e11,3,1. Male,16,NA
101040221017e11,6,2. Female,1,NA
704060122384e11,6,1. Male,15,NA
703040422416e11,9,1. Male,14,NA
401010621591e11,2,2. Female,28,NA
305070721331e11,6,2. Female,11,NA
603030812143e11,3,1. Male,9,NA
130403032316e12,8,1. Male,15,NA
605050211993e11,6,2. Female,4,NA
702030122345e11,2,2. Female,22,NA
602050212068e11,4,2. Female,8,NA
606070712192e11,6,2. Female,1,NA
602050611821e11,4,1. Male,13,NA
204030221182e11,11,1. Male,98,NA
302090711265e11,13,2. Female,17,NA
804050222513e11,8,2. Female,4,NA
110104012291e12,3,1. Male,17,NA
100303012276e12,2,1. Male,12,NA
130302072323e12,9,1. Male,0,NA
5030201217e13,8,1. Male,7,NA
101050221074e11,3,1. Male,3,NA
130503031324e12,5,1. Male,10,NA
406020611518e11,4,1. Male,4,NA
606060312078e11,6,1. Male,31,NA
201010211114e11,8,2. Female,11,NA
203020721156e11,4,1. Male,14,NA
606040212122e11,5,2. Female,13,NA
110102052292e12,3,2. Female,4,NA
903040122712e11,8,2. Female,2,NA
60302611205e12,8,2. Female,25,NA
110203042287e12,9,2. Female,80,NA
302091311466e11,6,1. Male,10,NA
603023112e14,2,1. Male,22,NA
901080122665e11,6,1. Male,22,NA
805020322613e11,9,2. Female,1,NA
605030111984e11,5,1. Male,3,NA
403030121478e11,5,2. Female,98,NA
501010321729e11,2,2. Female,46,NA
403100421506e11,5,2. Female,3,NA
130303042324e12,7,1. Male,1,NA
704030222463e11,3,1. Male,20,NA
704061022382e11,4,1. Male,11,NA
403110221665e11,4,1. Male,3,NA
505020521775e11,3,1. Male,15,NA
506010121692e11,5,2. Female,6,NA
303070121273e11,25,2. Female,14,NA
602060412226e11,13,2. Female,6,NA
110305122293e12,7,2. Female,7,NA
701120122474e11,5,1. Male,7,NA
606010211955e11,3,2. Female,18,NA
903020422753e11,4,2. Female,13,NA
603025212203e11,5,1. Male,11,NA
602060611878e11,12,2. Female,4,NA
702061522334e11,3,2. Female,12,NA
130102042312e12,5,2. Female,13,NA
30414032139e12,5,1. Male,3,NA
101100511064e11,9,1. Male,5,NA
306020321373e11,2,2. Female,74,NA
603021412255e11,3,1. Male,19,NA
302090911223e11,8,2. Female,65,NA
130306012322e12,6,2. Female,5,NA
130503021325e12,8,1. Male,3,NA
403130221491e11,4,1. Male,15,NA
30206052146e12,9,1. Male,15,NA
120306012301e12,5,1. Male,3,NA
110411012291e12,6,1. Male,12,NA
10110022105e12,3,2. Female,18,NA
60301411212e12,5,1. Male,48,NA
505050921745e11,4,1. Male,6,NA
703030622402e11,4,1. Male,10,NA
306050221451e11,5,2. Female,16,NA
60205071188e12,3,2. Female,16,NA
605020512015e11,7,2. Female,3,NA
401011121592e11,4,2. Female,19,NA
603013722202e11,7,1. Male,18,NA
703100322417e11,9,1. Male,17,NA
204080821095e11,5,2. Female,8,NA
10104032106e12,2,2. Female,55,NA
202010921133e11,4,1. Male,7,NA
604010121825e11,11,1. Male,43,NA
901090122641e11,2,2. Female,57,NA
505020621769e11,3,1. Male,13,NA
603026411969e11,1,1. Male,22,NA
603040411882e11,3,1. Male,0,NA
120303052296e12,5,2. Female,17,NA
120302161301e12,4,2. Female,3,NA
100601012284e12,3,2. Female,42,NA
603013611976e11,6,2. Female,50,NA
304100321345e11,7,1. Male,1,NA
302040421289e11,4,2. Female,16,NA
30410012136e12,7,2. Female,12,NA
701080222286e11,6,1. Male,13,NA
110301052285e12,4,2. Female,16,NA
406050821554e11,11,2. Female,61,NA
403040421472e11,3,2. Female,12,NA
302090711221e11,6,1. Male,25,NA
80102022253e12,3,1. Male,13,NA
603022612238e11,3,1. Male,9,NA
603010711863e11,12,1. Male,3,NA
401020221615e11,4,2. Female,9,NA
120401062309e12,5,2. Female,1,NA
804030422538e11,6,2. Female,10,NA
403100321674e11,5,2. Female,2,NA
903070322676e11,5,2. Female,1,NA
603021611897e11,2,2. Female,43,NA
130503111324e12,3,1. Male,5,NA
130509052328e12,6,1. Male,9,NA
304060421588e11,7,2. Female,8,NA
60302111187e12,2,1. Male,18,NA
704060322383e11,3,1. Male,27,NA
302060321462e11,5,2. Female,10,NA
605050112048e11,8,2. Female,17,NA
90203081269e12,4,2. Female,8,NA
801020222531e11,4,1. Male,11,NA
102050221027e11,3,1. Male,16,NA
405020221536e11,5,1. Male,14,NA
804020222507e11,6,2. Female,4,NA
606050412105e11,3,1. Male,4,NA
701020222284e11,5,1. Male,6,NA
803032412597e11,4,1. Male,15,NA
602021212074e11,2,2. Female,30,NA
506020321739e11,4,1. Male,17,NA
70201022242e12,2,2. Female,47,NA
304150121271e11,3,1. Male,22,NA
603025011821e11,6,2. Female,5,NA
606050312107e11,1,2. Female,21,NA
506030321695e11,2,2. Female,70,NA
507060321795e11,7,2. Female,0,NA
403090321505e11,4,1. Male,5,NA
10110022105e12,6,1. Male,4,NA
13020402232e13,2,2. Female,53,NA
306030321247e11,5,1. Male,8,NA
120201152307e12,3,2. Female,1,NA
406020511567e11,4,2. Female,21,NA
704020622321e11,6,1. Male,4,NA
903070322674e11,3,2. Female,4,NA
302090811465e11,11,1. Male,3,NA
702020122426e11,1,2. Female,72,NA
605051422006e11,3,2. Female,11,NA
701040122254e11,3,2. Female,17,NA
901040522636e11,7,1. Male,2,NA
602020111936e11,5,1. Male,7,NA
120302051303e12,4,2. Female,2,NA
70204022237e12,7,1. Male,11,NA
100504022278e12,3,2. Female,4,NA
602020512185e11,3,2. Female,7,NA
603023612117e11,3,2. Female,11,NA
120308082311e12,2,2. Female,48,NA
12040205231e13,3,2. Female,9,NA
101101021016e11,4,1. Male,14,NA
404040121556e11,3,2. Female,13,NA
120302171298e12,4,1. Male,10,NA
110408022287e12,10,2. Female,15,NA
603010511887e11,5,2. Female,3,NA
130303032324e12,5,2. Female,12,NA
606070811875e11,5,1. Male,13,NA
603021412268e11,6,2. Female,18,NA
201030321121e11,6,1. Male,8,NA
130401012317e12,3,1. Male,1,NA
6010501219e13,4,1. Male,15,NA
110306051289e12,8,1. Male,7,NA
507030121801e11,3,2. Female,12,NA
403010121672e11,8,2. Female,8,NA
401010421595e11,5,1. Male,5,NA
901050322715e11,2,2. Female,28,NA
304110121342e11,9,1. Male,9,NA
110306031293e12,3,1. Male,26,NA
803060722556e11,4,1. Male,15,NA
12040205231e13,6,1. Male,4,NA
305040121279e11,2,1. Male,45,NA
101090421044e11,5,1. Male,15,NA
301080321428e11,3,1. Male,12,NA
702030522456e11,6,2. Female,6,NA
702070122422e11,4,2. Female,16,NA
805010322614e11,3,2. Female,15,NA
602020512188e11,2,2. Female,23,NA
605050112047e11,3,1. Male,21,NA
203030221147e11,3,1. Male,12,NA
306070221417e11,6,1. Male,12,NA
606010111875e11,3,1. Male,4,NA
603026212261e11,3,2. Female,15,NA
603020812233e11,2,2. Female,26,NA
4031103215e13,2,2. Female,12,NA
701050522251e11,8,1. Male,0,NA
80308012256e12,7,2. Female,1,NA
603025112122e11,3,1. Male,4,NA
605051012037e11,11,2. Female,30,NA
110203032287e12,7,1. Male,1,NA
603024411871e11,2,2. Female,38,NA
6030220122e13,3,2. Female,0,NA
130401032315e12,1,1. Male,53,NA
204040321199e11,16,1. Male,3,NA
130101022313e12,5,2. Female,3,NA
13020605232e13,5,1. Male,11,NA
120201162308e12,4,1. Male,2,NA
605060212087e11,6,2. Female,17,NA
302090321409e11,3,1. Male,13,NA
803032412597e11,5,2. Female,14,NA
302060421293e11,7,2. Female,10,NA
602010321848e11,8,1. Male,10,NA
802070622631e11,5,2. Female,9,NA
406030611484e11,3,2. Female,20,NA
603011411859e11,8,1. Male,3,NA
302050121282e11,3,2. Female,10,NA
602020512185e11,7,1. Male,22,NA
406070621602e11,6,1. Male,9,NA
704010322372e11,4,1. Male,7,NA
104030221016e11,2,2. Female,34,NA
301050221433e11,2,2. Female,34,NA
100204012284e12,6,1. Male,7,NA
603014212131e11,6,2. Female,6,NA
10020204228e13,2,2. Female,40,NA
5030201217e13,5,1. Male,2,NA
130508032327e12,5,1. Male,9,NA
120105022305e12,6,1. Male,4,NA
603026611965e11,7,2. Female,57,NA
804030522539e11,5,2. Female,15,NA
100306012277e12,4,2. Female,14,NA
406050321579e11,7,1. Male,4,NA
603022311896e11,8,2. Female,19,NA
601020222e14,5,2. Female,8,NA
606010411947e11,2,2. Female,32,NA
603024811894e11,7,1. Male,18,NA
603021412274e11,3,2. Female,8,NA
130102072312e12,9,2. Female,17,NA
602020512185e11,4,1. Male,23,NA
402020321608e11,8,2. Female,6,NA
603026411969e11,1,1. Male,31,NA
603014112252e11,3,2. Female,21,NA
606070311872e11,4,2. Female,40,NA
602021012182e11,8,2. Female,12,NA
703030722276e11,4,2. Female,2,NA
204080521184e11,2,2. Female,44,NA
902010122688e11,1,1. Male,41,NA
13020501232e13,3,2. Female,35,NA
606060312079e11,5,2. Female,2,NA
901050222645e11,2,1. Male,5,NA
703090422357e11,9,1. Male,3,NA
130207022321e12,5,2. Female,11,NA
90303052265e12,3,1. Male,15,NA
100506042279e12,3,2. Female,14,NA
902010222686e11,5,1. Male,5,NA
100402022283e12,5,2. Female,9,NA
506010121691e11,4,1. Male,9,NA
403160121476e11,7,2. Female,10,NA
403110221499e11,6,2. Female,0,NA
130406012316e12,4,2. Female,3,NA
603014212201e11,2,2. Female,28,NA
703030422347e11,10,2. Female,2,NA
90202012269e12,3,1. Male,7,NA
202010621138e11,8,2. Female,70,NA
606060312083e11,2,2. Female,26,NA
305060121273e11,6,1. Male,10,NA
102030121026e11,3,2. Female,26,NA
603026711869e11,7,2. Female,20,NA
605060512092e11,6,1. Male,24,NA
505030811785e11,5,2. Female,9,NA
603014211857e11,5,1. Male,2,NA
606060311952e11,14,2. Female,66,NA
403010621561e11,9,2. Female,0,NA
704020622319e11,6,1. Male,15,NA
100506012278e12,5,1. Male,19,NA
702061522334e11,5,1. Male,5,NA
203021321172e11,9,2. Female,23,NA
100306012277e12,3,1. Male,12,NA
406050221613e11,5,2. Female,23,NA
110103042294e12,3,2. Female,13,NA
406040321579e11,5,1. Male,98,NA
120304032299e12,5,2. Female,70,NA
507010221809e11,4,2. Female,6,NA
403040521472e11,4,1. Male,7,NA
603030812282e11,8,2. Female,14,NA
705040322267e11,6,1. Male,9,NA
301060221421e11,8,2. Female,4,NA
30103012143e12,8,1. Male,9,NA
306010421442e11,3,2. Female,18,NA
303060121299e11,6,2. Female,7,NA
602050212064e11,8,1. Male,13,NA
506040321737e11,5,2. Female,6,NA
302040521286e11,2,2. Female,36,NA
901080122665e11,4,1. Male,9,NA
901080422716e11,6,2. Female,4,NA
603020611835e11,4,1. Male,17,NA
404060221558e11,3,2. Female,10,NA
602022821939e11,9,1. Male,8,NA
303010121306e11,7,2. Female,11,NA
9.0105032276100008e+22,7,2. Female,6,NA
110203022287e12,6,1. Male,9,NA
130101022313e12,2,2. Female,25,NA
110301012288e12,7,1. Male,10,NA
406011011587e11,3,1. Male,22,NA
402040521662e11,5,2. Female,1,NA
803032312594e11,3,1. Male,1,NA
803010522598e11,4,1. Male,9,NA
605051222007e11,8,1. Male,19,NA
603022011958e11,8,2. Female,18,NA
203020821166e11,3,2. Female,19,NA
803031312565e11,7,1. Male,9,NA
901080322728e11,4,2. Female,8,NA
606071012103e11,2,2. Female,48,NA
403080321475e11,6,1. Male,8,NA
705030422362e11,2,2. Female,15,NA
406030711574e11,6,2. Female,8,NA
201011121091e11,5,1. Male,5,NA
603023311889e11,10,1. Male,16,NA
302011011328e11,2,2. Female,21,NA
101060121017e11,5,2. Female,2,NA
204010121206e11,8,2. Female,1,NA
704050322373e11,5,2. Female,10,NA
702100622455e11,3,1. Male,17,NA
602021112075e11,6,1. Male,23,NA
101050121019e11,5,1. Male,6,NA
201010311115e11,54,1. Male,13,NA
303030221301e11,2,2. Female,66,NA
606010111947e11,2,1. Male,3,NA
120306032296e12,2,2. Female,27,NA
507020321808e11,3,1. Male,23,NA
505050921744e11,2,2. Female,39,NA
601010521907e11,3,1. Male,9,NA
505032021713e11,2,2. Female,15,NA
701050222251e11,1,2. Female,72,NA
602040422177e11,3,1. Male,15,NA
120302031296e12,7,2. Female,19,NA
603031012145e11,2,1. Male,5,NA
303060221401e11,4,1. Male,7,NA
603020111899e11,3,2. Female,5,NA
703090322309e11,4,2. Female,16,NA
302030111408e11,6,1. Male,6,NA
802080122498e11,5,1. Male,13,NA
903030122698e11,3,1. Male,19,NA
404060521642e11,2,2. Female,46,NA
603040112139e11,2,1. Male,33,NA
110306041295e12,4,2. Female,3,NA
130103012314e12,4,1. Male,11,NA
505031611767e11,7,2. Female,9,NA
304130221345e11,6,2. Female,13,NA
802010222624e11,6,1. Male,3,NA
702100112259e11,3,1. Male,0,NA
13020502232e13,3,1. Male,16,NA
402010921602e11,8,2. Female,63,NA
101100621035e11,8,2. Female,23,NA
60201012185e12,2,2. Female,64,NA
805010222614e11,4,2. Female,10,NA
803100122571e11,3,2. Female,13,NA
701120122474e11,8,2. Female,1,NA
130503021328e12,2,2. Female,41,NA
603021212239e11,3,1. Male,6,NA
506010221689e11,3,1. Male,12,NA
10104022107e12,5,2. Female,5,NA
504020521728e11,3,1. Male,9,NA
100506052284e12,6,2. Female,10,NA
606040212116e11,2,2. Female,43,NA
401011021612e11,12,1. Male,17,NA
605060312029e11,7,1. Male,13,NA
603013612129e11,4,1. Male,15,NA
603030811887e11,10,1. Male,22,NA
705020112274e11,2,2. Female,16,NA
201030321121e11,6,1. Male,8,NA
130303122317e12,6,1. Male,0,NA
601050221901e11,6,1. Male,12,NA
402050421605e11,2,2. Female,35,NA
903030122703e11,6,2. Female,8,NA
403090321505e11,5,2. Female,5,NA
50403022171e12,2,2. Female,38,NA
903030222653e11,8,2. Female,3,NA
603010611882e11,2,2. Female,44,NA
100301012283e12,6,2. Female,10,NA
901030222645e11,2,2. Female,31,NA
803100122571e11,4,1. Male,9,NA
603024012145e11,7,2. Female,29,NA
303070121273e11,9,1. Male,12,NA
120201032309e12,3,2. Female,16,NA
306020421373e11,3,1. Male,15,NA
603026511973e11,8,1. Male,20,NA
110408022287e12,8,1. Male,1,NA
303010321303e11,3,1. Male,16,NA
603030411897e11,7,1. Male,6,NA
505030111686e11,13,1. Male,0,NA
601030221833e11,6,1. Male,3,NA
110308022291e12,7,1. Male,6,NA
603021412283e11,4,2. Female,1,NA
404060121636e11,4,2. Female,15,NA
803060422555e11,8,2. Female,68,NA
602050712063e11,6,1. Male,14,NA
902030612735e11,3,2. Female,8,NA
100501021278e12,6,1. Male,1,NA
30209131131e12,6,2. Female,32,NA
703050422301e11,3,2. Female,2,NA
110306012288e12,8,2. Female,14,NA
403050221496e11,9,2. Female,3,NA
603040112139e11,3,2. Female,6,NA
903070322672e11,3,1. Male,7,NA
702080322432e11,5,2. Female,7,NA
9010503227e13,4,1. Male,12,NA
130305052318e12,4,1. Male,11,NA
605050412038e11,5,1. Male,18,NA
103020221056e11,4,2. Female,13,NA
702060722459e11,6,1. Male,3,NA
101090521038e11,3,1. Male,7,NA
110307012288e12,3,1. Male,11,NA
4031103215e13,4,2. Female,10,NA
304060221389e11,6,2. Female,2,NA
702020122426e11,5,2. Female,14,NA
120201082296e12,5,1. Male,11,NA
201010711109e11,6,2. Female,3,NA
302090611248e11,4,2. Female,8,NA
302010221271e11,1,2. Female,64,NA
80206022263e12,6,2. Female,16,NA
902020322685e11,7,2. Female,5,NA
804060222546e11,3,2. Female,21,NA
903050122721e11,6,1. Male,7,NA
10020201228e13,4,1. Male,25,NA
120401152311e12,3,1. Male,13,NA
305070121282e11,3,2. Female,15,NA
603012611863e11,5,1. Male,12,NA
603030112281e11,4,1. Male,1,NA
804020122512e11,8,2. Female,2,NA
702060122492e11,8,2. Female,2,NA
302090611463e11,1,1. Male,39,NA
802080322499e11,4,1. Male,18,NA
110103032291e12,3,2. Female,13,NA
1203030723e14,2,2. Female,69,NA
80305022258e12,5,1. Male,6,NA
702080322432e11,5,1. Male,14,NA
804030122541e11,4,2. Female,14,NA
60601031195e12,8,1. Male,17,NA
603020812196e11,7,2. Female,3,NA
110301052292e12,5,2. Female,35,NA
901050322733e11,4,1. Male,14,NA
201020221125e11,2,2. Female,43,NA
403010621671e11,4,2. Female,10,NA
505031011717e11,7,2. Female,9,NA
903040222743e11,3,1. Male,10,NA
110306061294e12,5,2. Female,8,NA
901030422639e11,2,2. Female,27,NA
130304012322e12,7,1. Male,5,NA
701050122448e11,5,1. Male,10,NA
903010722709e11,11,2. Female,0,NA
703100422353e11,5,2. Female,13,NA
801050322532e11,4,2. Female,6,NA
506010521741e11,3,2. Female,20,NA
702010422421e11,4,2. Female,12,NA
406050711512e11,11,2. Female,19,NA
603014211857e11,2,2. Female,18,NA
802080122499e11,6,1. Male,9,NA
203020221173e11,3,1. Male,1,NA
302060521459e11,8,1. Male,4,NA
101060121017e11,3,2. Female,21,NA
401020321607e11,7,2. Female,6,NA
602021711843e11,2,2. Female,27,NA
606070211949e11,5,2. Female,4,NA
705050122438e11,10,2. Female,24,NA
902010222633e11,6,1. Male,17,NA
40101062159e12,2,1. Male,30,NA
606070912102e11,3,1. Male,23,NA
10106012107e12,2,2. Female,52,NA
603022212138e11,5,1. Male,23,NA
505030311687e11,4,1. Male,7,NA
8040503226e13,3,2. Female,18,NA
901030322749e11,7,2. Female,20,NA
201030121118e11,9,2. Female,3,NA
603021412052e11,3,1. Male,19,NA
100504022278e12,4,2. Female,1,NA
13020505232e13,5,1. Male,14,NA
506030321695e11,7,2. Female,12,NA
602021711843e11,3,2. Female,28,NA
602022711935e11,3,2. Female,8,NA
804050222543e11,4,1. Male,8,NA
602031011925e11,4,2. Female,22,NA
601050221901e11,3,1. Male,19,NA
301020221418e11,5,2. Female,22,NA
705060222436e11,9,2. Female,2,NA
130302042323e12,4,1. Male,5,NA
705040222269e11,6,2. Female,12,NA
404020121642e11,9,1. Male,5,NA
70310072246e12,1,1. Male,20,NA
302091011226e11,4,1. Male,6,NA
302020221295e11,5,1. Male,19,NA
130406032316e12,2,2. Female,21,NA
406030211571e11,4,2. Female,18,NA
100305012283e12,3,1. Male,18,NA
802080122498e11,2,2. Female,14,NA
701050222448e11,8,2. Female,1,NA
80205012249e12,5,2. Female,13,NA
403090221506e11,7,2. Female,8,NA
80210022263e12,6,1. Male,9,NA
120101012306e12,3,1. Male,12,NA
606030621943e11,4,1. Male,8,NA
201020521123e11,4,2. Female,24,NA
703040522481e11,3,1. Male,23,NA
130101022133e12,3,1. Male,67,NA
502020221725e11,6,2. Female,15,NA
602021812181e11,9,1. Male,28,NA
60607061208e12,4,1. Male,7,NA
605050612045e11,6,1. Male,19,NA
604010422098e11,8,1. Male,6,NA
304130221389e11,3,2. Female,9,NA
306020121441e11,2,2. Female,65,NA
80403022254e12,3,1. Male,9,NA
606020211945e11,3,1. Male,5,NA
60207021207e12,4,2. Female,25,NA
902010122688e11,1,1. Male,50,NA
603014211857e11,11,2. Female,1,NA
403120121664e11,3,1. Male,18,NA
603011311983e11,13,1. Male,18,NA
302020321296e11,4,2. Female,20,NA
701050222449e11,2,2. Female,20,NA
110303012288e12,4,2. Female,2,NA
301050221431e11,4,1. Male,22,NA
406050511687e11,5,1. Male,32,NA
30110012143e12,2,2. Female,45,NA
120306102298e12,1,1. Male,70,NA
603013611975e11,8,2. Female,0,NA
306010321258e11,5,2. Female,3,NA
507050621814e11,5,1. Male,16,NA
603010711862e11,2,2. Female,33,NA
903030622702e11,3,1. Male,30,NA
130102072313e12,3,1. Male,21,NA
202011121141e11,5,1. Male,8,NA
603022612238e11,1,1. Male,18,NA
12040112231e13,6,2. Female,2,NA
902070222686e11,4,1. Male,15,NA
304040321347e11,6,2. Female,9,NA
803032612614e11,2,2. Female,42,NA
502010221726e11,4,1. Male,5,NA
30402022134e12,7,2. Female,8,NA
301020521427e11,4,1. Male,1,NA
302110721234e11,4,2. Female,13,NA
602050512066e11,6,1. Male,0,NA
30110012143e12,6,2. Female,15,NA
102020221009e11,8,1. Male,19,NA
504020421709e11,1,2. Female,69,NA
70307022235e12,2,2. Female,55,NA
701010422257e11,4,2. Female,84,NA
803030322599e11,3,1. Male,18,NA
606030421948e11,3,1. Male,0,NA
903060222742e11,4,1. Male,10,NA
704060322384e11,3,2. Female,12,NA
403100121506e11,3,2. Female,6,NA
701070322445e11,5,1. Male,9,NA
703050622358e11,9,1. Male,4,NA
60202051184e12,5,1. Male,28,NA
11040202229e13,5,1. Male,16,NA
903070122648e11,7,2. Female,7,NA
50502082177e12,4,1. Male,21,NA
602021212073e11,2,2. Female,60,NA
603025412277e11,7,1. Male,0,NA
202020421136e11,7,2. Female,9,NA
70208052243e12,5,2. Female,6,NA
602021612187e11,8,2. Female,1,NA
60302041189e12,5,2. Female,1,NA
605060311962e11,12,2. Female,18,NA
603024212049e11,7,2. Female,23,NA
402020121661e11,4,2. Female,22,NA
50501082179e12,6,2. Female,13,NA
603022212151e11,4,2. Female,9,NA
603026511975e11,7,1. Male,14,NA
406070321585e11,7,2. Female,2,NA
704060922385e11,6,2. Female,18,NA
702010222459e11,5,1. Male,10,NA
401011121592e11,2,2. Female,35,NA
110104012291e12,6,2. Female,4,NA
104010221087e11,7,2. Female,63,NA
104010521032e11,8,2. Female,8,NA
603023712155e11,4,1. Male,12,NA
50403022171e12,2,2. Female,45,NA
602061122209e11,8,1. Male,0,NA
606030621943e11,8,1. Male,19,NA
302040521287e11,4,2. Female,2,NA
204090621119e11,2,1. Male,16,NA
100506062282e12,7,1. Male,10,NA
703130622367e11,6,1. Male,8,NA
303070421366e11,5,1. Male,20,NA
70505032244e12,7,2. Female,8,NA
11041001229e13,5,1. Male,17,NA
901090422679e11,5,1. Male,2,NA
602030411929e11,3,2. Female,22,NA
130302082323e12,4,1. Male,3,NA
10101032108e12,6,2. Female,18,NA
120102012307e12,5,1. Male,11,NA
702030522346e11,7,1. Male,22,NA
504020121708e11,4,1. Male,10,NA
603024411854e11,3,1. Male,6,NA
403040321472e11,4,2. Female,14,NA
705020422271e11,3,1. Male,11,NA
110302052287e12,2,2. Female,39,NA
60302141198e12,5,1. Male,10,NA
603025711883e11,8,1. Male,8,NA
702061212334e11,4,1. Male,19,NA
120306012297e12,6,2. Female,10,NA
601030221833e11,2,2. Female,54,NA
403130321492e11,6,1. Male,9,NA
9030609227e13,3,1. Male,10,NA
603030312267e11,10,1. Male,25,NA
603025311998e11,3,2. Female,24,NA
604010222096e11,11,2. Female,2,NA
603025712001e11,4,2. Female,11,NA
507080121813e11,4,2. Female,11,NA
406020511569e11,5,1. Male,16,NA
702010422421e11,4,2. Female,1,NA
701030222395e11,8,1. Male,14,NA
11030506229e13,5,2. Female,31,NA
100403012281e12,5,2. Female,9,NA
702010422422e11,6,2. Female,1,NA
201011121091e11,9,2. Female,2,NA
201010311117e11,3,2. Female,7,NA
501010121729e11,3,1. Male,29,NA
70304062241e12,2,1. Male,17,NA
110305072287e12,3,1. Male,10,NA
120203052308e12,4,2. Female,13,NA
603010511885e11,7,1. Male,0,NA
201040221111e11,8,2. Female,72,NA
603031011871e11,13,2. Female,4,NA
101100311065e11,12,1. Male,4,NA
40303032148e12,5,2. Female,1,NA
901020322643e11,7,1. Male,5,NA
901080122665e11,9,2. Female,6,NA
50505072175e12,2,2. Female,31,NA
803032612614e11,5,2. Female,8,NA
602021911843e11,4,2. Female,21,NA
306010521448e11,7,2. Female,5,NA
702010422421e11,5,2. Female,18,NA
10020304228e13,7,1. Male,2,NA
90204022274e12,10,1. Male,29,NA
601010421908e11,3,2. Female,7,NA
702020122427e11,2,1. Male,14,NA
70304062241e12,3,2. Female,8,NA
803032912584e11,2,2. Female,35,NA
80209062263e12,5,2. Female,15,NA
702070122443e11,8,2. Female,7,NA
602060922157e11,8,2. Female,8,NA
130304012322e12,6,2. Female,3,NA
602021112074e11,4,2. Female,33,NA
602060712174e11,2,2. Female,23,NA
903020122751e11,2,2. Female,65,NA
705070122457e11,3,2. Female,29,NA
605020512015e11,1,1. Male,8,NA
606050411912e11,14,2. Female,32,NA
603014211857e11,1,1. Male,30,NA
120202042309e12,6,1. Male,7,NA
100201022284e12,5,2. Female,4,NA
606010411948e11,4,1. Male,20,NA
603025812124e11,13,1. Male,29,NA
603024812128e11,5,1. Male,22,NA
110301012288e12,6,2. Female,2,NA
110306051289e12,8,1. Male,18,NA
903070122677e11,1,1. Male,63,NA
203030521171e11,6,1. Male,12,NA
100502031279e12,5,2. Female,62,NA
406030611511e11,1,2. Female,17,NA
901040322668e11,6,1. Male,22,NA
120306102298e12,6,1. Male,14,NA
603030312281e11,5,2. Female,15,NA
701080322286e11,9,2. Female,3,NA
803050122579e11,3,2. Female,12,NA
304040521221e11,5,2. Female,3,NA
605060112088e11,18,2. Female,23,NA
302090411307e11,2,2. Female,12,NA
104010421046e11,2,2. Female,33,NA
102040221058e11,3,1. Male,17,NA
803030912595e11,11,1. Male,18,NA
602041012176e11,4,2. Female,11,NA
603026711869e11,2,2. Female,54,NA
130104022315e12,2,2. Female,28,NA
102020221009e11,3,1. Male,22,NA
506010121691e11,4,1. Male,11,NA
302110721319e11,6,2. Female,13,NA
903050322674e11,5,1. Male,6,NA
701030222394e11,4,1. Male,11,NA
110105012291e12,3,2. Female,20,NA
406050221544e11,4,2. Female,2,NA
203030321178e11,10,2. Female,2,NA
101110421003e11,2,2. Female,27,NA
12040204231e13,5,2. Female,10,NA
60302511216e12,4,1. Male,20,NA
305070521336e11,6,1. Male,10,NA
602030911928e11,7,2. Female,11,NA
403160321674e11,7,2. Female,16,NA
120104042306e12,8,1. Male,7,NA
130303072324e12,2,2. Female,64,NA
901050222645e11,5,1. Male,2,NA
605051321992e11,9,1. Male,1,NA
110305042288e12,6,1. Male,2,NA
704061022378e11,4,1. Male,5,NA
404080221642e11,7,1. Male,12,NA
603021712292e11,6,2. Female,3,NA
406060521565e11,3,2. Female,2,NA
306080221438e11,5,2. Female,9,NA
101100711034e11,5,1. Male,6,NA
130509072326e12,3,1. Male,9,NA
401040521607e11,3,1. Male,9,NA
101090621037e11,4,1. Male,14,NA
80106032252e12,5,1. Male,0,NA
80303221259e12,3,2. Female,17,NA
305060121267e11,5,2. Female,7,NA
102040321011e11,4,2. Female,16,NA
101090821019e11,8,1. Male,16,NA
602050712244e11,3,1. Male,7,NA
803030622602e11,9,2. Female,12,NA
130102072313e12,7,2. Female,1,NA
130507052325e12,5,1. Male,9,NA
506040221736e11,3,2. Female,15,NA
11040403229e13,10,1. Male,16,NA
602041011924e11,4,1. Male,18,NA
301040221375e11,7,2. Female,6,NA
13020702232e13,2,2. Female,60,NA
110203022287e12,3,2. Female,8,NA
110301031292e12,1,1. Male,20,NA
110405012287e12,7,1. Male,6,NA
101080221063e11,4,1. Male,11,NA
302110521318e11,4,1. Male,17,NA
301090221466e11,2,2. Female,16,NA
604010122097e11,6,2. Female,16,NA
100102012282e12,5,2. Female,3,NA
603023112281e11,3,2. Female,15,NA
703070122313e11,4,2. Female,4,NA
701070222446e11,5,2. Female,5,NA
60205071188e12,3,2. Female,14,NA
13050306133e13,9,1. Male,70,NA
204081221199e11,3,2. Female,20,NA
603024912165e11,1,1. Male,49,NA
204070421179e11,3,2. Female,15,NA
100602012283e12,4,2. Female,18,NA
406020611519e11,6,2. Female,8,NA
302090411334e11,2,2. Female,33,NA
702040422339e11,4,2. Female,20,NA
404060221558e11,3,1. Male,14,NA
903030622702e11,3,2. Female,16,NA
703030322403e11,4,1. Male,14,NA
302091111309e11,6,1. Male,15,NA
507080521684e11,5,2. Female,0,NA
802030422623e11,6,2. Female,3,NA
903020222681e11,5,1. Male,2,NA
103060121022e11,6,1. Male,8,NA
603022012117e11,2,2. Female,49,NA
702090422338e11,5,1. Male,14,NA
13020304232e13,1,1. Male,28,NA
605050812005e11,5,2. Female,17,NA
602040512179e11,4,2. Female,19,NA
203030321177e11,7,1. Male,6,NA
13050206233e13,3,2. Female,23,NA
204090221187e11,4,2. Female,18,NA
605050912039e11,5,2. Female,10,NA
405010221522e11,3,2. Female,23,NA
507020221807e11,5,2. Female,1,NA
130507022327e12,5,2. Female,4,NA
100401042283e12,4,1. Male,10,NA
304050721352e11,4,1. Male,27,NA
601040321828e11,4,1. Male,2,NA
802030522624e11,1,2. Female,65,NA
701020422285e11,4,1. Male,18,NA
13020303232e13,4,2. Female,4,NA
201011121091e11,4,1. Male,12,NA
602060311878e11,10,1. Male,18,NA
202010621141e11,7,2. Female,36,NA
603013512199e11,3,2. Female,10,NA
130303072324e12,2,2. Female,70,NA
204030321184e11,3,1. Male,4,NA
110203022287e12,5,1. Male,14,NA
803100122571e11,5,2. Female,7,NA
603023612129e11,3,2. Female,8,NA
110410022291e12,4,1. Male,2,NA
507080121794e11,4,2. Female,18,NA
602040912072e11,6,2. Female,35,NA
505030111686e11,3,2. Female,10,NA
406050511687e11,2,2. Female,55,NA
130509012324e12,13,1. Male,2,NA
603021612154e11,4,1. Male,22,NA
100501021278e12,6,1. Male,0,NA
13020403232e13,3,1. Male,6,NA
405050321516e11,5,1. Male,10,NA
603025212203e11,11,1. Male,20,NA
902030812689e11,4,2. Female,4,NA
603026512155e11,5,2. Female,3,NA
601010321906e11,6,2. Female,8,NA
603030911983e11,3,1. Male,19,NA
201070221105e11,5,2. Female,19,NA
603021711979e11,4,1. Male,23,NA
203021321171e11,1,2. Female,27,NA
204010421202e11,4,1. Male,10,NA
603012111902e11,9,1. Male,23,NA
603010611861e11,4,1. Male,13,NA
120306112301e12,8,2. Female,6,NA
110305122289e12,3,1. Male,18,NA
204070421178e11,8,1. Male,1,NA
202010521128e11,3,1. Male,14,NA
703060122299e11,7,1. Male,3,NA
110302032286e12,3,1. Male,19,NA
701070222445e11,4,1. Male,5,NA
803020222575e11,7,2. Female,4,NA
302030211403e11,11,1. Male,18,NA
120302131297e12,6,2. Female,27,NA
110306081295e12,4,1. Male,4,NA
603025811966e11,10,1. Male,20,NA
304110321341e11,5,1. Male,0,NA
120203012307e12,3,2. Female,10,NA
302011011327e11,5,1. Male,5,NA
602030311927e11,2,2. Female,26,NA
120304032299e12,3,1. Male,11,NA
603011711852e11,3,1. Male,5,NA
130508032328e12,5,1. Male,10,NA
901090422655e11,3,2. Female,16,NA
120302181312e12,5,1. Male,18,NA
702050412295e11,7,1. Male,5,NA
804050322511e11,8,1. Male,8,NA
603014212191e11,2,2. Female,50,NA
120103022306e12,7,2. Female,3,NA
901050422715e11,3,1. Male,11,NA
10102022106e12,1,1. Male,55,NA
701020422285e11,5,1. Male,7,NA
130508012329e12,7,1. Male,72,NA
602060712175e11,1,2. Female,34,NA
606070411941e11,5,2. Female,15,NA
130503081326e12,7,2. Female,17,NA
505031611767e11,5,1. Male,4,NA
404050321619e11,5,1. Male,12,NA
60301261215e12,8,1. Male,18,NA
110301062291e12,10,1. Male,4,NA
306020321415e11,5,2. Female,0,NA
201070221105e11,11,2. Female,0,NA
902050422632e11,2,2. Female,42,NA
505020521776e11,3,2. Female,11,NA
60301261215e12,6,2. Female,4,NA
12040102231e13,5,2. Female,7,NA
901080422759e11,3,2. Female,4,NA
505050921745e11,6,1. Male,12,NA
603030512142e11,7,1. Male,0,NA
130202042319e12,4,1. Male,6,NA
406030211572e11,12,2. Female,1,NA
901040622731e11,2,2. Female,70,NA
120101022306e12,2,2. Female,65,NA
602021011925e11,3,1. Male,2,NA
701060422389e11,4,1. Male,16,NA
302060421255e11,2,2. Female,33,NA
60206112221e12,4,1. Male,31,NA
902030612735e11,5,1. Male,0,NA
110104042291e12,8,2. Female,0,NA
120306122298e12,9,2. Female,3,NA
6040105221e13,4,2. Female,18,NA
602030212223e11,7,2. Female,32,NA
30601012145e12,3,1. Male,14,NA
30308052137e12,7,2. Female,4,NA
603012012143e11,7,1. Male,12,NA
80303111259e12,4,2. Female,10,NA
602050211994e11,4,1. Male,1,NA
100506032279e12,5,1. Male,10,NA
130508042326e12,2,2. Female,67,NA
602020111937e11,7,2. Female,74,NA
606071122119e11,8,1. Male,4,NA
100506022278e12,1,1. Male,80,NA
603024712096e11,3,2. Female,9,NA
606050211909e11,7,1. Male,3,NA
603026511869e11,3,1. Male,3,NA
110306071288e12,10,1. Male,0,NA
603024812127e11,8,2. Female,2,NA
303010121367e11,8,1. Male,11,NA
603024411968e11,7,1. Male,26,NA
701080122288e11,5,2. Female,11,NA
603010611861e11,2,1. Male,24,NA
801050322532e11,3,1. Male,26,NA
603013212182e11,2,2. Female,24,NA
803060522584e11,7,1. Male,8,NA
120302081303e12,5,1. Male,3,NA
401040221611e11,4,1. Male,8,NA
303070221304e11,5,1. Male,25,NA
606050611954e11,4,1. Male,1,NA
302110321234e11,2,2. Female,37,NA
302090511306e11,10,1. Male,13,NA
507020321808e11,5,1. Male,8,NA
702061312335e11,4,2. Female,11,NA
603012511982e11,2,2. Female,42,NA
602021612187e11,14,1. Male,22,NA
304130221345e11,11,2. Female,0,NA
506010521742e11,5,1. Male,14,NA
702100622397e11,7,2. Female,10,NA
605050712005e11,4,2. Female,20,NA
505031921716e11,2,2. Female,31,NA
703030422403e11,4,2. Female,12,NA
902060222631e11,9,2. Female,3,NA
902010322688e11,2,2. Female,39,NA
505040421781e11,6,2. Female,84,NA
302090911323e11,3,2. Female,14,NA
110306012294e12,8,2. Female,61,NA
505031921766e11,11,2. Female,13,NA
903060822676e11,6,2. Female,8,NA
130101022313e12,10,2. Female,0,NA
11040101229e13,7,2. Female,20,NA
603021812018e11,7,1. Male,21,NA
102040321025e11,6,2. Female,26,NA
702030122345e11,6,2. Female,29,NA
102040221059e11,5,2. Female,1,NA
70302022231e12,8,2. Female,11,NA
305070421335e11,7,2. Female,4,NA
801040422535e11,2,2. Female,15,NA
304090221343e11,8,2. Female,2,NA
100301022283e12,4,2. Female,16,NA
20401012116e12,8,2. Female,1,NA
30608042137e12,6,2. Female,5,NA
504010121764e11,2,2. Female,22,NA
603022711972e11,4,2. Female,17,NA
902031012749e11,4,2. Female,1,NA
602021711843e11,5,1. Male,5,NA
702050412295e11,2,2. Female,33,NA
703080222263e11,8,2. Female,11,NA
603026512154e11,3,1. Male,20,NA
603040211967e11,3,2. Female,8,NA
203030421177e11,5,2. Female,18,NA
602021511934e11,4,1. Male,19,NA
702030422342e11,5,1. Male,18,NA
303080721398e11,3,2. Female,25,NA
306060221212e11,5,2. Female,5,NA
803010222609e11,10,2. Female,24,NA
202020221131e11,2,1. Male,21,NA
604010122097e11,12,2. Female,62,NA
130104032315e12,1,2. Female,70,NA
603024011977e11,9,1. Male,27,NA
20302052117e12,5,2. Female,8,NA
306040121456e11,3,2. Female,0,NA
302090911479e11,2,2. Female,54,NA
705040222266e11,4,1. Male,17,NA
203020821166e11,6,1. Male,0,NA
103070321054e11,9,1. Male,22,NA
901020322639e11,3,2. Female,12,NA
702030522345e11,7,1. Male,3,NA
303060321366e11,4,2. Female,27,NA
130405012316e12,7,2. Female,11,NA
603021412193e11,4,2. Female,12,NA
130401032315e12,3,1. Male,14,NA
203021121164e11,8,1. Male,9,NA
903020122751e11,7,1. Male,14,NA
110305022293e12,2,2. Female,65,NA
603011612124e11,10,2. Female,17,NA
603022311895e11,8,2. Female,8,NA
702100722397e11,4,2. Female,23,NA
703050722301e11,3,1. Male,7,NA
101110221072e11,2,2. Female,66,NA
903010522653e11,5,2. Female,18,NA
101090621036e11,11,1. Male,1,NA
702070622484e11,6,1. Male,12,NA
302030111408e11,3,1. Male,12,NA
100504032278e12,8,1. Male,8,NA
603010611882e11,2,1. Male,21,NA
602022212185e11,5,2. Female,15,NA
702030422342e11,3,1. Male,18,NA
504030521703e11,4,2. Female,3,NA
902010122656e11,5,1. Male,5,NA
704060822384e11,5,1. Male,14,NA
305070221225e11,5,2. Female,12,NA
603014112248e11,3,1. Male,8,NA
606070511872e11,3,2. Female,2,NA
202010621138e11,8,1. Male,3,NA
403160321674e11,7,2. Female,7,NA
302040421288e11,4,2. Female,31,NA
306060421444e11,8,1. Male,0,NA
802070422627e11,1,2. Female,72,NA
507070121802e11,4,2. Female,0,NA
602040422177e11,2,2. Female,33,NA
503030221702e11,5,2. Female,12,NA
602022212186e11,9,1. Male,6,NA
602030611931e11,7,1. Male,20,NA
406010811587e11,2,2. Female,25,NA
120102042307e12,3,2. Female,2,NA
901040522658e11,6,1. Male,3,NA
10404022103e12,6,1. Male,15,NA
203010121166e11,6,1. Male,5,NA
603022311896e11,5,2. Female,12,NA
603011311977e11,7,2. Female,18,NA
303080121219e11,1,1. Male,55,NA
204010621161e11,6,2. Female,7,NA
505050721749e11,5,2. Female,8,NA
606070411941e11,11,1. Male,2,NA
302080321217e11,3,2. Female,21,NA
606060112076e11,3,2. Female,14,NA
110104052291e12,5,2. Female,3,NA
602021012184e11,12,1. Male,32,NA
101100711036e11,2,2. Female,30,NA
403070221476e11,2,2. Female,45,NA
602050212067e11,14,1. Male,25,NA
603022212138e11,3,1. Male,17,NA
603022711973e11,4,2. Female,17,NA
120302221303e12,6,2. Female,8,NA
703090222266e11,5,2. Female,2,NA
602021911844e11,4,2. Female,9,NA
702090322261e11,11,1. Male,1,NA
603021912215e11,3,2. Female,8,NA
603013722192e11,2,2. Female,27,NA
304040221346e11,1,2. Female,65,NA
603026612152e11,4,2. Female,8,NA
130303042325e12,5,2. Female,4,NA
705020422273e11,5,2. Female,17,NA
130209012319e12,5,1. Male,5,NA
303040421395e11,8,1. Male,9,NA
110308022288e12,6,2. Female,5,NA
603030712288e11,9,1. Male,20,NA
605060212089e11,1,1. Male,71,NA
704020122444e11,4,1. Male,11,NA
902030712687e11,9,1. Male,13,NA
603023712153e11,7,2. Female,26,NA
100403012281e12,1,2. Female,82,NA
606010411948e11,6,1. Male,19,NA
60302401187e12,3,2. Female,20,NA
704020622317e11,2,2. Female,22,NA
701020422285e11,3,2. Female,72,NA
100502031279e12,2,2. Female,48,NA
702060422484e11,7,2. Female,9,NA
102040121057e11,6,1. Male,6,NA
903030822695e11,6,1. Male,15,NA
702020122426e11,4,1. Male,4,NA
8.0301042260800008e+22,5,1. Male,15,NA
120201222308e12,2,1. Male,18,NA
901080322728e11,4,1. Male,12,NA
603021711963e11,8,2. Female,12,NA
70305012228e12,9,2. Female,3,NA
702040222297e11,2,2. Female,28,NA
402060221647e11,4,1. Male,8,NA
703020722349e11,4,1. Male,5,NA
703100522417e11,8,1. Male,5,NA
704030222459e11,5,2. Female,11,NA
902030322661e11,2,2. Female,27,NA
603011311977e11,3,1. Male,7,NA
204010621204e11,7,2. Female,15,NA
50502082177e12,3,2. Female,18,NA
802020422494e11,1,1. Male,36,NA
103040421023e11,7,2. Female,12,NA
102020221009e11,1,1. Male,46,NA
602040512179e11,6,2. Female,17,NA
604010521826e11,2,1. Male,23,NA
702070522438e11,5,2. Female,25,NA
701080322289e11,6,2. Female,6,NA
603013512199e11,5,1. Male,6,NA
603025212203e11,9,1. Male,8,NA
701030222394e11,5,2. Female,31,NA
2010603211e13,4,2. Female,17,NA
603013812252e11,4,1. Male,6,NA
606070612123e11,13,1. Male,3,NA
903050622651e11,4,2. Female,12,NA
130501042328e12,1,1. Male,61,NA
130503081325e12,8,1. Male,15,NA
903020122681e11,2,2. Female,36,NA
120201172308e12,3,2. Female,17,NA
803050222579e11,2,1. Male,7,NA
605010212027e11,4,1. Male,13,NA
505031011717e11,6,2. Female,17,NA
100305072276e12,6,2. Female,6,NA
403110121499e11,7,2. Female,19,NA
602020811844e11,4,1. Male,9,NA
601040321828e11,6,1. Male,8,NA
603022911984e11,2,1. Male,26,NA
100204012284e12,7,1. Male,2,NA
302060521291e11,4,1. Male,22,NA
703040522486e11,6,2. Female,3,NA
202010521127e11,4,1. Male,5,NA
70313032236e12,5,1. Male,21,NA
603014012264e11,7,1. Male,25,NA
602030111928e11,10,1. Male,5,NA
602061022159e11,4,2. Female,4,NA
703060122347e11,3,1. Male,4,NA
405070321531e11,2,2. Female,27,NA
306020221416e11,2,2. Female,30,NA
606050412105e11,2,2. Female,30,NA
100502041279e12,4,2. Female,11,NA
100305022283e12,8,2. Female,10,NA
10020302228e13,3,1. Male,12,NA
110306091295e12,5,2. Female,30,NA
507050221798e11,4,1. Male,18,NA
203010521121e11,5,1. Male,8,NA
302030821404e11,3,2. Female,5,NA
202010721127e11,3,2. Female,11,NA
120302171304e12,5,2. Female,21,NA
701020422285e11,5,2. Female,16,NA
101050321001e11,4,2. Female,13,NA
702060122297e11,6,1. Male,8,NA
603024912145e11,6,2. Female,30,NA
20201012113e12,3,1. Male,3,NA
606050411953e11,7,2. Female,59,NA
801030222534e11,4,2. Female,11,NA
40204052167e12,5,2. Female,13,NA
701050122449e11,4,1. Male,11,NA
803080422562e11,5,1. Male,10,NA
30105052143e12,3,2. Female,15,NA
802010222624e11,4,1. Male,20,NA
602021911918e11,2,2. Female,22,NA
403020121666e11,2,2. Female,43,NA
505032021713e11,5,1. Male,14,NA
302010911298e11,3,2. Female,11,NA
302110721417e11,7,1. Male,0,NA
703060522438e11,3,1. Male,13,NA
203020821165e11,9,2. Female,15,NA
100305042281e12,5,2. Female,1,NA
503040321701e11,7,1. Male,2,NA
101070321069e11,5,1. Male,6,NA
403180321488e11,3,1. Male,20,NA
302030621238e11,3,1. Male,19,NA
703090422357e11,6,2. Female,3,NA
507060321792e11,2,2. Female,25,NA
605051622056e11,4,2. Female,7,NA
40301012156e12,5,1. Male,3,NA
602010321848e11,5,1. Male,7,NA
606010511947e11,10,1. Male,26,NA
603030412149e11,3,2. Female,28,NA
604010321825e11,3,2. Female,6,NA
110303042292e12,4,1. Male,17,NA
402050521609e11,2,2. Female,27,NA
603024811894e11,4,1. Male,11,NA
130303072324e12,4,2. Female,8,NA
603026412189e11,7,2. Female,19,NA
402050721656e11,5,2. Female,82,NA
304070321383e11,3,2. Female,16,NA
60302361213e12,5,2. Female,23,NA
902010322632e11,2,2. Female,23,NA
303080521294e11,2,2. Female,27,NA
804050322511e11,2,2. Female,35,NA
130503081328e12,8,2. Female,2,NA
6030201119e13,4,1. Male,9,NA
406050611628e11,3,2. Female,23,NA
702100112259e11,6,1. Male,11,NA
100401012283e12,3,1. Male,15,NA
603020912198e11,6,1. Male,7,NA
60204081192e12,2,2. Female,30,NA
120303012299e12,5,2. Female,5,NA
805010522622e11,2,1. Male,19,NA
702100312292e11,2,2. Female,16,NA
803031312563e11,1,1. Male,67,NA
406020711568e11,4,1. Male,10,NA
204080411194e11,8,2. Female,13,NA
204080311097e11,6,2. Female,10,NA
201010211114e11,13,2. Female,5,NA
90203081269e12,2,2. Female,31,NA
705070122278e11,6,2. Female,84,NA
803032612611e11,7,1. Male,10,NA
306080221438e11,6,1. Male,15,NA
803100322572e11,5,1. Male,7,NA
901050222702e11,5,1. Male,0,NA
602021112074e11,6,1. Male,15,NA
402020121661e11,2,2. Female,30,NA
703050822299e11,3,1. Male,3,NA
602030111928e11,4,2. Female,14,NA
204060221191e11,11,2. Female,1,NA
703050222302e11,13,1. Male,17,NA
903061022699e11,3,1. Male,21,NA
702040322455e11,4,2. Female,19,NA
101110321003e11,6,2. Female,2,NA
802070622632e11,6,2. Female,8,NA
90306012265e12,3,1. Male,11,NA
701030122395e11,3,1. Male,11,NA
70305052226e12,6,1. Male,15,NA
603023112278e11,3,1. Male,12,NA
130202042319e12,2,2. Female,43,NA
603026211999e11,8,2. Female,15,NA
60506081209e12,5,1. Male,5,NA
80403022254e12,7,1. Male,1,NA
110302032293e12,3,2. Female,23,NA
902030612735e11,4,1. Male,11,NA
602020111937e11,12,1. Male,40,NA
406070521612e11,7,2. Female,18,NA
100506062284e12,5,2. Female,11,NA
130303062325e12,3,2. Female,10,NA
306020421412e11,10,2. Female,3,NA
60606011208e12,2,2. Female,49,NA
120101022306e12,8,2. Female,4,NA
70306052244e12,6,1. Male,6,NA
301070621377e11,6,2. Female,14,NA
5070503218e13,1,1. Male,16,NA
603022011851e11,4,2. Female,12,NA
9030609227e13,3,1. Male,21,NA
603011612133e11,5,2. Female,28,NA
302040221328e11,7,2. Female,1,NA
704030522462e11,6,1. Male,10,NA
11040102229e13,4,1. Male,12,NA
302100421291e11,2,2. Female,40,NA
120201022309e12,6,1. Male,14,NA
101010321084e11,5,2. Female,6,NA
603023811867e11,3,1. Male,12,NA
13020703232e13,5,2. Female,7,NA
702100212293e11,3,1. Male,19,NA
70402022232e12,4,2. Female,15,NA
802070322627e11,3,1. Male,16,NA
306030321412e11,4,2. Female,9,NA
102030221025e11,3,2. Female,7,NA
120302232296e12,2,2. Female,28,NA
130508032329e12,3,1. Male,13,NA
702061022333e11,10,2. Female,1,NA
603013112253e11,3,1. Male,0,NA
902030812735e11,4,2. Female,13,NA
603012511822e11,3,2. Female,8,NA
405030421546e11,3,2. Female,18,NA
702061212335e11,6,1. Male,7,NA
801060222519e11,2,2. Female,55,NA
502010421723e11,10,1. Male,1,NA
110306112289e12,8,2. Female,0,NA
100305022283e12,3,2. Female,7,NA
401020121614e11,2,2. Female,31,NA
110306121289e12,9,2. Female,10,NA
506010521743e11,4,1. Male,9,NA
603013412243e11,1,1. Male,32,NA
102010321012e11,6,1. Male,2,NA
505031611766e11,9,2. Female,72,NA
204070221181e11,6,1. Male,2,NA
703100422417e11,2,2. Female,50,NA
603023611868e11,4,2. Female,7,NA
901090422656e11,4,1. Male,2,NA
10020302228e13,3,1. Male,13,NA
702060322337e11,4,1. Male,12,NA
602060512227e11,6,1. Male,14,NA
603014212142e11,4,1. Male,1,NA
603031111972e11,2,2. Female,40,NA
603030912052e11,6,1. Male,15,NA
603031111972e11,2,2. Female,44,NA
120302232296e12,4,2. Female,18,NA
305040221779e11,4,1. Male,7,NA
603011312252e11,7,1. Male,23,NA
606050411909e11,4,1. Male,9,NA
40303032148e12,6,1. Male,11,NA
601020421831e11,4,2. Female,6,NA
601040121906e11,6,2. Female,1,NA
702050122296e11,5,2. Female,6,NA
603023812332e11,3,2. Female,5,NA
606071122119e11,5,2. Female,7,NA
303070221304e11,3,1. Male,20,NA
504010121752e11,6,1. Male,9,NA
603022312151e11,6,2. Female,0,NA
30210032129e12,7,1. Male,48,NA
705070122457e11,6,2. Female,0,NA
80303072258e12,5,2. Female,10,NA
406010411537e11,4,1. Male,22,NA
104020221014e11,13,1. Male,10,NA
60303041197e12,4,2. Female,7,NA
701050522448e11,5,1. Male,5,NA
802080322499e11,8,1. Male,5,NA
704030222459e11,2,2. Female,52,NA
302091111232e11,6,1. Male,23,NA
204080211205e11,3,1. Male,7,NA
204040121198e11,6,1. Male,5,NA
30209101148e12,4,2. Female,4,NA
505050221761e11,4,1. Male,16,NA
405060121513e11,5,1. Male,21,NA
120308172302e12,5,1. Male,11,NA
504010121732e11,3,1. Male,10,NA
605060312084e11,4,2. Female,7,NA
120303042303e12,7,2. Female,12,NA
302091111466e11,7,1. Male,7,NA
305070521231e11,2,2. Female,32,NA
703100722355e11,7,2. Female,17,NA
602021212073e11,12,2. Female,22,NA
505050921744e11,3,2. Female,19,NA
104060221012e11,5,2. Female,19,NA
201060421099e11,7,1. Male,8,NA
903030222653e11,3,2. Female,14,NA
501020121733e11,5,2. Female,6,NA
507020221807e11,5,2. Female,7,NA
403040221471e11,6,2. Female,6,NA
13050303133e13,2,2. Female,56,NA
702100312291e11,17,2. Female,18,NA
504010421781e11,6,2. Female,4,NA
302020121295e11,3,2. Female,12,NA
130406022316e12,4,2. Female,17,NA
603013611976e11,2,2. Female,30,NA
110405012287e12,4,1. Male,5,NA
120308092299e12,4,1. Male,14,NA
901070222729e11,2,2. Female,33,NA
110201012286e12,4,1. Male,11,NA
204081021095e11,6,2. Female,9,NA
901090322654e11,3,2. Female,21,NA
702060322337e11,9,2. Female,60,NA
703020322298e11,9,1. Male,9,NA
803030912595e11,5,1. Male,2,NA
703090222309e11,4,1. Male,14,NA
130501062317e12,4,1. Male,6,NA
703020522406e11,6,2. Female,3,NA
603030811885e11,4,2. Female,4,NA
701080222286e11,5,1. Male,16,NA
405050121517e11,3,2. Female,22,NA
605051522045e11,12,2. Female,17,NA
302100221238e11,3,1. Male,5,NA
130401022318e12,1,1. Male,45,NA
406051121576e11,11,1. Male,4,NA
110305052288e12,4,2. Female,5,NA
110202012286e12,5,1. Male,13,NA
110301031293e12,6,2. Female,21,NA
704080322328e11,6,2. Female,3,NA
703050322262e11,7,1. Male,5,NA
601040321828e11,5,2. Female,9,NA
702100512294e11,7,2. Female,9,NA
130404012315e12,6,2. Female,29,NA
305020421222e11,3,1. Male,9,NA
702100622268e11,11,2. Female,11,NA
306060121249e11,4,2. Female,12,NA
100506012278e12,5,2. Female,3,NA
30206052146e12,4,1. Male,1,NA
603025212195e11,4,1. Male,30,NA
901050422663e11,7,2. Female,0,NA
603024712095e11,14,1. Male,28,NA
104010321045e11,5,2. Female,5,NA
50504072178e12,6,1. Male,6,NA
703070322351e11,4,2. Female,6,NA
703050222302e11,7,1. Male,4,NA
402030421651e11,3,1. Male,3,NA
306040121456e11,4,2. Female,18,NA
70303062235e12,3,1. Male,11,NA
30604032145e12,7,1. Male,7,NA
80305022258e12,3,2. Female,7,NA
505040521777e11,7,1. Male,10,NA
903050622672e11,6,2. Female,6,NA
406070321485e11,3,2. Female,12,NA
505031611767e11,10,2. Female,17,NA
701070222446e11,3,1. Male,7,NA
120201192308e12,9,2. Female,2,NA
403080521475e11,8,1. Male,87,NA
602020512185e11,6,1. Male,34,NA
703090122357e11,9,1. Male,2,NA
802020222585e11,4,1. Male,14,NA
303080421398e11,8,2. Female,8,NA
302020321297e11,4,2. Female,11,NA
603021412003e11,4,1. Male,23,NA
606071012116e11,6,2. Female,25,NA
301060221419e11,3,2. Female,20,NA
602050212065e11,3,1. Male,12,NA
605020412014e11,4,2. Female,1,NA
504020521728e11,4,2. Female,13,NA
304150121385e11,1,1. Male,45,NA
702070522435e11,4,2. Female,9,NA
605050512059e11,7,2. Female,2,NA
506040321737e11,4,1. Male,11,NA
10401012108e12,6,1. Male,6,NA
404050121635e11,4,2. Female,6,NA
704020422319e11,2,2. Female,20,NA
13020902233e13,5,2. Female,13,NA
110103042295e12,6,1. Male,6,NA
100303022276e12,4,1. Male,6,NA
602040422177e11,4,2. Female,14,NA
701050122447e11,5,2. Female,11,NA
704030522462e11,5,2. Female,12,NA
704060222471e11,4,1. Male,12,NA
306010521448e11,7,2. Female,11,NA
402020521622e11,4,1. Male,12,NA
110302052295e12,4,2. Female,13,NA
602041721844e11,7,1. Male,3,NA
505030211685e11,3,1. Male,16,NA
504020521728e11,3,1. Male,18,NA
101070121018e11,1,1. Male,42,NA
302090611463e11,4,1. Male,39,NA
802080122498e11,4,2. Female,83,NA
501010221728e11,2,2. Female,42,NA
602030111928e11,9,2. Female,24,NA
603024711992e11,6,1. Male,11,NA
603030412149e11,9,2. Female,29,NA
803040222604e11,3,2. Female,8,NA
301050221423e11,1,1. Male,73,NA
603011011863e11,4,1. Male,21,NA
602020512185e11,3,2. Female,22,NA
120305042297e12,8,2. Female,65,NA
401020221615e11,2,2. Female,40,NA
901030422639e11,2,2. Female,51,NA
306030121264e11,3,1. Male,3,NA
603023712155e11,13,1. Male,1,NA
603023711965e11,1,1. Male,25,NA
60302281223e12,9,2. Female,1,NA
406070721485e11,5,1. Male,6,NA
702100922371e11,5,1. Male,12,NA
704070322397e11,4,1. Male,4,NA
13050306133e13,3,2. Female,16,NA
703020522348e11,4,2. Female,27,NA
605050512058e11,11,2. Female,29,NA
603025511999e11,2,2. Female,68,NA
606070411873e11,5,1. Male,11,NA
60603042195e12,3,1. Male,20,NA
603023612258e11,3,1. Male,26,NA
301010421425e11,6,2. Female,9,NA
901040322667e11,7,1. Male,7,NA
801040322528e11,9,2. Female,3,NA
603024811904e11,3,2. Female,9,NA
30211062132e12,9,2. Female,2,NA
130503021328e12,8,1. Male,19,NA
402060221647e11,5,1. Male,12,NA
606030521941e11,5,2. Female,15,NA
401010521597e11,6,2. Female,73,NA
401030121623e11,8,1. Male,8,NA
403040321473e11,4,2. Female,9,NA
402060321648e11,8,2. Female,7,NA
60302141205e12,5,1. Male,4,NA
605060311961e11,4,2. Female,24,NA
406060121562e11,3,1. Male,24,NA
406070421584e11,3,1. Male,2,NA
702061412333e11,8,2. Female,5,NA
101030221019e11,9,1. Male,11,NA
110305142293e12,3,1. Male,15,NA
902070222685e11,3,1. Male,6,NA
403030221479e11,3,1. Male,25,NA
110203022287e12,8,2. Female,16,NA
603012212137e11,14,2. Female,26,NA
602060412225e11,1,1. Male,43,NA
702080322432e11,4,2. Female,25,NA
110305122293e12,4,1. Male,15,NA
602041822219e11,8,2. Female,22,NA
602020912182e11,12,1. Male,4,NA
903030622697e11,8,2. Female,7,NA
130509012324e12,5,1. Male,10,NA
505050521746e11,2,2. Female,47,NA
13050307133e13,3,2. Female,20,NA
805010222614e11,2,2. Female,39,NA
603030411969e11,4,1. Male,11,NA
80206022262e12,6,2. Female,8,NA
602020911883e11,4,1. Male,6,NA
120303052296e12,6,1. Male,14,NA
130303042324e12,5,1. Male,13,NA
50502082177e12,9,2. Female,15,NA
605060212087e11,1,1. Male,71,NA
603021811974e11,2,2. Female,19,NA
60505041204e12,5,2. Female,18,NA
405010521523e11,4,2. Female,26,NA
80403022254e12,3,1. Male,22,NA
603026412093e11,4,1. Male,21,NA
603026112002e11,5,1. Male,23,NA
802100422627e11,4,2. Female,15,NA
603030712293e11,7,2. Female,0,NA
110302032286e12,4,2. Female,9,NA
203021121164e11,6,1. Male,11,NA
80206022262e12,4,2. Female,23,NA
902030512693e11,6,2. Female,43,NA
120306052298e12,5,1. Male,14,NA
505040121783e11,1,1. Male,69,NA
104060221013e11,3,1. Male,28,NA
401010521596e11,2,2. Female,35,NA
603012811977e11,5,1. Male,29,NA
702061112332e11,6,2. Female,14,NA
120104022306e12,3,2. Female,25,NA
606030521941e11,4,2. Female,18,NA
90301012275e12,4,2. Female,22,NA
803050222579e11,2,2. Female,73,NA
130206012318e12,6,2. Female,8,NA
70408062233e12,7,1. Male,26,NA
603011912003e11,3,2. Female,5,NA
602021212074e11,2,2. Female,8,NA
203020321149e11,8,2. Female,3,NA
100506062281e12,4,1. Male,8,NA
406070521603e11,3,1. Male,12,NA
304010221356e11,4,1. Male,12,NA
603030912231e11,8,2. Female,25,NA
606050511949e11,5,2. Female,15,NA
901090122641e11,3,1. Male,13,NA
101080221063e11,8,1. Male,6,NA
302100321293e11,7,2. Female,22,NA
605020512015e11,9,2. Female,6,NA
606070511874e11,3,2. Female,19,NA
204080921198e11,9,2. Female,6,NA
120201192308e12,3,1. Male,20,NA
602040912212e11,4,2. Female,19,NA
802020122501e11,1,1. Male,36,NA
606010211946e11,1,1. Male,26,NA
704080122326e11,6,1. Male,18,NA
903030622694e11,6,2. Female,1,NA
120105042305e12,6,2. Female,3,NA
602022112206e11,8,1. Male,14,NA
602030411929e11,13,2. Female,16,NA
604020121826e11,4,1. Male,2,NA
701110222391e11,3,2. Female,15,NA
406020411567e11,6,1. Male,2,NA
703050322266e11,5,1. Male,2,NA
603026412196e11,3,2. Female,8,NA
100502041279e12,3,1. Male,4,NA
11040202229e13,5,2. Female,7,NA
803010522607e11,3,1. Male,19,NA
606070711874e11,4,1. Male,18,NA
130406022316e12,4,1. Male,3,NA
401020121614e11,3,1. Male,5,NA
401030221623e11,6,1. Male,6,NA
50501082179e12,6,2. Female,3,NA
606010112118e11,5,1. Male,24,NA
130206012318e12,4,2. Female,11,NA
602041611917e11,2,2. Female,30,NA
302090611463e11,4,2. Female,6,NA
405030321547e11,3,2. Female,13,NA
401030321625e11,3,2. Female,31,NA
10020304228e13,4,2. Female,4,NA
306010821449e11,3,1. Male,27,NA
70302022231e12,1,1. Male,65,NA
203020321149e11,4,2. Female,17,NA
703060222355e11,5,2. Female,6,NA
120305022296e12,6,2. Female,8,NA
201030121119e11,8,1. Male,1,NA
602021212074e11,6,1. Male,27,NA
602060611879e11,4,2. Female,19,NA
903020222682e11,9,2. Female,5,NA
603020912198e11,5,2. Female,62,NA
110304032293e12,5,2. Female,9,NA
702100512293e11,7,2. Female,9,NA
704080622322e11,6,1. Male,0,NA
704060422379e11,2,2. Female,15,NA
902060122631e11,15,2. Female,3,NA
8020603225e13,1,1. Male,67,NA
120308012301e12,3,2. Female,7,NA
60302631226e12,7,2. Female,26,NA
120102072307e12,10,2. Female,2,NA
104030321047e11,7,2. Female,25,NA
601030421833e11,3,2. Female,11,NA
601030221834e11,4,2. Female,11,NA
100102022282e12,3,1. Male,9,NA
502020321724e11,8,2. Female,1,NA
603021611897e11,4,2. Female,22,NA
603024411866e11,5,1. Male,29,NA
101110321071e11,6,2. Female,12,NA
304120121355e11,3,2. Female,8,NA
40104012161e12,2,2. Female,35,NA
11040302229e13,10,2. Female,17,NA
12040205231e13,4,1. Male,7,NA
11040302229e13,4,1. Male,17,NA
802010222624e11,5,2. Female,10,NA
104020121054e11,6,2. Female,13,NA
204010321159e11,4,2. Female,1,NA
100305022284e12,2,1. Male,16,NA
702010422422e11,9,2. Female,10,NA
110307012288e12,4,2. Female,14,NA
110102012292e12,7,1. Male,9,NA
603030511883e11,2,2. Female,17,NA
110308022288e12,4,2. Female,19,NA
406010411537e11,3,1. Male,21,NA
70402042232e12,8,1. Male,12,NA
40605061152e12,7,2. Female,2,NA
602020612075e11,7,1. Male,21,NA
705020112273e11,3,1. Male,15,NA
130304012322e12,8,2. Female,80,NA
303030421245e11,9,1. Male,89,NA
506040321737e11,8,2. Female,18,NA
102030121025e11,6,2. Female,8,NA
100603012281e12,4,2. Female,10,NA
507010321806e11,4,1. Male,12,NA
13050306133e13,3,2. Female,13,NA
603030412231e11,2,2. Female,28,NA
602050212064e11,5,1. Male,29,NA
8020901225e13,1,1. Male,75,NA
702060622456e11,2,2. Female,34,NA
504040521764e11,3,1. Male,16,NA
603025811968e11,2,2. Female,26,NA
903030122703e11,2,2. Female,25,NA
405070321531e11,5,1. Male,17,NA
507010321805e11,9,2. Female,3,NA
404060221558e11,6,1. Male,14,NA
705010122368e11,4,1. Male,5,NA
602022012207e11,5,1. Male,21,NA
602022212186e11,10,1. Male,11,NA
8020801225e13,5,2. Female,1,NA
306030521246e11,4,1. Male,0,NA
10020202228e13,12,2. Female,9,NA
203030221147e11,10,1. Male,2,NA
306040221455e11,6,1. Male,7,NA
606071012124e11,6,1. Male,2,NA
603020912198e11,3,2. Female,29,NA
801010222515e11,2,2. Female,62,NA
203010221168e11,10,2. Female,0,NA
110302042292e12,5,2. Female,21,NA
702060422484e11,2,2. Female,31,NA
606010511955e11,3,2. Female,14,NA
302060421459e11,6,1. Male,0,NA
602050312062e11,3,2. Female,11,NA
603020912196e11,2,2. Female,32,NA
603010611882e11,9,1. Male,98,NA
903060922676e11,2,2. Female,36,NA
804040221543e11,5,2. Female,13,NA
130301032322e12,3,1. Male,5,NA
304030321379e11,3,2. Female,9,NA
703030622405e11,2,1. Male,12,NA
603030411969e11,7,2. Female,24,NA
305060221273e11,2,1. Male,14,NA
705090122483e11,2,2. Female,35,NA
602060611876e11,6,2. Female,20,NA
603022711972e11,6,2. Female,20,NA
302110121237e11,9,1. Male,0,NA
603021412053e11,4,1. Male,21,NA
130207012325e12,7,1. Male,2,NA
603014012192e11,5,1. Male,60,NA
603026611966e11,2,2. Female,9,NA
902030912736e11,6,2. Female,7,NA
603022411823e11,4,2. Female,9,NA
203010121167e11,5,1. Male,4,NA
605050112047e11,4,1. Male,17,NA
601040221827e11,6,2. Female,0,NA
803030122563e11,4,1. Male,16,NA
605060112088e11,2,2. Female,27,NA
120105052305e12,6,1. Male,3,NA
403040321473e11,7,1. Male,3,NA
603013211936e11,3,1. Male,3,NA
120303102299e12,3,1. Male,16,NA
603024812127e11,7,2. Female,3,NA
507060121793e11,3,1. Male,14,NA
101010121004e11,3,1. Male,12,NA
603026311899e11,6,1. Male,20,NA
120308072302e12,3,2. Female,14,NA
802080122632e11,3,1. Male,11,NA
603010611861e11,10,2. Female,9,NA
302080221216e11,3,1. Male,22,NA
606071012123e11,6,1. Male,15,NA
603013722202e11,4,1. Male,1,NA
606030621943e11,7,1. Male,11,NA
602030911927e11,10,2. Female,17,NA
130204022321e12,4,1. Male,16,NA
80310012257e12,3,2. Female,6,NA
901050322727e11,10,1. Male,9,NA
505050921745e11,3,1. Male,16,NA
901050322733e11,2,2. Female,32,NA
60304011214e12,3,2. Female,1,NA
8020801225e13,2,2. Female,51,NA
505010821791e11,4,2. Female,7,NA
406070721501e11,8,1. Male,5,NA
4010108216e13,5,2. Female,7,NA
401011021594e11,4,1. Male,14,NA
302020321316e11,6,2. Female,7,NA
606030321943e11,4,1. Male,18,NA
110302022295e12,5,1. Male,9,NA
110105032291e12,2,1. Male,5,NA
40604032158e12,6,2. Female,16,NA
120302151303e12,1,1. Male,71,NA
602021411935e11,3,2. Female,10,NA
120103032304e12,5,2. Female,7,NA
204010621204e11,3,1. Male,13,NA
605050311994e11,3,2. Female,6,NA
701060422386e11,6,2. Female,15,NA
110308012291e12,5,2. Female,8,NA
302050121285e11,3,1. Male,5,NA
402030321653e11,8,1. Male,2,NA
603026111855e11,7,1. Male,9,NA
901050222645e11,5,2. Female,16,NA
804050322511e11,3,1. Male,2,NA
403100321507e11,5,1. Male,1,NA
702040122263e11,11,2. Female,1,NA
120101042306e12,7,2. Female,5,NA
603012012144e11,5,1. Male,35,NA
603013212244e11,5,2. Female,16,NA
403020121666e11,2,1. Male,10,NA
101100711082e11,12,1. Male,20,NA
40101062159e12,7,2. Female,5,NA
603013512035e11,7,1. Male,20,NA
406020221525e11,7,1. Male,1,NA
12030101231e13,5,2. Female,8,NA
606030521942e11,10,2. Female,2,NA
130508022328e12,4,1. Male,1,NA
603022912249e11,6,1. Male,15,NA
603024812127e11,3,1. Male,5,NA
50501082179e12,3,1. Male,15,NA
605050512058e11,12,2. Female,12,NA
130303092317e12,5,1. Male,9,NA
505020321775e11,2,2. Female,42,NA
70509012245e12,14,1. Male,1,NA
602030812221e11,5,2. Female,8,NA
110306051289e12,7,2. Female,1,NA
306030521445e11,4,1. Male,11,NA
100502011279e12,1,2. Female,39,NA
406020221525e11,7,1. Male,5,NA
50601032169e12,3,1. Male,7,NA
401010921599e11,6,1. Male,4,NA
302050221286e11,5,1. Male,8,NA
203030321178e11,5,1. Male,4,NA
903030222646e11,3,1. Male,12,NA
305070321332e11,7,2. Female,0,NA
401030221623e11,4,1. Male,2,NA
103010221007e11,11,1. Male,0,NA
120303052296e12,4,1. Male,20,NA
902070222685e11,7,2. Female,3,NA
406030711573e11,4,2. Female,4,NA
702060322332e11,10,1. Male,5,NA
110301062291e12,4,2. Female,29,NA
60302031192e12,4,1. Male,8,NA
100304032277e12,4,1. Male,3,NA
602021911843e11,4,2. Female,15,NA
704050522374e11,3,2. Female,12,NA
605060712085e11,6,2. Female,0,NA
606071011874e11,2,1. Male,29,NA
402040321638e11,5,1. Male,12,NA
606040312122e11,9,1. Male,4,NA
603012212201e11,2,2. Female,30,NA
101100121049e11,8,2. Female,11,NA
903070322676e11,4,1. Male,15,NA
406010221542e11,5,1. Male,1,NA
606070612101e11,12,2. Female,21,NA
603030412231e11,5,2. Female,7,NA
30308032137e12,9,2. Female,6,NA
606050312105e11,4,2. Female,15,NA
302040421289e11,3,1. Male,40,NA
403160321674e11,3,2. Female,8,NA
603020112146e11,8,1. Male,5,NA
606060112076e11,3,2. Female,12,NA
901050422637e11,5,2. Female,14,NA
802080322499e11,7,2. Female,5,NA
703060322439e11,2,2. Female,31,NA
606050311912e11,8,2. Female,12,NA
603022711973e11,4,2. Female,26,NA
603026311981e11,11,1. Male,20,NA
703050722301e11,4,1. Male,9,NA
403030221479e11,6,2. Female,17,NA
603021212167e11,2,2. Female,29,NA
705050322441e11,10,2. Female,1,NA
606070212082e11,3,1. Male,17,NA
605051321993e11,3,1. Male,7,NA
101100311018e11,3,2. Female,10,NA
605050512059e11,15,2. Female,23,NA
902030322757e11,5,2. Female,9,NA
901010122726e11,3,1. Male,14,NA
606050112105e11,6,1. Male,11,NA
803031112564e11,2,2. Female,20,NA
702040122452e11,4,2. Female,13,NA
902040322691e11,3,2. Female,9,NA
7011002224e13,6,2. Female,4,NA
601020221908e11,2,2. Female,30,NA
130510022326e12,12,2. Female,2,NA
302090411331e11,8,1. Male,16,NA
302030721239e11,2,2. Female,31,NA
805010322621e11,3,1. Male,16,NA
603025612153e11,5,2. Female,58,NA
606050111914e11,2,2. Female,42,NA
602041111845e11,7,2. Female,19,NA
701110322391e11,5,1. Male,12,NA
404060321641e11,8,1. Male,9,NA
120201012309e12,3,1. Male,27,NA
201010211114e11,9,1. Male,5,NA
602050212061e11,10,1. Male,4,NA
604020121825e11,2,2. Female,43,NA
606030421943e11,2,2. Female,57,NA
603020812197e11,1,1. Male,19,NA
403120321664e11,4,1. Male,18,NA
20201042114e12,4,2. Female,11,NA
803030122563e11,4,2. Female,15,NA
6030113122e13,5,1. Male,4,NA
130102072313e12,7,1. Male,16,NA
402060221647e11,4,2. Female,7,NA
203010321169e11,6,1. Male,8,NA
302060321256e11,3,1. Male,12,NA
100105022281e12,6,1. Male,3,NA
603013611975e11,2,2. Female,43,NA
13020403232e13,2,2. Female,49,NA
303080321369e11,5,2. Female,7,NA
703090322309e11,7,2. Female,4,NA
202020621143e11,3,1. Male,17,NA
602022312205e11,15,1. Male,3,NA
20103022112e12,3,1. Male,12,NA
704021222315e11,4,1. Male,18,NA
120302021296e12,6,1. Male,2,NA
120302181212e12,7,1. Male,8,NA
603021212153e11,8,1. Male,9,NA
605060612089e11,3,2. Female,17,NA
603024811904e11,2,2. Female,25,NA
603030511883e11,7,1. Male,11,NA
605050612044e11,4,2. Female,2,NA
603021611903e11,8,2. Female,6,NA
306010421442e11,6,2. Female,1,NA
804040322545e11,5,2. Female,22,NA
60302671187e12,6,1. Male,5,NA
302011011253e11,8,1. Male,6,NA
403040521472e11,1,1. Male,54,NA
201020421123e11,3,1. Male,15,NA
902010222633e11,4,2. Female,15,NA
406010911617e11,3,2. Female,12,NA
130406032316e12,6,1. Male,3,NA
100304032277e12,3,2. Female,20,NA
603013512035e11,7,2. Female,22,NA
703040222412e11,7,1. Male,10,NA
20103032112e12,2,2. Female,52,NA
803030722566e11,2,1. Male,21,NA
301010221375e11,3,1. Male,18,NA
120401052311e12,3,2. Female,19,NA
10040302228e13,1,2. Female,61,NA
120302021303e12,2,2. Female,31,NA
602060412224e11,9,1. Male,5,NA
901030422717e11,4,2. Female,2,NA
702100512291e11,8,2. Female,10,NA
606030122104e11,4,2. Female,4,NA
901030422638e11,6,1. Male,9,NA
404060221515e11,5,1. Male,6,NA
130305022323e12,10,2. Female,1,NA
603022411959e11,7,1. Male,15,NA
203020721155e11,5,2. Female,9,NA
406030211572e11,6,2. Female,19,NA
803070222583e11,5,2. Female,3,NA
703130622369e11,5,1. Male,6,NA
902030422675e11,5,2. Female,14,NA
406060321564e11,4,1. Male,8,NA
403100321674e11,2,2. Female,62,NA
902010122688e11,6,2. Female,5,NA
40318022149e12,2,2. Female,28,NA
602030911928e11,3,2. Female,2,NA
110306061294e12,10,2. Female,8,NA
13020402232e13,5,2. Female,10,NA
103070221007e11,8,2. Female,12,NA
602060712173e11,9,2. Female,16,NA
705010122368e11,4,2. Female,24,NA
603021412111e11,4,2. Female,3,NA
130304072324e12,3,2. Female,14,NA
606010312118e11,2,2. Female,29,NA
507080521796e11,4,1. Male,17,NA
102030421008e11,5,2. Female,11,NA
101070121004e11,2,2. Female,25,NA
406070321583e11,2,2. Female,41,NA
701020422283e11,12,1. Male,27,NA
902050422631e11,2,2. Female,58,NA
302091311406e11,4,2. Female,15,NA
704040322471e11,3,1. Male,10,NA
20104012111e12,5,2. Female,22,NA
603012212138e11,1,1. Male,22,NA
603021512052e11,9,1. Male,24,NA
12040204231e13,5,2. Female,9,NA
603023812232e11,3,1. Male,6,NA
802090422495e11,11,1. Male,87,NA
130503101329e12,5,2. Female,12,NA
120301042295e12,2,2. Female,23,NA
603013212244e11,11,1. Male,26,NA
7030505223e13,8,2. Female,8,NA
302060521293e11,3,1. Male,6,NA
306020421374e11,1,1. Male,75,NA
305070321224e11,3,2. Female,16,NA
100105012281e12,5,1. Male,8,NA
602020411841e11,4,2. Female,18,NA
306030321445e11,3,2. Female,2,NA
2010601211e13,4,1. Male,13,NA
130203012913e12,3,1. Male,19,NA
30109032142e12,2,2. Female,45,NA
130302072323e12,6,1. Male,12,NA
101110521032e11,3,1. Male,22,NA
603022412095e11,5,2. Female,1,NA
20302022115e12,5,1. Male,9,NA
403180321488e11,4,2. Female,13,NA
302090911479e11,8,1. Male,5,NA
702061522336e11,7,2. Female,1,NA
406030511573e11,2,2. Female,17,NA
302090711265e11,15,2. Female,17,NA
606050512104e11,6,1. Male,14,NA
705090122453e11,7,2. Female,65,NA
306060521442e11,5,2. Female,0,NA
902010222686e11,4,2. Female,12,NA
506020321739e11,1,1. Male,30,NA
405010421522e11,2,2. Female,33,NA
204081021094e11,7,2. Female,72,NA
603023311889e11,3,1. Male,20,NA
10020203228e13,4,2. Female,8,NA
703020622363e11,4,1. Male,8,NA
507050621804e11,8,2. Female,5,NA
603022411959e11,4,2. Female,22,NA
605050612045e11,3,1. Male,17,NA
204070421179e11,9,2. Female,10,NA
100502011279e12,3,2. Female,13,NA
602050312061e11,6,2. Female,13,NA
306060121249e11,3,1. Male,17,NA
702060222434e11,2,2. Female,19,NA
301100121431e11,3,2. Female,11,NA
13020102233e13,3,1. Male,7,NA
202011021104e11,4,1. Male,17,NA
505031221719e11,4,2. Female,15,NA
802100422626e11,5,2. Female,2,NA
702070322423e11,5,1. Male,10,NA
120302211297e12,5,2. Female,31,NA
403040221472e11,7,2. Female,1,NA
603011311978e11,10,2. Female,16,NA
503040221703e11,4,1. Male,60,NA
130306032322e12,5,2. Female,5,NA
204081021197e11,4,2. Female,4,NA
302010711313e11,7,1. Male,5,NA
602030311927e11,6,2. Female,42,NA
703040522487e11,2,2. Female,27,NA
603026411968e11,3,1. Male,17,NA
603010511886e11,4,1. Male,4,NA
204090121186e11,4,1. Male,3,NA
601050121893e11,3,1. Male,31,NA
704061022385e11,6,1. Male,3,NA
606050411913e11,1,1. Male,19,NA
902030422714e11,6,2. Female,9,NA
60304021214e12,9,1. Male,58,NA
201020321125e11,6,2. Female,16,NA
603012512126e11,5,2. Female,4,NA
100402022283e12,5,1. Male,13,NA
603022012235e11,4,1. Male,5,NA
30608012144e12,7,1. Male,7,NA
110304012292e12,4,1. Male,9,NA
302010811327e11,4,1. Male,1,NA
100402012283e12,8,2. Female,0,NA
603012212137e11,5,1. Male,2,NA
602021612187e11,2,1. Male,30,NA
110306031293e12,5,1. Male,2,NA
603020111998e11,3,1. Male,0,NA
100506052284e12,4,1. Male,18,NA
802070322627e11,3,2. Female,14,NA
406020611518e11,4,1. Male,15,NA
401020321615e11,5,1. Male,5,NA
602040811919e11,6,2. Female,2,NA
603031212001e11,6,1. Male,2,NA
130305042323e12,8,2. Female,2,NA
701090222481e11,2,2. Female,31,NA
130203022316e12,7,1. Male,9,NA
603012111903e11,4,1. Male,7,NA
201040121111e11,7,1. Male,0,NA
305020121266e11,6,1. Male,10,NA
302090811465e11,2,2. Female,49,NA
304100321343e11,7,2. Female,12,NA
702060122279e11,10,1. Male,8,NA
20401012116e12,5,1. Male,5,NA
305070321336e11,7,2. Female,7,NA
406051021574e11,7,1. Male,10,NA
120306072298e12,6,1. Male,4,NA
605051522044e11,6,1. Male,2,NA
702070122423e11,3,2. Female,18,NA
101100421051e11,8,2. Female,10,NA
306080121442e11,5,1. Male,5,NA
602041312218e11,12,2. Female,0,NA
603026411969e11,3,1. Male,3,NA
40601061159e12,4,1. Male,5,NA
504020121708e11,3,2. Female,12,NA
705070122457e11,5,2. Female,14,NA
301080321428e11,8,1. Male,1,NA
703040722411e11,18,1. Male,5,NA
705040222266e11,8,2. Female,12,NA
603013412243e11,11,2. Female,10,NA
606050511908e11,7,1. Male,23,NA
803080222558e11,7,2. Female,3,NA
110305122289e12,5,2. Female,20,NA
603030811887e11,3,1. Male,24,NA
203030421177e11,3,1. Male,13,NA
901090422656e11,6,1. Male,0,NA
110301052286e12,2,2. Female,40,NA
104020221014e11,7,2. Female,9,NA
901080222666e11,6,1. Male,4,NA
110102052292e12,3,2. Female,8,NA
803100122571e11,6,2. Female,11,NA
702060723492e11,8,2. Female,13,NA
602030111928e11,2,2. Female,47,NA
120201142307e12,5,2. Female,9,NA
603024811904e11,6,1. Male,12,NA
603025311999e11,2,2. Female,21,NA
705040222268e11,4,2. Female,24,NA
602040312178e11,7,2. Female,10,NA
60302201214e12,7,1. Male,32,NA
120302131303e12,3,2. Female,28,NA
803031112581e11,1,2. Female,46,NA
130503021327e12,5,1. Male,5,NA
703050422415e11,2,1. Male,16,NA
505040221778e11,4,2. Female,28,NA
201060221099e11,6,1. Male,17,NA
201010711108e11,5,1. Male,19,NA
606070912101e11,7,1. Male,13,NA
902030322763e11,7,2. Female,3,NA
402050421605e11,5,2. Female,16,NA
204030421152e11,5,1. Male,18,NA
103030221007e11,8,2. Female,12,NA
603011612133e11,4,2. Female,22,NA
403130221491e11,4,1. Male,23,NA
903070222754e11,3,1. Male,8,NA
406010321578e11,2,2. Female,46,NA
402020121661e11,2,2. Female,68,NA
502010421723e11,3,1. Male,19,NA
704030222462e11,9,1. Male,11,NA
602021711842e11,6,2. Female,5,NA
13050303133e13,3,2. Female,15,NA
80303072258e12,11,2. Female,23,NA
302090811437e11,13,1. Male,22,NA
902050322742e11,10,1. Male,0,NA
302040521287e11,2,2. Female,31,NA
505040221779e11,5,1. Male,13,NA
802030122625e11,6,2. Female,22,NA
803032612614e11,6,2. Female,0,NA
701010522265e11,2,2. Female,35,NA
10020302228e13,4,1. Male,16,NA
702050222295e11,4,2. Female,16,NA
100602022282e12,1,2. Female,79,NA
302050221286e11,8,1. Male,11,NA
702061212336e11,3,1. Male,12,NA
401010421595e11,5,2. Female,13,NA
901030222645e11,4,2. Female,15,NA
903050322721e11,2,2. Female,41,NA
11040201229e13,9,1. Male,5,NA
130302012323e12,5,2. Female,3,NA
602041921917e11,8,1. Male,15,NA
100506062284e12,5,2. Female,14,NA
401020121614e11,2,2. Female,27,NA
902030812735e11,3,1. Male,11,NA
100401032283e12,3,2. Female,8,NA
603026111855e11,3,1. Male,11,NA
130306022322e12,8,2. Female,72,NA
120303042303e12,2,2. Female,25,NA
803030322599e11,5,2. Female,7,NA
603025112159e11,5,2. Female,2,NA
502010421723e11,8,1. Male,27,NA
60302241182e12,6,2. Female,2,NA
902040122683e11,4,1. Male,0,NA
120105062305e12,5,1. Male,13,NA
403130521493e11,6,2. Female,4,NA
201020121125e11,7,1. Male,11,NA
3030602214e13,7,2. Female,9,NA
603025111883e11,17,1. Male,1,NA
101070121003e11,3,1. Male,9,NA
803090122587e11,3,1. Male,7,NA
110306061294e12,2,2. Female,42,NA
901080222692e11,4,1. Male,11,NA
804050222513e11,4,1. Male,1,NA
10020301228e13,3,2. Female,9,NA
304030421379e11,7,2. Female,75,NA
306030121264e11,5,2. Female,9,NA
130510022326e12,4,1. Male,5,NA
110304012292e12,5,2. Female,5,NA
602020512184e11,6,1. Male,10,NA
704010522326e11,3,2. Female,9,NA
100203032285e12,11,2. Female,19,NA
110408032287e12,2,2. Female,33,NA
605020412014e11,12,1. Male,2,NA
7011002224e13,2,2. Female,49,NA
130201012319e12,5,2. Female,10,NA
603014111959e11,4,1. Male,14,NA
406030311572e11,10,2. Female,14,NA
120302161303e12,5,1. Male,12,NA
606030421943e11,12,2. Female,23,NA
120306102301e12,10,1. Male,28,NA
601040221827e11,4,1. Male,18,NA
100105032281e12,3,1. Male,17,NA
104010221083e11,5,2. Female,16,NA
704060822379e11,5,2. Female,13,NA
201040221112e11,3,1. Male,2,NA
505030711788e11,4,1. Male,7,NA
130501042317e12,3,2. Female,7,NA
602022212186e11,2,2. Female,40,NA
805020322613e11,10,2. Female,11,NA
204010721208e11,5,2. Female,9,NA
110409012287e12,5,1. Male,7,NA
130505062317e12,4,1. Male,4,NA
130509052327e12,4,1. Male,14,NA
703130222356e11,1,2. Female,72,NA
702100622397e11,10,2. Female,2,NA
130303102313e12,3,2. Female,14,NA
603010612e14,4,1. Male,8,NA
103050121023e11,7,2. Female,15,NA
120304022296e12,11,1. Male,26,NA
203030121146e11,5,1. Male,8,NA
70108032229e12,4,1. Male,16,NA
120302021298e12,3,2. Female,13,NA
702060622485e11,3,1. Male,14,NA
802100122622e11,3,2. Female,9,NA
100301012277e12,4,1. Male,11,NA
130102042312e12,3,2. Female,13,NA
802020122501e11,5,1. Male,10,NA
507020221807e11,4,1. Male,5,NA
406010411537e11,5,2. Female,9,NA
606060112077e11,4,1. Male,5,NA
302010221252e11,2,2. Female,69,NA
110304012292e12,5,1. Male,11,NA
603023311889e11,3,1. Male,2,NA
130510032325e12,4,2. Female,8,NA
110302072289e12,2,2. Female,20,NA
60301391226e12,15,2. Female,22,NA
901050222645e11,1,1. Male,25,NA
401011121591e11,7,2. Female,27,NA
602030812222e11,3,1. Male,10,NA
903060422724e11,5,2. Female,23,NA
10020304228e13,5,1. Male,15,NA
603021411851e11,4,1. Male,6,NA
130202052319e12,7,2. Female,4,NA
204080521185e11,7,1. Male,1,NA
504040521764e11,4,2. Female,16,NA
604010222097e11,7,2. Female,2,NA
601040321827e11,5,1. Male,19,NA
305060121268e11,4,2. Female,14,NA
100503012279e12,11,1. Male,2,NA
603040312001e11,3,2. Female,3,NA
602020512184e11,1,1. Male,30,NA
901080222728e11,5,1. Male,15,NA
801040522522e11,3,1. Male,8,NA
130501012329e12,6,1. Male,2,NA
603012111903e11,5,1. Male,4,NA
506010421692e11,5,1. Male,7,NA
602010321848e11,8,1. Male,5,NA
602050612159e11,4,1. Male,12,NA
802020522585e11,4,1. Male,15,NA
100501032279e12,6,1. Male,1,NA
403110321666e11,6,2. Female,8,NA
603025912095e11,3,2. Female,13,NA
110101012293e12,6,1. Male,2,NA
402060321606e11,3,1. Male,24,NA
10020303228e13,2,2. Female,32,NA
130503051313e12,10,2. Female,15,NA
605050311995e11,9,2. Female,21,NA
603021312164e11,5,2. Female,18,NA
101010121061e11,4,1. Male,2,NA
110305052288e12,6,2. Female,14,NA
100503012279e12,6,1. Male,0,NA
301080121427e11,4,2. Female,25,NA
603025312204e11,4,2. Female,0,NA
901090122747e11,8,2. Female,14,NA
507030521803e11,6,1. Male,0,NA
130501052327e12,4,2. Female,16,NA
507080521795e11,3,1. Male,9,NA
603022612195e11,4,2. Female,3,NA
305020121266e11,7,1. Male,74,NA
505030411722e11,2,2. Female,3,NA
901020122714e11,6,1. Male,9,NA
601020221906e11,3,1. Male,4,NA
203020321149e11,5,1. Male,16,NA
406020511569e11,7,1. Male,10,NA
803032912561e11,3,1. Male,16,NA
201010511093e11,6,2. Female,16,NA
903061022701e11,8,2. Female,8,NA
130301032323e12,4,2. Female,3,NA
70307022235e12,6,2. Female,4,NA
703050622304e11,4,2. Female,8,NA
704070322468e11,6,1. Male,15,NA
302060521458e11,6,1. Male,8,NA
603031112208e11,4,2. Female,14,NA
30203072124e12,4,1. Male,12,NA
507030421801e11,9,1. Male,2,NA
903010322707e11,1,1. Male,70,NA
703090222304e11,6,1. Male,16,NA
802070522502e11,8,1. Male,6,NA
605060312029e11,3,1. Male,8,NA
703130622369e11,3,2. Female,2,NA
802070622631e11,2,2. Female,42,NA
70302022231e12,3,2. Female,1,NA
120308162302e12,5,1. Male,0,NA
130506022327e12,4,2. Female,11,NA
120104062307e12,3,2. Female,25,NA
702070122424e11,3,2. Female,10,NA
110303032292e12,3,1. Male,9,NA
602022112206e11,2,2. Female,42,NA
603022912278e11,7,2. Female,4,NA
802070222504e11,6,2. Female,11,NA
120104022306e12,3,2. Female,9,NA
603012111903e11,11,2. Female,73,NA
603040211967e11,3,2. Female,16,NA
901010222642e11,9,1. Male,11,NA
90204032267e12,1,1. Male,60,NA
130102052312e12,5,1. Male,8,NA
603021312228e11,8,2. Female,3,NA
100401012283e12,7,1. Male,9,NA
603011511858e11,4,1. Male,10,NA
301070221432e11,4,2. Female,4,NA
702070122426e11,11,1. Male,5,NA
80310012257e12,4,2. Female,17,NA
702100412293e11,7,1. Male,15,NA
110308022291e12,3,2. Female,10,NA
603011311977e11,3,1. Male,20,NA
603023912277e11,8,2. Female,9,NA
110104012291e12,7,2. Female,7,NA
505010521752e11,3,1. Male,14,NA
100204032285e12,3,2. Female,12,NA
302010811322e11,2,1. Male,22,NA
505031921713e11,6,2. Female,19,NA
302010511381e11,4,2. Female,19,NA
604010521825e11,5,2. Female,4,NA
302030321404e11,2,2. Female,60,NA
602020812184e11,1,1. Male,45,NA
603011011864e11,4,2. Female,5,NA
504040221705e11,4,1. Male,16,NA
602050712244e11,11,1. Male,27,NA
11041001229e13,3,2. Female,16,NA
11030502229e13,2,1. Male,13,NA
101070121018e11,4,2. Female,6,NA
130206102321e12,10,1. Male,8,NA
50502082177e12,6,1. Male,14,NA
120308142302e12,4,2. Female,7,NA
603012912136e11,6,2. Female,0,NA
605020212013e11,3,2. Female,14,NA
602020911884e11,10,1. Male,20,NA
602030411929e11,7,2. Female,7,NA
603013722128e11,58,1. Male,21,NA
704060422381e11,6,2. Female,6,NA
305040221219e11,4,2. Female,30,NA
203010321168e11,6,2. Female,3,NA
402030521651e11,4,1. Male,12,NA
603010511885e11,12,2. Female,20,NA
902010122688e11,4,2. Female,3,NA
100102042282e12,1,2. Female,26,NA
305070821336e11,6,2. Female,7,NA
402010721638e11,7,1. Male,6,NA
602020711836e11,4,1. Male,19,NA
507040121804e11,9,1. Male,9,NA
903030622697e11,3,2. Female,17,NA
703020222298e11,2,2. Female,40,NA
702070622451e11,4,1. Male,16,NA
110306031293e12,2,2. Female,26,NA
303020121244e11,6,1. Male,2,NA
130102042312e12,3,1. Male,6,NA
504010121712e11,9,1. Male,21,NA
406030421485e11,5,1. Male,12,NA
603025812259e11,3,2. Female,11,NA
302030321404e11,8,2. Female,3,NA
13020303232e13,2,2. Female,28,NA
902030512689e11,7,2. Female,19,NA
703090522307e11,9,1. Male,9,NA
505030811784e11,6,1. Male,11,NA
603026312188e11,4,2. Female,11,NA
606030121942e11,6,2. Female,5,NA
603010912133e11,8,2. Female,23,NA
60206071224e12,2,1. Male,17,NA
605050712004e11,8,1. Male,44,NA
901070222729e11,5,1. Male,16,NA
701020322284e11,7,1. Male,8,NA
901040222657e11,9,1. Male,13,NA
70310062241e12,3,1. Male,1,NA
506010521744e11,3,1. Male,22,NA
13020608233e13,4,2. Female,6,NA
604010222096e11,3,2. Female,12,NA
703040522486e11,7,2. Female,10,NA
603010912132e11,2,2. Female,23,NA
606070912101e11,6,1. Male,11,NA
903010722652e11,2,2. Female,49,NA
303020121368e11,13,2. Female,0,NA
703060122353e11,3,1. Male,5,NA
406030511573e11,7,1. Male,80,NA
120302121298e12,3,1. Male,2,NA
903010522652e11,4,2. Female,19,NA
70309022231e12,4,2. Female,9,NA
204080521185e11,11,2. Female,2,NA
606040722113e11,7,2. Female,7,NA
130206012318e12,5,1. Male,18,NA
902040122739e11,6,1. Male,10,NA
110302062293e12,6,1. Male,8,NA
130207032321e12,2,2. Female,21,NA
406070221583e11,5,1. Male,3,NA
603025112275e11,5,1. Male,11,NA
103040421022e11,5,2. Female,18,NA
703020322298e11,3,1. Male,5,NA
606010111875e11,3,2. Female,2,NA
803032612611e11,3,2. Female,13,NA
304040321347e11,11,2. Female,6,NA
302030321326e11,6,1. Male,0,NA
602022711935e11,4,1. Male,10,NA
13020701233e13,3,2. Female,27,NA
110411022287e12,7,2. Female,14,NA
303060221242e11,4,2. Female,19,NA
602030911924e11,4,2. Female,14,NA
704040222472e11,7,1. Male,20,NA
10020203228e13,6,2. Female,10,NA
120203072308e12,3,2. Female,15,NA
605050112047e11,7,2. Female,20,NA
603025812124e11,2,2. Female,29,NA
120102062307e12,5,2. Female,7,NA
701080422289e11,4,1. Male,9,NA
130503021327e12,2,2. Female,33,NA
602021612187e11,3,2. Female,20,NA
305030421275e11,5,1. Male,19,NA
402010521598e11,8,1. Male,14,NA
803032612612e11,3,2. Female,18,NA
901050422699e11,4,2. Female,23,NA
130306022322e12,5,1. Male,11,NA
605051222041e11,2,2. Female,44,NA
305050121335e11,7,2. Female,19,NA
703120122414e11,8,2. Female,9,NA
403130421492e11,2,2. Female,24,NA
603025112035e11,1,1. Male,55,NA
602021112073e11,9,2. Female,25,NA
901060322643e11,5,2. Female,15,NA
703040122413e11,3,2. Female,13,NA
403100121507e11,4,1. Male,11,NA
60203041193e12,7,2. Female,25,NA
302090711323e11,3,2. Female,9,NA
40602012152e12,2,2. Female,66,NA
605050612045e11,6,1. Male,11,NA
801040522523e11,2,2. Female,45,NA
102050221027e11,5,1. Male,13,NA
703010422313e11,5,1. Male,6,NA
603024411855e11,3,1. Male,18,NA
203030421208e11,3,2. Female,18,NA
406030211571e11,3,1. Male,13,NA
602050712065e11,9,2. Female,24,NA
504040321706e11,4,2. Female,20,NA
701080222286e11,1,1. Male,43,NA
603040312252e11,3,2. Female,21,NA
602020411841e11,4,2. Female,13,NA
903040122713e11,5,2. Female,4,NA
606071012124e11,8,1. Male,4,NA
603021212239e11,6,2. Female,23,NA
60301221215e12,4,1. Male,12,NA
603021112241e11,5,2. Female,16,NA
403150321509e11,10,2. Female,22,NA
603022912262e11,7,1. Male,1,NA
402050421649e11,8,2. Female,2,NA
305070821336e11,4,1. Male,17,NA
60302141201e12,5,1. Male,21,NA
603021112156e11,3,1. Male,0,NA
406060321565e11,3,1. Male,10,NA
602050112061e11,7,1. Male,1,NA
603025711872e11,2,2. Female,51,NA
403040421473e11,4,2. Female,26,NA
202021121134e11,6,1. Male,6,NA
11030506229e13,6,2. Female,28,NA
702050122298e11,4,1. Male,8,NA
703100722355e11,4,1. Male,2,NA
705040322267e11,2,2. Female,42,NA
602020711839e11,8,2. Female,13,NA
507050521813e11,11,1. Male,0,NA
130102072312e12,4,2. Female,16,NA
302060421256e11,3,2. Female,7,NA
406051121575e11,19,1. Male,7,NA
405050321514e11,5,2. Female,8,NA
103040421022e11,3,2. Female,13,NA
304130221345e11,3,2. Female,11,NA
702100512291e11,7,1. Male,7,NA
201030121118e11,9,1. Male,3,NA
10302032102e12,7,2. Female,6,NA
704080622327e11,7,2. Female,10,NA
602021911844e11,9,1. Male,25,NA
120303082297e12,4,1. Male,8,NA
603021811857e11,5,1. Male,21,NA
120201162308e12,4,1. Male,13,NA
40205072155e12,4,1. Male,12,NA
802100422491e11,7,2. Female,6,NA
130304012322e12,5,1. Male,7,NA
901090122655e11,9,1. Male,5,NA
603031111972e11,10,2. Female,3,NA
902050122752e11,6,1. Male,22,NA
705050122442e11,6,2. Female,19,NA
11041001229e13,11,1. Male,54,NA
100105032281e12,5,2. Female,71,NA
70210021237e12,10,2. Female,7,NA
603012512126e11,5,2. Female,24,NA
803040322603e11,4,2. Female,15,NA
304030221378e11,3,1. Male,19,NA
101110721065e11,6,1. Male,15,NA
901050422663e11,3,1. Male,9,NA
405070521533e11,2,1. Male,14,NA
605050512059e11,4,2. Female,2,NA
602040912216e11,5,1. Male,1,NA
40201012164e12,3,1. Male,5,NA
603023011979e11,9,2. Female,8,NA
101010221062e11,3,2. Female,14,NA
110409022287e12,8,2. Female,6,NA
103040421024e11,5,1. Male,16,NA
504010121712e11,2,2. Female,67,NA
505050221761e11,4,2. Female,11,NA
303070121273e11,63,2. Female,12,NA
302090911479e11,2,2. Female,37,NA
303040221401e11,4,1. Male,23,NA
705050122441e11,12,1. Male,2,NA
705030422454e11,4,1. Male,18,NA
305020221269e11,4,1. Male,8,NA
110302022295e12,2,2. Female,36,NA
30209111141e12,7,1. Male,22,NA
705020422272e11,5,2. Female,21,NA
603022112277e11,1,1. Male,61,NA
603023712153e11,4,2. Female,12,NA
603022312151e11,8,2. Female,25,NA
603024012145e11,6,2. Female,13,NA
101090721037e11,4,1. Male,8,NA
30211042132e12,7,2. Female,5,NA
903070422755e11,2,2. Female,30,NA
120302091298e12,5,1. Male,24,NA
602021111918e11,3,1. Male,8,NA
802030622624e11,4,2. Female,23,NA
80310012257e12,2,2. Female,45,NA
604010122098e11,6,1. Male,21,NA
602022312205e11,5,1. Male,14,NA
40202042166e12,3,1. Male,13,NA
201010211114e11,2,1. Male,68,NA
506040521741e11,3,1. Male,11,NA
120105062305e12,2,2. Female,40,NA
103010221079e11,11,1. Male,6,NA
101100821049e11,7,1. Male,12,NA
203030221147e11,8,1. Male,0,NA
606050511913e11,7,2. Female,24,NA
120103052306e12,7,2. Female,2,NA
110306091286e12,4,1. Male,18,NA
507050521811e11,2,2. Female,34,NA
504030321711e11,2,2. Female,55,NA
120201112309e12,5,1. Male,10,NA
4031102215e13,3,1. Male,4,NA
903070122677e11,6,1. Male,5,NA
70502032227e12,7,1. Male,11,NA
701020322284e11,3,2. Female,25,NA
903040122714e11,5,1. Male,5,NA
903040122713e11,3,2. Female,3,NA
120301082295e12,4,2. Female,20,NA
603024312033e11,2,2. Female,5,NA
130304072327e12,6,2. Female,6,NA
302091211265e11,4,2. Female,65,NA
603024012145e11,5,2. Female,0,NA
604010422096e11,1,1. Male,28,NA
802050222491e11,1,1. Male,75,NA
204080111097e11,8,1. Male,5,NA
504030221709e11,4,2. Female,16,NA
120201022309e12,7,2. Female,5,NA
606070111955e11,4,1. Male,15,NA
603026612152e11,4,2. Female,12,NA
50504072178e12,3,2. Female,14,NA
605020512015e11,6,2. Female,16,NA
603013722128e11,3,1. Male,11,NA
120302232298e12,4,1. Male,12,NA
102020121028e11,4,1. Male,12,NA
701080322289e11,2,2. Female,26,NA
130304052325e12,4,2. Female,4,NA
603024411866e11,4,1. Male,6,NA
406030211572e11,5,2. Female,10,NA
704050122373e11,4,2. Female,15,NA
100506032279e12,5,2. Female,7,NA
403090321505e11,4,2. Female,16,NA
701040222252e11,3,2. Female,14,NA
303060321365e11,4,1. Male,8,NA
130503101329e12,6,1. Male,11,NA
130102052313e12,3,1. Male,19,NA
901090422655e11,5,2. Female,1,NA
130401042316e12,4,1. Male,8,NA
80403012254e12,4,2. Female,8,NA
13020702232e13,2,2. Female,44,NA
401020421616e11,10,1. Male,6,NA
100305072276e12,6,1. Male,14,NA
101090521038e11,6,1. Male,18,NA
704060522378e11,10,2. Female,2,NA
602021112073e11,3,2. Female,13,NA
602022012207e11,2,2. Female,31,NA
602040912072e11,3,1. Male,19,NA
903070422754e11,2,2. Female,52,NA
130301062325e12,7,2. Female,5,NA
303050921362e11,4,2. Female,15,NA
60506051196e12,5,1. Male,23,NA
603021812164e11,4,1. Male,17,NA
603022612155e11,1,2. Female,45,NA
602060312212e11,7,2. Female,8,NA
603024011871e11,3,2. Female,15,NA
705040222266e11,9,2. Female,7,NA
605010312025e11,4,2. Female,18,NA
507050521806e11,4,2. Female,27,NA
304120121355e11,5,2. Female,1,NA
100201032284e12,5,1. Male,13,NA
802070322543e11,4,2. Female,8,NA
130303062325e12,3,2. Female,12,NA
705010122368e11,12,2. Female,22,NA
603012912192e11,7,2. Female,14,NA
803032612414e11,6,2. Female,12,NA
603022412189e11,5,2. Female,8,NA
803040222604e11,4,2. Female,12,NA
120308082311e12,3,1. Male,21,NA
502030221725e11,6,1. Male,13,NA
100602022282e12,9,2. Female,8,NA
602040512179e11,10,2. Female,80,NA
802090422494e11,4,2. Female,11,NA
603022912143e11,7,1. Male,7,NA
603030712293e11,5,1. Male,31,NA
100102012282e12,3,1. Male,6,NA
70109022248e12,8,1. Male,3,NA
606040212118e11,2,2. Female,45,NA
605050412039e11,1,1. Male,21,NA
902030612735e11,4,1. Male,3,NA
602050512061e11,11,1. Male,28,NA
201010511093e11,4,2. Female,12,NA
203010121166e11,3,2. Female,8,NA
302090611247e11,5,1. Male,22,NA
902030612735e11,9,1. Male,1,NA
101100621035e11,3,2. Female,14,NA
506040221695e11,4,1. Male,12,NA
110306091286e12,5,2. Female,8,NA
120306022296e12,3,1. Male,20,NA
603020512216e11,3,1. Male,14,NA
603013112191e11,12,2. Female,20,NA
606070211949e11,6,2. Female,24,NA
203020921162e11,5,1. Male,12,NA
903070422754e11,7,1. Male,6,NA
504010421706e11,3,2. Female,77,NA
302011011254e11,2,2. Female,52,NA
602040912212e11,3,1. Male,19,NA
603022212151e11,3,1. Male,7,NA
90202012269e12,7,1. Male,20,NA
204010321207e11,3,2. Female,10,NA
606010211955e11,1,2. Female,19,NA
13020102233e13,6,2. Female,0,NA
406010721577e11,3,2. Female,11,NA
110303062287e12,3,1. Male,10,NA
602021112074e11,3,1. Male,34,NA
603022311855e11,19,2. Female,38,NA
130201032319e12,10,2. Female,3,NA
201030221119e11,8,1. Male,8,NA
705070122457e11,3,2. Female,0,NA
302010711311e11,7,1. Male,9,NA
603030412149e11,2,1. Male,28,NA
101090121002e11,11,2. Female,1,NA
403040421473e11,7,2. Female,6,NA
602050712063e11,4,2. Female,3,NA
701050222251e11,4,2. Female,77,NA
204030321183e11,9,2. Female,9,NA
60203051193e12,10,2. Female,6,NA
130102022312e12,6,1. Male,12,NA
701010322256e11,3,1. Male,7,NA
402010621655e11,5,2. Female,5,NA
120306112301e12,7,1. Male,11,NA
60302041189e12,3,2. Female,18,NA
304140321393e11,5,1. Male,2,NA
703040322411e11,6,2. Female,27,NA
703040322411e11,5,2. Female,3,NA
203030421177e11,8,2. Female,2,NA
603024912189e11,7,2. Female,30,NA
301070621434e11,4,1. Male,12,NA
304130221388e11,6,2. Female,12,NA
110205012286e12,3,2. Female,15,NA
100101012282e12,3,1. Male,14,NA
30608032144e12,4,2. Female,5,NA
120302081303e12,3,1. Male,12,NA
903070422754e11,2,2. Female,16,NA
60607061208e12,4,1. Male,8,NA
603021712248e11,4,1. Male,12,NA
201010611115e11,12,2. Female,90,NA
306040221455e11,5,1. Male,13,NA
702100312259e11,4,1. Male,18,NA
505040421781e11,2,2. Female,67,NA
130303062325e12,3,1. Male,8,NA
902050322742e11,7,1. Male,2,NA
120302101304e12,6,1. Male,16,NA
703040522481e11,7,1. Male,2,NA
130303092318e12,5,1. Male,14,NA
604010122096e11,4,2. Female,7,NA
302070321315e11,7,2. Female,10,NA
201010211114e11,11,1. Male,16,NA
801050322514e11,9,2. Female,17,NA
101110321069e11,1,2. Female,35,NA
203020421116e11,3,1. Male,9,NA
2040401212e13,7,1. Male,5,NA
606070812102e11,2,2. Female,42,NA
406051321555e11,2,2. Female,44,NA
603021412255e11,5,2. Female,7,NA
204010321158e11,2,2. Female,60,NA
903050422718e11,2,2. Female,63,NA
70109022248e12,6,2. Female,10,NA
1.3040301231100001e+23,2,2. Female,26,NA
1203030823e14,3,1. Male,15,NA
104010221047e11,5,2. Female,11,NA
202010921104e11,3,2. Female,13,NA
101090321043e11,5,1. Male,13,NA
602041411922e11,3,1. Male,9,NA
302010411452e11,1,1. Male,84,NA
703030822397e11,4,1. Male,0,NA
401010521596e11,2,2. Female,50,NA
101050321073e11,2,2. Female,11,NA
130509072329e12,4,2. Female,40,NA
602041111847e11,7,2. Female,19,NA
603012811884e11,6,2. Female,10,NA
130502062329e12,3,1. Male,8,NA
602050312062e11,2,2. Female,3,NA
90305042272e12,6,2. Female,7,NA
7011001224e13,5,1. Male,3,NA
606070311952e11,9,2. Female,4,NA
603010911865e11,5,2. Female,15,NA
507050621814e11,7,1. Male,9,NA
204020321192e11,3,1. Male,7,NA
302030111402e11,6,1. Male,42,NA
20201112114e12,6,2. Female,3,NA
602020211933e11,11,2. Female,18,NA
301090321423e11,5,2. Female,4,NA
603012012144e11,5,2. Female,21,NA
103040321055e11,4,2. Female,12,NA
130206082321e12,4,1. Male,13,NA
605040112029e11,3,2. Female,15,NA
130304052325e12,9,2. Female,17,NA
110303022288e12,3,2. Female,3,NA
802050222491e11,4,1. Male,1,NA
103070121076e11,12,2. Female,0,NA
804030522539e11,9,2. Female,2,NA
120201012309e12,4,2. Female,16,NA
603040112152e11,1,1. Male,60,NA
301090221466e11,4,1. Male,13,NA
406010811587e11,5,2. Female,11,NA
203010421169e11,5,2. Female,4,NA
10050204128e13,3,1. Male,7,NA
703090422356e11,3,1. Male,5,NA
705050322442e11,5,1. Male,16,NA
603022912277e11,5,1. Male,8,NA
803040222603e11,4,2. Female,21,NA
602050312061e11,4,1. Male,2,NA
100506062282e12,3,2. Female,8,NA
703100222418e11,6,2. Female,6,NA
40602012152e12,4,1. Male,15,NA
702050412295e11,8,1. Male,12,NA
804020222506e11,4,2. Female,13,NA
303030121302e11,7,1. Male,8,NA
130305042322e12,5,2. Female,11,NA
901060322643e11,4,1. Male,8,NA
504030321711e11,2,2. Female,31,NA
701050122448e11,1,1. Male,54,NA
302091111271e11,4,2. Female,3,NA
60302051201e12,5,2. Female,5,NA
104080221086e11,6,1. Male,6,NA
602020111937e11,9,1. Male,3,NA
130303062325e12,1,1. Male,70,NA
507020221807e11,9,1. Male,32,NA
406030811574e11,5,1. Male,8,NA
130404022316e12,9,1. Male,0,NA
130202042319e12,2,2. Female,31,NA
12030101231e13,3,1. Male,0,NA
302030721408e11,3,2. Female,20,NA
701010522257e11,4,2. Female,13,NA
104060221012e11,4,1. Male,16,NA
101070321049e11,5,1. Male,4,NA
901060222663e11,5,1. Male,13,NA
120203052308e12,4,1. Male,8,NA
802030122626e11,3,2. Female,3,NA
204010521159e11,5,1. Male,11,NA
703050622416e11,5,2. Female,16,NA
302090611462e11,3,1. Male,21,NA
602050612157e11,10,1. Male,16,NA
705040122267e11,2,2. Female,53,NA
203021121164e11,4,2. Female,9,NA
302080121215e11,9,1. Male,6,NA
103020221053e11,6,2. Female,10,NA
702060322295e11,3,1. Male,11,NA
603021412194e11,9,1. Male,2,NA
401010321595e11,6,1. Male,4,NA
804030122541e11,4,1. Male,20,NA
100505012278e12,3,1. Male,16,NA
20402012115e12,7,1. Male,12,NA
606060412083e11,4,1. Male,17,NA
902030712682e11,5,2. Female,10,NA
101100711035e11,3,2. Female,12,NA
202020621143e11,6,1. Male,14,NA
1203020613e14,6,2. Female,2,NA
100306012277e12,6,1. Male,1,NA
602021711842e11,2,2. Female,32,NA
602021612186e11,6,1. Male,11,NA
130510022326e12,8,1. Male,0,NA
603013611973e11,4,1. Male,30,NA
603021412275e11,4,1. Male,17,NA
120101022306e12,1,2. Female,65,NA
603021312228e11,5,2. Female,26,NA
90205022274e12,5,2. Female,9,NA
802040122629e11,3,2. Female,26,NA
101100921034e11,3,2. Female,22,NA
6030404122e13,7,2. Female,19,NA
306020221441e11,4,2. Female,25,NA
130304012322e12,3,2. Female,28,NA
306080221441e11,3,2. Female,15,NA
603022711973e11,2,1. Male,4,NA
505030711768e11,1,2. Female,58,NA
10020203228e13,10,1. Male,8,NA
302020321294e11,5,1. Male,15,NA
120401082312e12,3,2. Female,8,NA
120103102304e12,3,1. Male,15,NA
602020812184e11,1,1. Male,24,NA
404020121642e11,3,1. Male,12,NA
602070112069e11,4,1. Male,5,NA
903020122751e11,2,2. Female,70,NA
104030221015e11,2,2. Female,29,NA
305070421225e11,4,1. Male,8,NA
110301012287e12,8,1. Male,0,NA
803040222603e11,11,1. Male,1,NA
901050322715e11,10,1. Male,17,NA
204050121203e11,7,1. Male,18,NA
130502032325e12,3,2. Female,6,NA
803080422559e11,4,1. Male,13,NA
204090121186e11,3,2. Female,0,NA
120302131303e12,4,1. Male,86,NA
204010421161e11,4,2. Female,3,NA
302020121318e11,6,1. Male,9,NA
402020421661e11,4,2. Female,12,NA
603025311999e11,11,2. Female,19,NA
603021412094e11,3,1. Male,4,NA
605060812091e11,3,2. Female,17,NA
602070112068e11,10,2. Female,8,NA
90105042276e12,5,1. Male,2,NA
302080121214e11,7,2. Female,7,NA
404060221545e11,2,1. Male,22,NA
702061312332e11,7,1. Male,6,NA
10101032108e12,3,1. Male,24,NA
40303032148e12,3,2. Female,34,NA
603024811894e11,9,1. Male,12,NA
13020402232e13,4,2. Female,8,NA
602030311926e11,2,1. Male,29,NA
603024412129e11,8,1. Male,26,NA
120308142302e12,3,2. Female,10,NA
60302651223e12,2,2. Female,28,NA
603030912242e11,16,2. Female,20,NA
603023612238e11,5,2. Female,22,NA
901070122666e11,7,1. Male,22,NA
50401022168e12,6,2. Female,9,NA
703100722407e11,1,2. Female,65,NA
901050322727e11,3,2. Female,17,NA
605060412086e11,8,2. Female,14,NA
803050122579e11,7,1. Male,2,NA
507080321683e11,8,1. Male,8,NA
801040422523e11,7,1. Male,5,NA
130507012326e12,3,1. Male,10,NA
306060121211e11,7,2. Female,3,NA
603021112189e11,4,1. Male,4,NA
110104012291e12,2,2. Female,16,NA
120302131303e12,4,2. Female,12,NA
110308022288e12,7,1. Male,7,NA
401020221615e11,2,2. Female,68,NA
20201112114e12,4,2. Female,7,NA
406030211571e11,9,1. Male,14,NA
703050422369e11,11,1. Male,0,NA
301090421375e11,7,1. Male,9,NA
301030321377e11,4,2. Female,13,NA
505030411685e11,3,2. Female,19,NA
802100322491e11,9,2. Female,58,NA
100102012282e12,3,1. Male,19,NA
605051622056e11,3,2. Female,24,NA
301050321432e11,2,2. Female,46,NA
90203081268e12,5,1. Male,9,NA
406040121579e11,7,2. Female,21,NA
603023112219e11,6,2. Female,11,NA
503010221703e11,4,2. Female,15,NA
201010611116e11,7,1. Male,0,NA
204070321179e11,7,2. Female,18,NA
60302111213e12,2,2. Female,44,NA
110408022287e12,4,2. Female,3,NA
110302042293e12,26,2. Female,20,NA
302010611311e11,9,1. Male,13,NA
103070321054e11,3,1. Male,19,NA
606050112104e11,7,1. Male,31,NA
802060122535e11,3,2. Female,1,NA
60207031207e12,9,2. Female,0,NA
120307012301e12,7,1. Male,3,NA
110306051287e12,8,1. Male,52,NA
120302101304e12,3,2. Female,10,NA
505050421762e11,1,2. Female,66,NA
605051012037e11,7,1. Male,13,NA
704010122324e11,4,2. Female,17,NA
702030222344e11,3,2. Female,3,NA
606030421943e11,1,1. Male,83,NA
101101021016e11,2,2. Female,40,NA
130503111327e12,7,2. Female,2,NA
606071012116e11,5,1. Male,15,NA
406060821545e11,3,1. Male,17,NA
303060321364e11,6,2. Female,9,NA
704070322468e11,7,1. Male,4,NA
403040421473e11,4,1. Male,20,NA
805020522621e11,4,2. Female,12,NA
301030121377e11,3,2. Female,37,NA
301090321426e11,10,2. Female,15,NA
605050112048e11,5,2. Female,65,NA
100502031279e12,3,1. Male,1,NA
60204151192e12,3,1. Male,20,NA
705050322442e11,6,1. Male,14,NA
602030812222e11,5,2. Female,5,NA
201070221105e11,4,2. Female,16,NA
802030122624e11,1,1. Male,38,NA
901040222657e11,8,1. Male,16,NA
803090122586e11,3,1. Male,9,NA
902030512634e11,11,2. Female,2,NA
401010321594e11,7,1. Male,31,NA
603010812165e11,2,1. Male,17,NA
120201152307e12,4,1. Male,13,NA
203021321172e11,4,2. Female,3,NA
110103032293e12,3,2. Female,17,NA
304040521271e11,8,1. Male,8,NA
702061112332e11,9,1. Male,20,NA
204080111097e11,5,1. Male,9,NA
803060422556e11,12,2. Female,3,NA
802040122629e11,2,2. Female,32,NA
701110222392e11,8,1. Male,2,NA
306020421412e11,7,2. Female,8,NA
602021411939e11,9,1. Male,70,NA
406050821555e11,4,1. Male,9,NA
80301022261e12,6,1. Male,13,NA
402010621655e11,13,1. Male,17,NA
703040222412e11,4,1. Male,12,NA
704050522375e11,9,2. Female,76,NA
100304032277e12,11,2. Female,0,NA
603020511989e11,4,2. Female,12,NA
804050222513e11,9,1. Male,2,NA
702100212292e11,3,2. Female,15,NA
703010322405e11,3,1. Male,13,NA
110303052285e12,6,2. Female,27,NA
702010222419e11,3,2. Female,8,NA
702100312292e11,13,1. Male,2,NA
504020121708e11,6,2. Female,0,NA
902030612684e11,7,2. Female,2,NA
603024011888e11,10,2. Female,24,NA
703090522307e11,4,2. Female,13,NA
110302062289e12,4,2. Female,12,NA
100401022283e12,3,2. Female,15,NA
702030522486e11,12,2. Female,1,NA
10020201228e13,4,1. Male,13,NA
903030122698e11,5,2. Female,2,NA
703030622347e11,4,1. Male,10,NA
402010321543e11,5,2. Female,9,NA
104060121012e11,10,1. Male,23,NA
903030222647e11,3,2. Female,18,NA
901010122726e11,4,1. Male,8,NA
100304012277e12,6,2. Female,12,NA
302110321234e11,4,1. Male,9,NA
702070122423e11,3,2. Female,30,NA
403170221478e11,5,2. Female,17,NA
605050912037e11,15,1. Male,4,NA
110203022287e12,8,1. Male,24,NA
302020121317e11,4,2. Female,14,NA
603030212256e11,5,2. Female,7,NA
802010122632e11,5,2. Female,9,NA
503040421701e11,6,2. Female,8,NA
702070122423e11,6,2. Female,0,NA
402010921602e11,7,2. Female,12,NA
704020522252e11,8,2. Female,10,NA
306040321454e11,7,2. Female,24,NA
130507022326e12,2,2. Female,60,NA
403120221559e11,4,2. Female,12,NA
603012111903e11,10,1. Male,23,NA
401040321611e11,5,1. Male,8,NA
11040202229e13,5,2. Female,21,NA
20101011111e12,4,2. Female,8,NA
705040222269e11,6,2. Female,2,NA
60302611215e12,10,2. Female,23,NA
602060212209e11,5,1. Male,0,NA
604010222097e11,8,1. Male,4,NA
60302511205e12,6,2. Female,69,NA
306050321212e11,9,1. Male,17,NA
603013112253e11,5,1. Male,20,NA
201070221105e11,5,1. Male,13,NA
804050322512e11,13,1. Male,4,NA
602050312061e11,9,2. Female,22,NA
402060221647e11,6,2. Female,6,NA
603012811884e11,1,1. Male,25,NA
603012012248e11,2,2. Female,15,NA
603022311895e11,13,2. Female,9,NA
20407012118e12,9,1. Male,13,NA
602050312062e11,11,1. Male,3,NA
30403022138e12,4,2. Female,10,NA
204080521188e11,4,2. Female,6,NA
605060311961e11,8,1. Male,20,NA
703050122281e11,11,2. Female,0,NA
702060222276e11,5,2. Female,13,NA
603021412049e11,4,1. Male,13,NA
100201012284e12,2,2. Female,46,NA
702060222275e11,4,2. Female,20,NA
60301191186e12,4,2. Female,1,NA
603026712131e11,9,2. Female,26,NA
403040321473e11,8,1. Male,0,NA
701050222447e11,8,1. Male,1,NA
503030221702e11,5,1. Male,0,NA
130203022316e12,7,1. Male,5,NA
603030811871e11,3,1. Male,32,NA
406070321584e11,4,2. Female,16,NA
404040121631e11,8,2. Female,8,NA
120103052306e12,3,1. Male,6,NA
100204012284e12,6,1. Male,10,NA
130503021327e12,2,2. Female,43,NA
602020312204e11,1,1. Male,40,NA
303030221365e11,5,1. Male,7,NA
100403012281e12,5,1. Male,7,NA
120306022296e12,5,1. Male,4,NA
204090121188e11,8,2. Female,16,NA
130509072327e12,6,1. Male,65,NA
703050922299e11,9,2. Female,20,NA
303060121299e11,4,2. Female,5,NA
603031011871e11,8,2. Female,10,NA
101080121003e11,2,2. Female,53,NA
406050711687e11,7,2. Female,0,NA
701010422258e11,15,1. Male,1,NA
603030312243e11,6,1. Male,25,NA
603024712095e11,1,2. Female,30,NA
130301022323e12,2,2. Female,19,NA
704070722468e11,10,2. Female,9,NA
403050121496e11,5,1. Male,5,NA
901030222644e11,8,1. Male,18,NA
40313012149e12,2,2. Female,20,NA
305040221279e11,2,2. Female,34,NA
403160121669e11,3,2. Female,18,NA
903030822695e11,4,1. Male,20,NA
802070422625e11,5,1. Male,13,NA
130206042322e12,3,2. Female,35,NA
201050121155e11,3,1. Male,1,NA
804050222513e11,2,2. Female,11,NA
203030221146e11,8,2. Female,13,NA
110305132291e12,3,2. Female,19,NA
702060922331e11,6,1. Male,6,NA
603030512004e11,1,1. Male,35,NA
603021512051e11,5,2. Female,21,NA
302010611228e11,3,1. Male,9,NA
401011121592e11,9,2. Female,16,NA
605060712085e11,7,2. Female,21,NA
803010422609e11,5,1. Male,0,NA
901030122638e11,3,2. Female,50,NA
201010211114e11,7,1. Male,37,NA
606010411947e11,2,2. Female,58,NA
402040121659e11,6,2. Female,8,NA
701100122399e11,5,2. Female,18,NA
201010311115e11,69,2. Female,16,NA
130501012329e12,11,1. Male,10,NA
505031011716e11,1,1. Male,82,NA
406070621602e11,2,2. Female,29,NA
302030211406e11,3,1. Male,10,NA
507060421683e11,6,1. Male,10,NA
101110621068e11,5,1. Male,3,NA
602020411841e11,6,2. Female,14,NA
406010321578e11,3,1. Male,16,NA
110102052292e12,2,2. Female,1,NA
100201012284e12,5,2. Female,3,NA
120201092307e12,6,1. Male,5,NA
603021012261e11,6,2. Female,9,NA
13050901233e13,4,2. Female,2,NA
130301022323e12,3,2. Female,17,NA
30107042143e12,2,2. Female,20,NA
60102012183e12,6,2. Female,80,NA
40506042151e12,4,2. Female,6,NA
903030622694e11,4,2. Female,24,NA
306030321411e11,5,1. Male,50,NA
505030211686e11,5,2. Female,18,NA
702010122418e11,3,1. Male,4,NA
130505012317e12,3,2. Female,20,NA
603023812236e11,5,2. Female,18,NA
605060712085e11,8,2. Female,11,NA
902010122686e11,6,1. Male,3,NA
606050311953e11,3,2. Female,19,NA
705010122368e11,4,1. Male,9,NA
602020812183e11,4,2. Female,29,NA
602050612061e11,6,1. Male,24,NA
401030221624e11,3,1. Male,24,NA
902030512749e11,5,1. Male,6,NA
702090422342e11,4,2. Female,4,NA
902040322739e11,4,1. Male,19,NA
507060321683e11,3,1. Male,0,NA
204080921198e11,6,1. Male,0,NA
703110422305e11,4,2. Female,10,NA
100503022279e12,4,2. Female,29,NA
701020422285e11,2,2. Female,13,NA
301030321411e11,3,2. Female,15,NA
703100722409e11,3,2. Female,22,NA
605060412086e11,9,1. Male,1,NA
602021812183e11,8,2. Female,4,NA
602041211923e11,12,2. Female,18,NA
504040221706e11,15,2. Female,20,NA
803031312552e11,3,2. Female,12,NA
120102052305e12,4,1. Male,0,NA
801040322528e11,8,2. Female,4,NA
202010221139e11,8,2. Female,65,NA
602030212221e11,1,2. Female,42,NA
901030222637e11,5,1. Male,3,NA
903050322674e11,6,1. Male,24,NA
505011021789e11,7,2. Female,14,NA
204030321183e11,2,2. Female,32,NA
903030822695e11,8,2. Female,4,NA
505040321777e11,8,2. Female,3,NA
302090121471e11,9,1. Male,15,NA
120302131303e12,3,1. Male,32,NA
901080522762e11,4,1. Male,2,NA
901080322727e11,3,2. Female,12,NA
704040322471e11,7,2. Female,6,NA
100101022282e12,3,2. Female,4,NA
602022312205e11,8,2. Female,61,NA
110303062285e12,8,1. Male,8,NA
805010122619e11,6,1. Male,18,NA
603025212229e11,4,2. Female,12,NA
90104062273e12,3,1. Male,15,NA
50502022177e12,8,2. Female,65,NA
603024912193e11,9,1. Male,22,NA
120302081303e12,6,2. Female,7,NA
13050901233e13,6,2. Female,4,NA
701020222282e11,6,1. Male,8,NA
110305102286e12,4,2. Female,16,NA
11030502229e13,7,2. Female,11,NA
203020121147e11,4,2. Female,14,NA
60302461219e12,4,1. Male,16,NA
130302082323e12,3,2. Female,3,NA
604020121825e11,11,1. Male,23,NA
603013722128e11,3,1. Male,2,NA
606010111947e11,7,2. Female,20,NA
605051112057e11,5,2. Female,0,NA
901080522762e11,8,1. Male,0,NA
606010411948e11,2,2. Female,21,NA
602020811837e11,6,1. Male,17,NA
402050821552e11,7,1. Male,4,NA
603010611861e11,5,2. Female,14,NA
130403052316e12,1,1. Male,73,NA
60201012185e12,4,2. Female,9,NA
130208022321e12,2,2. Female,79,NA
204080411195e11,5,2. Female,80,NA
406020321569e11,1,1. Male,63,NA
302090221407e11,3,2. Female,0,NA
703050322262e11,4,2. Female,5,NA
606040212115e11,6,1. Male,2,NA
603010612e14,1,2. Female,26,NA
703060222406e11,3,1. Male,12,NA
120302191301e12,3,1. Male,20,NA
504010121712e11,2,2. Female,23,NA
704060322384e11,5,1. Male,16,NA
100501011278e12,14,2. Female,17,NA
80405032251e12,4,2. Female,25,NA
401030221623e11,3,2. Female,5,NA
302060421255e11,5,2. Female,3,NA
505030611786e11,3,1. Male,7,NA
100402012283e12,7,2. Female,7,NA
100506062282e12,2,2. Female,50,NA
110405012287e12,9,2. Female,16,NA
902050322752e11,3,2. Female,13,NA
204080211097e11,3,1. Male,14,NA
130302082323e12,3,1. Male,11,NA
603010611861e11,5,1. Male,24,NA
110205012286e12,4,2. Female,12,NA
704080322328e11,8,2. Female,8,NA
603013722002e11,3,2. Female,8,NA
130503101328e12,2,1. Male,9,NA
30608032144e12,5,2. Female,11,NA
406010721588e11,7,2. Female,18,NA
701010122254e11,5,1. Male,3,NA
100201012284e12,6,2. Female,0,NA
120103022304e12,5,2. Female,8,NA
606070411941e11,6,2. Female,22,NA
902030512687e11,14,2. Female,1,NA
204030221183e11,5,2. Female,1,NA
603021412194e11,7,1. Male,20,NA
406010721577e11,6,2. Female,1,NA
603024912166e11,4,2. Female,12,NA
110301031293e12,6,2. Female,8,NA
2.0302062117300002e+22,4,1. Male,12,NA
20101122109e12,5,1. Male,20,NA
100503032279e12,7,2. Female,5,NA
100302032278e12,5,2. Female,0,NA
401030321625e11,8,1. Male,2,NA
606010211947e11,2,1. Male,20,NA
120302101298e12,4,2. Female,9,NA
130303102313e12,3,1. Male,15,NA
801050322532e11,4,1. Male,11,NA
902020222658e11,12,1. Male,0,NA
801020122533e11,3,1. Male,17,NA
110105032291e12,3,2. Female,16,NA
110102042292e12,2,2. Female,34,NA
605051221996e11,7,1. Male,1,NA
20101011111e12,12,1. Male,15,NA
903060322699e11,3,2. Female,2,NA
603021112241e11,2,2. Female,34,NA
802100122622e11,5,2. Female,15,NA
603030712287e11,3,1. Male,12,NA
110105032292e12,4,1. Male,15,NA
304010221357e11,3,2. Female,12,NA
405040221541e11,2,2. Female,50,NA
603012712289e11,6,1. Male,22,NA
803030322599e11,8,2. Female,3,NA
60102022183e12,2,2. Female,39,NA
130209022319e12,3,1. Male,27,NA
901040722732e11,5,2. Female,12,NA
603024012145e11,1,1. Male,56,NA
701080422289e11,8,1. Male,10,NA
30211022132e12,3,1. Male,7,NA
802080122498e11,2,2. Female,21,NA
204020321192e11,6,2. Female,4,NA
602022212186e11,5,2. Female,1,NA
130303032324e12,1,1. Male,80,NA
120302011296e12,6,2. Female,0,NA
603025112122e11,3,1. Male,7,NA
403160321666e11,3,1. Male,28,NA
110203022287e12,6,1. Male,98,NA
705060422436e11,9,1. Male,2,NA
802100422626e11,3,1. Male,15,NA
120201112296e12,5,2. Female,3,NA
303080421363e11,3,1. Male,17,NA
60504011203e12,5,2. Female,10,NA
804020122508e11,6,1. Male,7,NA
902060222738e11,6,2. Female,32,NA
103020321021e11,2,2. Female,35,NA
130303022324e12,7,1. Male,5,NA
602030311927e11,4,2. Female,10,NA
50601032169e12,4,1. Male,2,NA
201050121155e11,2,1. Male,25,NA
306080121413e11,5,1. Male,10,NA
603024411866e11,4,2. Female,19,NA
302090511306e11,3,2. Female,10,NA
603020612145e11,3,1. Male,23,NA
302090411245e11,4,2. Female,10,NA
802040122495e11,5,2. Female,11,NA
102010221027e11,7,2. Female,13,NA
406030611543e11,3,2. Female,7,NA
120401162311e12,6,2. Female,1,NA
130104032315e12,5,2. Female,60,NA
405060321512e11,6,1. Male,7,NA
100502072278e12,3,2. Female,25,NA
602040212217e11,6,1. Male,23,NA
606050311914e11,7,1. Male,15,NA
110305022293e12,3,2. Female,15,NA
606050411916e11,5,2. Female,21,NA
602050712245e11,2,2. Female,64,NA
704030122464e11,5,2. Female,7,NA
901090222655e11,13,2. Female,3,NA
305070521229e11,10,1. Male,7,NA
406070321585e11,3,1. Male,20,NA
803031612611e11,8,1. Male,11,NA
204020321153e11,4,2. Female,5,NA
130507022327e12,5,1. Male,3,NA
1203022423e14,1,1. Male,78,NA
130503051314e12,4,2. Female,16,NA
703100222364e11,8,2. Female,9,NA
100502062279e12,6,1. Male,1,NA
100301012277e12,4,2. Female,6,NA
130206072321e12,11,1. Male,13,NA
602020812184e11,4,2. Female,2,NA
701020322285e11,3,1. Male,11,NA
903060622744e11,3,2. Female,5,NA
301050221434e11,5,1. Male,9,NA
302030421326e11,4,1. Male,9,NA
603011711904e11,6,1. Male,1,NA
204080821095e11,3,2. Female,23,NA
603021812231e11,2,2. Female,31,NA
104030321046e11,5,1. Male,10,NA
6030201119e13,7,1. Male,49,NA
603025111999e11,4,1. Male,25,NA
702100512258e11,3,1. Male,7,NA
201010511093e11,6,1. Male,10,NA
702090112369e11,5,1. Male,16,NA
301050221467e11,7,2. Female,76,NA
201010311117e11,2,2. Female,40,NA
803032912584e11,7,2. Female,9,NA
605050712005e11,4,2. Female,22,NA
602020312205e11,6,2. Female,5,NA
703090422357e11,2,2. Female,39,NA
306040121455e11,2,1. Male,12,NA
603026411969e11,8,2. Female,22,NA
901040322666e11,5,1. Male,20,NA
204080411205e11,4,2. Female,14,NA
602040312178e11,3,2. Female,17,NA
30110012143e12,4,2. Female,17,NA
110103032293e12,2,2. Female,23,NA
602030812222e11,3,1. Male,6,NA
605010212027e11,1,1. Male,77,NA
406010321578e11,8,2. Female,16,NA
603022712143e11,8,2. Female,9,NA
705060122457e11,4,1. Male,16,NA
802030522506e11,2,2. Female,23,NA
603030912242e11,6,2. Female,25,NA
204010921204e11,10,1. Male,8,NA
406040121579e11,3,2. Female,16,NA
130301022324e12,4,2. Female,5,NA
603011712144e11,12,1. Male,18,NA
604010521824e11,7,1. Male,1,NA
603025711999e11,10,2. Female,2,NA
701020122283e11,7,2. Female,6,NA
703100322353e11,7,2. Female,5,NA
305070521336e11,3,2. Female,27,NA
100503012279e12,8,1. Male,0,NA
605020312014e11,8,1. Male,28,NA
505031221718e11,3,1. Male,3,NA
301090321375e11,5,1. Male,7,NA
804050222553e11,2,2. Female,32,NA
901060122711e11,3,1. Male,6,NA
301050421422e11,5,2. Female,8,NA
603040211967e11,4,1. Male,28,NA
302100221241e11,10,1. Male,1,NA
605060311961e11,3,1. Male,8,NA
130301052322e12,3,2. Female,18,NA
505050921746e11,3,1. Male,11,NA
504010121764e11,5,2. Female,9,NA
130203012319e12,3,2. Female,6,NA
120308092299e12,3,1. Male,4,NA
130209022321e12,4,2. Female,15,NA
505030111684e11,5,2. Female,17,NA
304110221386e11,5,1. Male,18,NA
90104062273e12,4,2. Female,21,NA
802030122624e11,3,2. Female,12,NA
604020121825e11,3,2. Female,25,NA
603030412149e11,3,1. Male,16,NA
606070411941e11,4,2. Female,23,NA
10040302228e13,4,1. Male,20,NA
102020121028e11,6,1. Male,6,NA
505031811715e11,4,1. Male,8,NA
403110121499e11,6,2. Female,7,NA
602050512065e11,8,1. Male,10,NA
603026012232e11,1,1. Male,75,NA
901070222665e11,2,2. Female,21,NA
606071122119e11,6,1. Male,16,NA
120401062309e12,3,1. Male,11,NA
303080221395e11,3,1. Male,17,NA
202010721181e11,3,1. Male,3,NA
403180121488e11,8,2. Female,9,NA
602020111936e11,9,2. Female,9,NA
703020522402e11,5,2. Female,14,NA
406050511687e11,4,1. Male,11,NA
204010621161e11,7,2. Female,4,NA
10104032106e12,7,1. Male,15,NA
603023612157e11,9,1. Male,21,NA
130205012325e12,8,2. Female,13,NA
603020512008e11,6,1. Male,14,NA
903010522707e11,3,1. Male,36,NA
302090711236e11,6,2. Female,5,NA
3030501213e13,2,2. Female,73,NA
603030512158e11,11,2. Female,18,NA
802080322496e11,1,1. Male,63,NA
130403012316e12,3,2. Female,13,NA
10020204228e13,2,2. Female,20,NA
601010221904e11,3,1. Male,9,NA
201010311115e11,7,1. Male,20,NA
110104042294e12,3,1. Male,33,NA
602040212217e11,8,2. Female,10,NA
603030511883e11,2,2. Female,30,NA
120201192308e12,4,2. Female,14,NA
603023711965e11,5,1. Male,0,NA
602030712223e11,5,1. Male,24,NA
603030912242e11,8,1. Male,21,NA
110306051287e12,6,2. Female,1,NA
403100321506e11,1,1. Male,66,NA
903060922699e11,5,2. Female,27,NA
403130421492e11,5,1. Male,8,NA
60302151219e12,6,1. Male,22,NA
402010621685e11,6,1. Male,14,NA
70108032229e12,5,1. Male,9,NA
302010511313e11,16,2. Female,12,NA
306030321246e11,1,2. Female,74,NA
70210072246e12,2,2. Female,28,NA
704020322393e11,5,1. Male,3,NA
602020111937e11,5,2. Female,2,NA
803100222573e11,4,1. Male,17,NA
130206082328e12,12,1. Male,0,NA
903030122702e11,3,2. Female,25,NA
803010122609e11,3,2. Female,22,NA
603013212072e11,14,2. Female,4,NA
130203022325e12,9,2. Female,14,NA
702030122345e11,2,2. Female,57,NA
404040121632e11,4,1. Male,15,NA
602021112074e11,8,2. Female,10,NA
606070312081e11,7,2. Female,6,NA
702070622435e11,5,1. Male,4,NA
505030111687e11,2,2. Female,38,NA
103060221021e11,8,1. Male,11,NA
104020421048e11,5,1. Male,14,NA
603011511859e11,5,1. Male,26,NA
702030422343e11,5,2. Female,12,NA
603023812232e11,8,1. Male,21,NA
130204012321e12,6,2. Female,11,NA
602020512185e11,7,2. Female,29,NA
606071122119e11,6,1. Male,3,NA
405040321542e11,2,2. Female,82,NA
130503081326e12,7,1. Male,6,NA
130502032326e12,7,2. Female,3,NA
110204022285e12,4,1. Male,11,NA
705050122441e11,5,1. Male,1,NA
302010911298e11,8,1. Male,12,NA
401030321626e11,2,2. Female,17,NA
603011311977e11,1,1. Male,57,NA
802070522631e11,2,2. Female,68,NA
702020222428e11,6,1. Male,13,NA
702060122408e11,6,1. Male,8,NA
802090422496e11,4,2. Female,9,NA
130502012326e12,3,1. Male,16,NA
120101042306e12,3,2. Female,5,NA
401011121592e11,9,2. Female,15,NA
103020321054e11,8,2. Female,0,NA
505040121782e11,5,1. Male,8,NA
803040222604e11,7,1. Male,9,NA
12040205231e13,5,2. Female,5,NA
120203052308e12,3,1. Male,16,NA
100103022282e12,3,1. Male,63,NA
202020721132e11,8,1. Male,22,NA
120304062297e12,5,1. Male,13,NA
606040612115e11,3,2. Female,3,NA
704020322318e11,7,1. Male,9,NA
302091311309e11,14,2. Female,19,NA
120305032297e12,4,2. Female,17,NA
603026512147e11,3,1. Male,11,NA
70505032244e12,4,1. Male,28,NA
701030422394e11,14,1. Male,1,NA
903070422754e11,4,2. Female,25,NA
606070211949e11,5,1. Male,20,NA
703060122347e11,3,1. Male,16,NA
603023112269e11,5,2. Female,1,NA
30503022128e12,3,2. Female,6,NA
801030222534e11,3,2. Female,13,NA
406060821545e11,4,2. Female,6,NA
603026212149e11,5,1. Male,5,NA
507060321793e11,5,2. Female,3,NA
104010321046e11,8,2. Female,23,NA
406030511573e11,3,1. Male,12,NA
605060312016e11,10,2. Female,11,NA
902030612735e11,5,2. Female,9,NA
40605061162e12,3,2. Female,16,NA
20401012116e12,2,2. Female,26,NA
802030322505e11,2,2. Female,43,NA
602041921918e11,5,1. Male,18,NA
130301022323e12,4,1. Male,10,NA
901090222656e11,3,2. Female,10,NA
70313022236e12,3,2. Female,9,NA
602020711839e11,3,1. Male,8,NA
505031921713e11,4,2. Female,22,NA
120307032302e12,1,1. Male,77,NA
304010121358e11,1,1. Male,81,NA
402050721656e11,1,1. Male,41,NA
60206012221e12,7,2. Female,0,NA
130503081329e12,11,2. Female,19,NA
602040612215e11,3,1. Male,0,NA
507060321681e11,3,2. Female,23,NA
603021812167e11,8,2. Female,20,NA
203021321172e11,5,1. Male,10,NA
102040521058e11,4,1. Male,5,NA
901070222729e11,7,1. Male,26,NA
104050121031e11,5,2. Female,24,NA
110104032291e12,3,1. Male,14,NA
304150121413e11,5,1. Male,3,NA
703040122414e11,12,2. Female,3,NA
803100322572e11,6,2. Female,13,NA
603021111968e11,7,2. Female,10,NA
201011121091e11,3,2. Female,15,NA
70402062232e12,5,2. Female,13,NA
704061122383e11,4,1. Male,3,NA
110409012287e12,3,1. Male,22,NA
101110921066e11,8,2. Female,3,NA
606010511946e11,6,1. Male,11,NA
606071122113e11,11,1. Male,28,NA
901070122746e11,9,2. Female,25,NA
405050321515e11,6,1. Male,0,NA
130304072322e12,3,2. Female,17,NA
130505072328e12,3,2. Female,3,NA
130510042328e12,3,1. Male,8,NA
7011002224e13,6,1. Male,9,NA
130303072324e12,3,1. Male,6,NA
100102042282e12,3,2. Female,7,NA
702060622456e11,7,1. Male,2,NA
201020121105e11,3,1. Male,8,NA
603030411969e11,5,1. Male,36,NA
203021121165e11,5,1. Male,12,NA
606050411913e11,6,1. Male,23,NA
303070121222e11,4,1. Male,23,NA
606040212122e11,10,2. Female,22,NA
605051012036e11,7,2. Female,13,NA
505030611786e11,9,1. Male,7,NA
507050621814e11,8,2. Female,0,NA
60607011194e12,3,1. Male,12,NA
120306012297e12,5,1. Male,12,NA
304050921383e11,7,2. Female,2,NA
603010611861e11,6,2. Female,19,NA
705050122441e11,4,1. Male,23,NA
603026611965e11,5,1. Male,20,NA
110308022291e12,4,1. Male,9,NA
603020712002e11,1,2. Female,71,NA
110302052294e12,2,1. Male,20,NA
120104062307e12,5,2. Female,0,NA
201020421123e11,8,2. Female,2,NA
110301012287e12,3,1. Male,20,NA
104030321046e11,5,1. Male,1,NA
507020321808e11,8,2. Female,12,NA
605050512058e11,3,1. Male,9,NA
60202041184e12,4,1. Male,8,NA
606020212119e11,2,1. Male,28,NA
100301012277e12,5,2. Female,1,NA
302110721437e11,6,2. Female,10,NA
110301062291e12,8,2. Female,6,NA
402030321653e11,8,2. Female,69,NA
603025112035e11,3,1. Male,17,NA
504010421781e11,4,2. Female,4,NA
120105062305e12,6,1. Male,7,NA
130209012319e12,3,2. Female,13,NA
70505032244e12,6,2. Female,12,NA
901090422654e11,6,1. Male,14,NA
602020411841e11,7,2. Female,14,NA
602041411922e11,5,2. Female,2,NA
702010422421e11,6,2. Female,1,NA
120303052296e12,3,2. Female,21,NA
101090421041e11,6,1. Male,3,NA
605051012036e11,9,1. Male,25,NA
100502031279e12,3,2. Female,10,NA
701090122479e11,8,1. Male,98,NA
203030221146e11,3,2. Female,15,NA
306070121376e11,4,1. Male,15,NA
60202041184e12,2,1. Male,23,NA
120203032309e12,5,1. Male,9,NA
406020611518e11,3,1. Male,16,NA
603011011864e11,9,1. Male,3,NA
503040321701e11,4,2. Female,15,NA
705060322434e11,7,2. Female,1,NA
11030503229e13,5,1. Male,10,NA
204081221199e11,10,1. Male,4,NA
304040221346e11,3,2. Female,22,NA
705020322271e11,3,2. Female,12,NA
605051112057e11,2,2. Female,40,NA
302091011471e11,3,1. Male,1,NA
120303052299e12,2,2. Female,48,NA
507020221807e11,4,1. Male,10,NA
110306061294e12,3,2. Female,36,NA
60207031207e12,3,2. Female,16,NA
603012811884e11,4,1. Male,15,NA
204040421201e11,2,2. Female,41,NA
603023612125e11,7,2. Female,10,NA
202010521128e11,6,1. Male,6,NA
130503081329e12,5,2. Female,18,NA
403110121499e11,2,1. Male,8,NA
403050121496e11,1,2. Female,64,NA
60302271186e12,6,2. Female,8,NA
110302082295e12,7,2. Female,3,NA
110204032285e12,3,2. Female,1,NA
502030121721e11,6,1. Male,0,NA
120303052299e12,6,1. Male,25,NA
204010521158e11,3,2. Female,10,NA
801020222531e11,7,1. Male,0,NA
702010422421e11,2,2. Female,43,NA
403040221472e11,7,2. Female,74,NA
100305072276e12,5,2. Female,2,NA
305070121332e11,4,2. Female,11,NA
802020222585e11,7,2. Female,5,NA
303080521294e11,1,1. Male,43,NA
802080322499e11,2,1. Male,42,NA
305060221273e11,9,1. Male,10,NA
120308032301e12,6,1. Male,1,NA
403070321667e11,4,2. Female,17,NA
603022012053e11,2,2. Female,30,NA
604010321825e11,3,2. Female,15,NA
4010109216e13,4,2. Female,18,NA
602061222175e11,5,1. Male,10,NA
130303072324e12,7,2. Female,24,NA
901080222692e11,3,2. Female,32,NA
605010212027e11,1,1. Male,29,NA
603023311892e11,8,2. Female,6,NA
406030611533e11,5,2. Female,4,NA
603022612137e11,4,2. Female,13,NA
504040521764e11,3,1. Male,15,NA
201030121118e11,4,1. Male,14,NA
606070911876e11,5,1. Male,18,NA
120302171298e12,2,2. Female,77,NA
130304062325e12,7,1. Male,11,NA
110203022287e12,3,1. Male,15,NA
403140221484e11,8,2. Female,5,NA
703010322404e11,8,1. Male,4,NA
304060221389e11,8,1. Male,13,NA
203020421173e11,4,2. Female,12,NA
603030412149e11,5,1. Male,21,NA
10020302228e13,2,2. Female,64,NA
102030321026e11,3,1. Male,20,NA
110306112289e12,8,1. Male,0,NA
80106032252e12,2,2. Female,16,NA
60302181227e12,4,2. Female,7,NA
302030921403e11,10,1. Male,26,NA
406050611619e11,2,2. Female,47,NA
701120122474e11,2,2. Female,27,NA
801010222515e11,2,1. Male,2,NA
702060222364e11,3,1. Male,15,NA
120301082295e12,3,2. Female,7,NA
603023712155e11,3,1. Male,15,NA
903060422724e11,7,2. Female,12,NA
302110621322e11,8,2. Female,19,NA
406060221565e11,6,2. Female,10,NA
606070912102e11,6,1. Male,7,NA
603030811885e11,2,2. Female,32,NA
605051222007e11,3,1. Male,18,NA
505020521775e11,3,1. Male,6,NA
902030812689e11,6,2. Female,20,NA
120401112311e12,4,2. Female,70,NA
406030611543e11,8,1. Male,17,NA
130101012313e12,7,1. Male,5,NA
204070321179e11,4,2. Female,17,NA
130304012322e12,4,2. Female,12,NA
60606041212e12,3,2. Female,23,NA
110102022292e12,5,1. Male,6,NA
606040512123e11,7,1. Male,11,NA
605050612045e11,7,1. Male,16,NA
120301062299e12,8,1. Male,6,NA
606050111909e11,10,1. Male,0,NA
507030221802e11,3,1. Male,17,NA
603022212038e11,4,2. Female,4,NA
603026711898e11,11,2. Female,12,NA
100506052283e12,5,2. Female,10,NA
60302621223e12,3,2. Female,15,NA
301050221432e11,4,2. Female,20,NA
403040421473e11,2,2. Female,24,NA
302110121234e11,2,2. Female,43,NA
605050912038e11,11,2. Female,22,NA
70303072235e12,4,2. Female,14,NA
602022821939e11,13,2. Female,1,NA
804030322539e11,3,2. Female,20,NA
201060421098e11,4,2. Female,17,NA
601040221827e11,3,1. Male,9,NA
902050322752e11,4,1. Male,13,NA
605051522044e11,5,2. Female,15,NA
605050211993e11,9,1. Male,24,NA
301020221467e11,4,2. Female,19,NA
120303052299e12,5,1. Male,2,NA
803032412597e11,3,2. Female,11,NA
602061321879e11,11,1. Male,1,NA
802060322498e11,3,2. Female,26,NA
703130522361e11,3,1. Male,19,NA
602040422177e11,4,1. Male,15,NA
603026612135e11,6,2. Female,14,NA
803030912595e11,7,2. Female,98,NA
606010411948e11,2,2. Female,22,NA
606040412108e11,3,1. Male,24,NA
702070122424e11,6,2. Female,6,NA
603030411898e11,4,2. Female,15,NA
110302062292e12,5,1. Male,3,NA
602041511844e11,7,1. Male,70,NA
602020512184e11,11,2. Female,20,NA
405070321527e11,4,1. Male,3,NA
603024411866e11,7,2. Female,12,NA
804050222512e11,7,1. Male,27,NA
603024811894e11,6,1. Male,17,NA
703020622363e11,4,2. Female,6,NA
702010222419e11,10,2. Female,26,NA
201030321121e11,3,1. Male,6,NA
100502031279e12,1,2. Female,64,NA
203020221146e11,6,1. Male,6,NA
201020421123e11,3,1. Male,0,NA
803031412567e11,4,2. Female,12,NA
605020312015e11,4,1. Male,8,NA
603012412093e11,13,2. Female,11,NA
406050921575e11,3,2. Female,5,NA
110203042287e12,6,1. Male,12,NA
703100522417e11,3,1. Male,2,NA
110205022286e12,4,1. Male,14,NA
603024911979e11,6,2. Female,17,NA
110302042293e12,2,2. Female,25,NA
603010911865e11,3,2. Female,5,NA
505030611786e11,7,1. Male,0,NA
603021411851e11,6,1. Male,17,NA
302090411331e11,7,2. Female,24,NA
100202032278e12,7,2. Female,5,NA
803060422555e11,5,2. Female,17,NA
602020111937e11,4,2. Female,7,NA
603021311997e11,3,2. Female,2,NA
605050412038e11,2,2. Female,26,NA
602041411922e11,6,1. Male,17,NA
507050821797e11,2,2. Female,26,NA
1203030823e14,5,1. Male,16,NA
704060822383e11,4,1. Male,5,NA
130509042329e12,3,1. Male,14,NA
100502041279e12,5,1. Male,21,NA
402010921602e11,5,1. Male,9,NA
703030822397e11,3,2. Female,7,NA
120308162299e12,7,1. Male,11,NA
302050221286e11,4,1. Male,1,NA
703080122262e11,4,1. Male,23,NA
103070121008e11,3,1. Male,16,NA
80209052263e12,2,2. Female,36,NA
505031611767e11,4,2. Female,12,NA
602050612065e11,26,2. Female,19,NA
110202032286e12,5,2. Female,0,NA
903010622709e11,7,2. Female,3,NA
40601061159e12,2,2. Female,20,NA
304080121359e11,3,2. Female,18,NA
100501032281e12,3,1. Male,24,NA
603021412051e11,4,1. Male,5,NA
602050712245e11,12,1. Male,27,NA
10020201228e13,8,2. Female,80,NA
901050222645e11,7,2. Female,4,NA
80209062263e12,5,2. Female,10,NA
202010621141e11,8,1. Male,17,NA
50403022171e12,5,2. Female,6,NA
601040321826e11,2,2. Female,61,NA
705010122368e11,5,1. Male,3,NA
40602041157e12,5,1. Male,57,NA
100506062282e12,5,2. Female,1,NA
702030522345e11,5,1. Male,22,NA
306060521248e11,5,1. Male,3,NA
703030822396e11,4,2. Female,12,NA
901080322728e11,6,1. Male,7,NA
606010512107e11,7,2. Female,19,NA
403030121478e11,12,2. Female,7,NA
130306022322e12,3,1. Male,17,NA
204090221188e11,8,2. Female,3,NA
110104052291e12,6,2. Female,5,NA
100501011278e12,6,2. Female,1,NA
60506021209e12,6,1. Male,2,NA
301080121427e11,3,2. Female,1,NA
703100722407e11,4,1. Male,16,NA
120302051302e12,5,1. Male,11,NA
40202042166e12,7,1. Male,5,NA
703060522415e11,5,1. Male,13,NA
702050122298e11,8,1. Male,4,NA
130304062325e12,3,1. Male,2,NA
402020421659e11,3,2. Female,0,NA
704070622469e11,3,1. Male,14,NA
703130622368e11,3,2. Female,15,NA
702100112259e11,1,1. Male,18,NA
202020221131e11,4,1. Male,8,NA
704060122383e11,5,1. Male,5,NA
100603012281e12,8,1. Male,5,NA
100505012278e12,3,2. Female,11,NA
505031811715e11,5,2. Female,14,NA
304140421393e11,4,2. Female,37,NA
507030221802e11,3,1. Male,13,NA
603013611976e11,12,2. Female,6,NA
603013212068e11,3,1. Male,8,NA
110301052295e12,3,2. Female,20,NA
304040321385e11,6,1. Male,6,NA
302060521458e11,3,2. Female,18,NA
603024011977e11,11,1. Male,26,NA
606050411912e11,11,1. Male,32,NA
702060622485e11,5,2. Female,9,NA
603030812142e11,2,2. Female,28,NA
803031412567e11,4,1. Male,14,NA
202020921135e11,4,2. Female,6,NA
605050612046e11,2,2. Female,43,NA
303030221399e11,6,1. Male,14,NA
120104062307e12,7,1. Male,2,NA
603011911863e11,11,2. Female,7,NA
603012912191e11,5,2. Female,19,NA
602030311926e11,6,2. Female,8,NA
603031012144e11,4,1. Male,9,NA
70313022236e12,8,2. Female,65,NA
603020812197e11,3,1. Male,2,NA
120101052306e12,6,1. Male,6,NA
110303012287e12,3,2. Female,2,NA
702070122422e11,4,2. Female,24,NA
130509042329e12,3,1. Male,8,NA
70303072235e12,7,1. Male,2,NA
605060612088e11,7,1. Male,0,NA
702100112445e11,5,2. Female,3,NA
603020512052e11,5,2. Female,13,NA
602041111845e11,5,2. Female,16,NA
702090112338e11,6,1. Male,5,NA
101030121e14,7,2. Female,7,NA
701080422289e11,3,2. Female,27,NA
103070121053e11,2,2. Female,31,NA
201010921106e11,8,1. Male,2,NA
603022412053e11,3,1. Male,18,NA
702070122425e11,3,2. Female,3,NA
701050122447e11,3,2. Female,4,NA
507080321684e11,5,2. Female,13,NA
60606021208e12,6,2. Female,23,NA
401020421616e11,6,2. Female,8,NA
201020521124e11,4,1. Male,11,NA
100504022278e12,8,2. Female,14,NA
303070121478e11,6,2. Female,76,NA
603013722192e11,4,1. Male,3,NA
60206012188e12,4,1. Male,11,NA
104060221012e11,5,2. Female,15,NA
302030111408e11,7,1. Male,15,NA
602020912072e11,5,1. Male,3,NA
507030421682e11,5,2. Female,15,NA
606040212118e11,12,2. Female,1,NA
603022711972e11,5,1. Male,0,NA
40318022149e12,6,2. Female,12,NA
803031412566e11,9,1. Male,4,NA
903040322675e11,2,2. Female,49,NA
130503021328e12,8,1. Male,9,NA
702010322278e11,5,2. Female,8,NA
120303022297e12,3,2. Female,15,NA
603023412195e11,7,2. Female,8,NA
102010121009e11,3,2. Female,30,NA
100403012281e12,4,1. Male,14,NA
104050121014e11,8,2. Female,6,NA
120302282303e12,4,2. Female,8,NA
303080521228e11,2,2. Female,36,NA
603031011887e11,12,1. Male,1,NA
70309022231e12,9,1. Male,7,NA
203020821165e11,5,2. Female,9,NA
100502062279e12,2,2. Female,36,NA
506040221736e11,4,2. Female,18,NA
12040112231e13,3,2. Female,16,NA
302100321292e11,2,2. Female,35,NA
603026412276e11,3,2. Female,17,NA
90203081269e12,3,2. Female,9,NA
902060522692e11,6,1. Male,9,NA
505030611787e11,3,2. Female,17,NA
301070521432e11,4,1. Male,14,NA
603011711896e11,3,1. Male,18,NA
603021712196e11,2,2. Female,54,NA
401020421616e11,3,2. Female,14,NA
120401152311e12,3,1. Male,3,NA
10040301228e13,1,2. Female,48,NA
130202012319e12,3,2. Female,2,NA
130301022324e12,5,2. Female,3,NA
602030911927e11,3,2. Female,8,NA
603012611863e11,4,1. Male,15,NA
90102022264e12,3,2. Female,15,NA
603020611981e11,4,2. Female,0,NA
101060121083e11,7,2. Female,1,NA
303010221306e11,3,1. Male,15,NA
802080222497e11,5,2. Female,11,NA
130509022317e12,6,2. Female,11,NA
605010112024e11,7,1. Male,28,NA
60302591e15,7,2. Female,29,NA
130303012324e12,4,1. Male,5,NA
504030621732e11,5,1. Male,14,NA
603021111969e11,2,2. Female,20,NA
603020912249e11,5,1. Male,18,NA
120308012301e12,5,1. Male,10,NA
103020121052e11,9,2. Female,14,NA
302090611462e11,2,1. Male,24,NA
130508012318e12,4,2. Female,12,NA
702100212292e11,5,1. Male,5,NA
401020321616e11,5,2. Female,17,NA
602050212067e11,5,2. Female,12,NA
101110221069e11,6,1. Male,0,NA
507020321807e11,2,2. Female,49,NA
901050422637e11,4,2. Female,16,NA
120302121297e12,7,2. Female,0,NA
901070222664e11,5,1. Male,21,NA
704070322468e11,6,2. Female,2,NA
110305132289e12,7,1. Male,0,NA
303060221402e11,5,2. Female,5,NA
901030322716e11,3,2. Female,21,NA
605051112057e11,3,1. Male,19,NA
605050612045e11,7,2. Female,12,NA
507080221812e11,1,2. Female,23,NA
702030522456e11,2,2. Female,31,NA
301020221419e11,3,2. Female,9,NA
204080111096e11,7,1. Male,4,NA
903030722694e11,4,2. Female,11,NA
120308112303e12,3,2. Female,16,NA
602020211933e11,3,1. Male,18,NA
130208022321e12,8,2. Female,7,NA
120203042296e12,3,2. Female,16,NA
501020121733e11,3,1. Male,12,NA
702060922332e11,3,2. Female,31,NA
602021711841e11,4,2. Female,23,NA
804030322539e11,8,2. Female,2,NA
104030121015e11,3,1. Male,1,NA
705020422272e11,5,2. Female,0,NA
507050421797e11,7,2. Female,3,NA
130103012314e12,3,2. Female,4,NA
504030321711e11,5,1. Male,6,NA
603024212049e11,1,1. Male,52,NA
30103012143e12,4,1. Male,15,NA
604020222092e11,2,2. Female,60,NA
702050122298e11,6,2. Female,93,NA
201060321101e11,6,2. Female,78,NA
90203042268e12,6,2. Female,6,NA
302020121294e11,3,1. Male,6,NA
703100322251e11,4,1. Male,10,NA
130102052312e12,3,1. Male,0,NA
604020121828e11,7,2. Female,2,NA
301010221375e11,6,2. Female,20,NA
403010621561e11,3,2. Female,6,NA
801050322529e11,7,1. Male,8,NA
403040521473e11,3,2. Female,5,NA
302010911253e11,11,2. Female,8,NA
601050221894e11,2,2. Female,59,NA
505031921715e11,3,1. Male,4,NA
302100321291e11,2,2. Female,53,NA
604010221826e11,6,1. Male,2,NA
505020621769e11,4,2. Female,15,NA
130202042319e12,3,2. Female,1,NA
303080421363e11,4,1. Male,15,NA
603024812149e11,6,1. Male,18,NA
110303042292e12,5,2. Female,5,NA
50403012171e12,6,2. Female,31,NA
305070121336e11,7,2. Female,61,NA
603013611976e11,3,2. Female,28,NA
602021212073e11,7,2. Female,21,NA
903020222681e11,6,2. Female,11,NA
702030422342e11,4,1. Male,10,NA
901080322728e11,5,1. Male,2,NA
504030621732e11,3,1. Male,3,NA
302030821404e11,1,2. Female,40,NA
606070312082e11,3,2. Female,18,NA
603022012216e11,1,2. Female,22,NA
1203030623e14,5,2. Female,4,NA
605010212027e11,5,1. Male,18,NA
606050411912e11,11,2. Female,22,NA
204090121186e11,4,2. Female,9,NA
603040112139e11,3,2. Female,36,NA
130304012322e12,2,2. Female,37,NA
50601032169e12,4,1. Male,8,NA
90203042266e12,4,2. Female,0,NA
303030121396e11,2,1. Male,17,NA
804050222553e11,3,2. Female,4,NA
605060212087e11,3,1. Male,32,NA
702030122345e11,3,1. Male,17,NA
603030411888e11,5,2. Female,21,NA
602030212221e11,7,2. Female,4,NA
603021212153e11,6,2. Female,8,NA
702080322432e11,5,1. Male,6,NA
606060312079e11,6,1. Male,19,NA
404050321515e11,5,2. Female,20,NA
703100422312e11,8,1. Male,5,NA
602041012176e11,8,2. Female,14,NA
130303132317e12,8,1. Male,8,NA
802010222623e11,6,2. Female,67,NA
504040121705e11,4,1. Male,19,NA
603024011976e11,6,2. Female,6,NA
101100511065e11,2,1. Male,12,NA
303050921244e11,5,1. Male,0,NA
502010321727e11,4,1. Male,5,NA
30211062132e12,9,2. Female,67,NA
505010921753e11,8,2. Female,2,NA
302070321314e11,4,2. Female,12,NA
605060312016e11,11,2. Female,15,NA
302060421254e11,3,2. Female,18,NA
201020421123e11,4,1. Male,10,NA
120307032302e12,4,2. Female,1,NA
603026611966e11,2,2. Female,33,NA
120401062309e12,2,2. Female,25,NA
110305142293e12,8,1. Male,2,NA
130301022324e12,13,2. Female,10,NA
30608032144e12,5,1. Male,1,NA
902030222758e11,9,1. Male,2,NA
110308012288e12,4,1. Male,13,NA
603014012192e11,10,2. Female,74,NA
602031011924e11,8,1. Male,20,NA
703050422301e11,5,1. Male,13,NA
701010522258e11,12,1. Male,1,NA
110305052289e12,10,1. Male,17,NA
404060121516e11,2,1. Male,25,NA
204010821094e11,7,2. Female,2,NA
110409022287e12,6,1. Male,3,NA
702061212336e11,5,1. Male,6,NA
902030422714e11,5,2. Female,12,NA
505040121782e11,6,1. Male,3,NA
40304012147e12,3,2. Female,18,NA
90203081269e12,6,2. Female,0,NA
603024912193e11,12,1. Male,21,NA
302100321291e11,4,2. Female,22,NA
406070621603e11,2,2. Female,20,NA
11030506229e13,2,2. Female,76,NA
703030322403e11,6,1. Male,17,NA
306010121446e11,5,1. Male,6,NA
602041012176e11,10,1. Male,3,NA
801030222535e11,4,1. Male,15,NA
402010221544e11,5,1. Male,7,NA
603013911983e11,2,2. Female,30,NA
1.0408022104500001e+22,3,2. Female,3,NA
602041411922e11,4,2. Female,20,NA
603022012124e11,1,1. Male,47,NA
903060722722e11,5,2. Female,6,NA
110101012293e12,5,2. Female,4,NA
603025012267e11,6,1. Male,22,NA
301020521427e11,9,2. Female,7,NA
120302232301e12,5,1. Male,6,NA
204080311205e11,11,1. Male,24,NA
702070622451e11,4,2. Female,7,NA
406030211571e11,3,2. Female,3,NA
403030121478e11,6,2. Female,2,NA
203020121147e11,9,1. Male,1,NA
304120221356e11,2,2. Female,49,NA
130509052325e12,7,2. Female,13,NA
306010321258e11,5,2. Female,14,NA
702050122297e11,5,1. Male,16,NA
603030912272e11,4,2. Female,21,NA
507060121805e11,3,1. Male,15,NA
606070612101e11,4,1. Male,19,NA
603031011887e11,12,1. Male,1,NA
302091111309e11,7,2. Female,15,NA
130206012318e12,3,2. Female,25,NA
705030422453e11,4,1. Male,9,NA
201010411092e11,4,1. Male,2,NA
704061022378e11,7,1. Male,4,NA
101050121019e11,3,2. Female,22,NA
705040322267e11,7,1. Male,5,NA
130101032313e12,5,1. Male,4,NA
702061522335e11,3,2. Female,9,NA
605051321992e11,4,2. Female,15,NA
704030222459e11,4,1. Male,11,NA
306050121443e11,4,1. Male,6,NA
100306012277e12,3,2. Female,10,NA
505020521776e11,5,2. Female,20,NA
305030321276e11,2,2. Female,42,NA
602022212186e11,5,1. Male,21,NA
704050422374e11,3,1. Male,13,NA
302090611463e11,2,2. Female,38,NA
703060222314e11,9,1. Male,6,NA
602061321879e11,10,1. Male,14,NA
110301012288e12,5,1. Male,11,NA
605050512058e11,7,2. Female,66,NA
6030401122e13,5,2. Female,10,NA
705090322451e11,4,1. Male,16,NA
120302031298e12,8,2. Female,25,NA
702030422342e11,10,1. Male,7,NA
603021412052e11,3,1. Male,7,NA
606071122117e11,2,2. Female,68,NA
903070322674e11,8,2. Female,73,NA
201011021092e11,3,2. Female,1,NA
